source,text,ref,new
"דברים ו, ד–ט:","[""שְׁמַע יִשְׂרָאֵל ה' אֱלֹהֵינוּ ה' אֶחָד: וְאָהַבְתָּ אֵת ה' אֱלֹהֶיךָ בְּכָל לְבָבְךָ וּבְכָל נַפְשְׁךָ וּבְכָל מְאֹדֶךָ: וְהָיוּ הַדְּבָרִים הָאֵלֶּה אֲשֶׁר אָנֹכִי מְצַוְּךָ הַיּוֹם עַל לְבָבֶךָ: וְשִׁנַּנְתָּם לְבָנֶיךָ וְדִבַּרְתָּ בָּם בְּשִׁבְתְּךָ בְּבֵיתֶךָ וּבְלֶכְתְּךָ בַדֶּרֶךְ וּבְשָׁכְבְּךָ וּבְקוּמֶךָ: וּקְשַׁרְתָּם לְאוֹת עַל יָדֶךָ וְהָיוּ לְטֹטָפֹת בֵּין עֵינֶיךָ: וּכְתַבְתָּם עַל מְזֻזוֹת בֵּיתֶךָ וּבִשְׁעָרֶיךָ:""]",Deuteronomy 6:4,
"שם יא, יג–כא:","[""וְהָיָה אִם שָׁמֹעַ תִּשְׁמְעוּ אֶל מִצְוֹתַי אֲשֶׁר אָנֹכִי מְצַוֶּה אֶתְכֶם הַיּוֹם לְאַהֲבָה אֶת ה' אֱלֹהֵיכֶם וּלְעָבְדוֹ בְּכָל לְבַבְכֶם וּבְכָל נַפְשְׁכֶם: וְנָתַתִּי מְטַר אַרְצְכֶם בְּעִתּוֹ יוֹרֶה וּמַלְקוֹשׁ וְאָסַפְתָּ דְגָנֶךָ וְתִירֹשְׁךָ וְיִצְהָרֶךָ: וְנָתַתִּי עֵשֶׂב בְּשָׂדְךָ לִבְהֶמְתֶּךָ וְאָכַלְתָּ וְשָׂבָעְתָּ: הִשָּׁמְרוּ לָכֶם פֶּן יִפְתֶּה לְבַבְכֶם וְסַרְתֶּם וַעֲבַדְתֶּם אֱלֹהִים אֲחֵרִים וְהִשְׁתַּחֲוִיתֶם לָהֶם: וְחָרָה אַף ה' בָּכֶם וְעָצַר אֶת הַשָּׁמַיִם וְלֹא יִהְיֶה מָטָר וְהָאֲדָמָה לֹא תִתֵּן אֶת יְבוּלָהּ וַאֲבַדְתֶּם מְהֵרָה מֵעַל הָאָרֶץ הַטֹּבָה אֲשֶׁר ה' נֹתֵן לָכֶם: וְשַׂמְתֶּם אֶת דְּבָרַי אֵלֶּה עַל לְבַבְכֶם וְעַל נַפְשְׁכֶם וּקְשַׁרְתֶּם אֹתָם לְאוֹת עַל יֶדְכֶם וְהָיוּ לְטוֹטָפֹת בֵּין עֵינֵיכֶם: וְלִמַּדְתֶּם אֹתָם אֶת בְּנֵיכֶם לְדַבֵּר בָּם בְּשִׁבְתְּךָ בְּבֵיתֶךָ וּבְלֶכְתְּךָ בַדֶּרֶךְ וּבְשָׁכְבְּךָ וּבְקוּמֶךָ: וּכְתַבְתָּם עַל מְזוּזוֹת בֵּיתֶךָ וּבִשְׁעָרֶיךָ: לְמַעַן יִרְבּוּ יְמֵיכֶם וִימֵי בְנֵיכֶם עַל הָאֲדָמָה אֲשֶׁר נִשְׁבַּע ה' לַאֲבֹתֵיכֶם לָתֵת לָהֶם כִּימֵי הַשָּׁמַיִם עַל הָאָרֶץ:""]",Deuteronomy 11:13-21,
"ברכות יג ע""א–ע""ב:","['תנו רבנן: והיו - שלא יקרא למפרע. הדברים על לבבך, יכול תהא כל הפרשה צריכה כוונה, תלמוד לומר: האלה - עד כאן צריכה כוונה, מכאן ואילך אין צריכה כוונה, דברי רבי אליעזר, אמר ליה רבי עקיבא: הרי הוא אומר אשר אנכי מצוך היום על לבבך - מכאן אתה למד שכל הפרשה כולה צריכה כוונה. אמר רבה בר בר חנה אמר רבי יוחנן: הלכה כרבי עקיבא. איכא דמתני לה אהא, דתניא: הקורא את שמע צריך שיכוין את לבו; רבי אחא משום רבי יהודה אומר: כיון שכוון לבו בפרק ראשון - שוב אינו צריך. אמר רבה בר בר חנה אמר רבי יוחנן: הלכה כרבי אחא שאמר משום רבי יהודה.', 'תניא אידך: והיו - שלא יקרא למפרע, על לבבך - רב זוטרא אומר: עד כאן - מצות כוונה, מכאן ואילך - מצות קריאה; רבי יאשיה אומר: עד כאן - מצות קריאה, מכאן ואילך - מצות כוונה. מאי שנא מכאן ואילך מצות קריאה - דכתיב לדבר בם, הכא נמי הא כתיב ודברת בם! הכי קאמר: עד כאן - מצות כוונה וקריאה, מכאן ואילך - קריאה בלא כוונה. ומאי שנא עד כאן מצות כוונה וקריאה - דכתיב על לבבך, ודברת בם, התם נמי הא כתיב על לבבכם, לדבר בם! ההוא מבעי ליה לכדרבי יצחק, דאמר: ושמתם את דברי אלה - צריכה שתהא שימה כנגד הלב. אמר מר, רבי יאשיה אומר: עד כאן - מצות קריאה, מכאן ואילך - מצות כוונה. מאי שנא מכאן ואילך מצות כוונה - משום דכתיב על לבבכם - הכא נמי הא כתיב על לבבך! הכי קאמר: עד כאן - מצות קריאה וכוונה, מכאן ואילך - כוונה בלא קריאה. ומאי שנא עד כאן מצות קריאה וכוונה - דכתיב על לבבך ודברת בם - התם נמי הא כתיב על לבבכם לדבר בם! ההוא בדברי תורה כתיב, והכי קאמר רחמנא: אגמירו בנייכו תורה כי היכי דליגרסו בהו.']",Berakhot 13,
"ברכות כא ע""א:","['אמר רב יהודה ספק קרא קריאת שמע ספק לא קרא - אינו חוזר וקורא, ספק אמר אמת ויציב, ספק לא אמר - חוזר ואומר אמת ויציב. מאי טעמא? קריאת שמע דרבנן, אמת ויציב דאורייתא. מתיב רב יוסף: ובשכבך ובקומך? אמר ליה אביי: ההוא בדברי תורה כתיב.']",Berakhot 21a,
"סוטה לב ע""ב:","['קרית שמע. מנלן? דכתיב: שמע ישראל, בכל לשון שאתה שומע. תנו רבנן: קרית שמע ככתבה, דברי רבי, וחכמים אומרים: בכל לשון. מאי טעמא דרבי? אמר קרא: והיו, בהווייתן יהו. ורבנן? אמר קרא: שמע, בכל לשון שאתה שומע. ורבנן נמי הא כתיב והיו! ההוא, שלא יקראנה למפרע. ורבי, שלא יקראנה למפרע מנליה? נפקא ליה מדברים הדברים. ורבנן? דברים הדברים לא משמע להו. ורבי נמי הכתיב שמע! ההוא מיבעי ליה: להשמיע לאזניך מה שאתה מוציא מפיך. ורבנן? סברי לה כמאן דאמר: הקורא את שמע ולא השמיע לאזנו - יצא.']",Sotah 32b,
"תוספות ברכות יג ע""א ד""ה 'עד כאן':","[""עד כאן מצות כוונה – עד בכל מאדך, ששני פסוקים אלו מדברים ביחוד ה' באהבתו וביראתו.""]",Tosafot on Berakhot 13a:36:1,
"שיטה מקובצת ברכות כא ע""א ד""ה 'ההוא בדברי':","['ההוא בדברי תורה כתיב. פירוש, שלא אמרה תורה מקריאת שמע דוקא, אלא שיקרא בתורה בכל מקום שירצה. ומה שאנו קורין זו הפרשה דוקא אינו אלא מדרבנן. ומאי דמוכחי כולהו תנאי לעיל מהאי קרא חיוב קריאת שמע, קסבר שמואל דאסמכתא בעלמא הוא.']",Shita Mekubetzet on Berakhot 21a:8:1,
"ברכות יג ע""א, במשנה (פ""ב מ""ב):","['אמר רבי יהושע בן קרחה: למה קדמה פרשת שמע לוהיה אם שמוע - כדי שיקבל עליו עול מלכות שמים תחלה, ואחר כך מקבל עליו עול מצות; והיה אם שמוע לויאמר - שוהיה אם שמוע נוהג בין ביום ובין בלילה, ויאמר אינו נוהג אלא ביום בלבד.']",Berakhot 13a,
"שם יד ע""ב:","[""אמר רבי יהושע בן קרחה, למה קדמה פרשת שמע וכו'. תניא, רבי שמעון בן יוחי אומר: בדין הוא שיקדים שמע לוהיה אם שמוע - שזה ללמוד וזה ללמד; והיה אם שמוע לויאמר - שזה ללמוד וזה לעשות. אטו שמע, ללמוד אית ביה, ללמד ולעשות לית ביה? והא כתיב: ושננתם, וקשרתם, וכתבתם! ותו, והיה אם שמוע, ללמד הוא דאית ביה, ולעשות לית ביה? והא כתיב: וקשרתם, וכתבתם! אלא הכי קאמר: בדין הוא שתקדם שמע לוהיה אם שמוע - שזה ללמוד וללמד ולעשות, והיה אם שמוע לויאמר - שזה יש בה ללמד ולעשות, ויאמר - אין בה אלא לעשות בלבד. ותיפוק ליה מדרבי יהושע בן קרחה! חדא ועוד קאמר; חדא - כדי שיקבל עליו עול מלכות שמים תחלה ואחר כך יקבל עליו עול מצות, ועוד - משום דאית בה הני מילי אחרנייתא.""]",,
ספר החינוך מצווה תכ (מצוות קריאת שמע שחרית וערבית):,"['מדיני המצוה מה שאמרו זכרונם לברכה שחיוב פסוק ראשון מן הפרשה הוא מן התורה כמו שאמרנו, אבל חכמים חייבונו לקרות שלש פרשיות, שהן שמע, והיה אם שמוע, ויאמר. ומקדימין לקרות פרשת שמע שיש בה ציווי על יחוד השם יתברך ואהבתו ותלמוד תורתו שהוא העיקר הגדול שהכל תלוי בו, ואחריה והיה אם שמוע שיש בה ציווי על שאר המצוות כולן, ואחריה פרשת ציצית שגם היא יש בה ציווי על זכירת כל המצוות. ואם כן באמת בהיות האדם זוכר אלה בכל יום פעם אחת, ובכל לילה פעם אחרת בכוונה, ינצל מן העבירה על כל פנים אם יש דעת בו.']",,Sefer HaChinukh 420
מנחת חינוך שם:,"['דינים אלו מבוארים בר""מ הלכות קריאת שמע ובטור ושו""ע או""ח בהלכות ק""ש באריכות, וכבר ידעת דדבר הנוהג והאריכו הראשונים ואחרונים אין דרכי להאריך. ויש הרבה שיטות בזה, דיש סוברים דפרשה ראשונה הוא מן התורה ויש סוברים דשני הפרשיות הן מן התורה, ויש סוברים דפסוק ראשון הוא מן התורה ויש סוברים דקריאת שמע מדרבנן, ודעת הרבה אף דסוברים קריאת שמע דרבנן, היינו דפרשיות אלו הם מדרבנן, אבל מן התורה צריך לקרות איזה פרשה בבוקר ובערב ויוצאין, רק דחז""ל תיקנו פרשיות אלו, עיין בראשונים ובספר פרי חדש ובספר שו""ת שאגת אריה דהאריכו בזה הרבה, דבש מצאת וכו\', ואין להאריך במקום שהאריכו בו הראשונים והאחרונים.']",,Minchat Chinuch 420
"ברכות יג ע""א:","[""מתני'. היה קורא בתורה והגיע זמן המקרא, אם כוון לבו – יצא [...]"", ""גמ'. שמע מינה: מצות צריכות כוונה! מאי אם כוון לבו - לקרות. לקרות? והא קא קרי! בקורא להגיה.""]",Berakhot 13a,
"שם ע""א–ע""ב:","['יכול תהא כל הפרשה צריכה כוונה? תלמוד לומר: האלה - עד כאן צריכה כוונה, מכאן ואילך אין צריכה כוונה, דברי רבי אליעזר, אמר ליה רבי עקיבא: הרי הוא אומר אשר אנכי מצוך היום על לבבך - מכאן אתה למד שכל הפרשה כולה צריכה כוונה. אמר רבה בר בר חנה אמר רבי יוחנן: הלכה כרבי עקיבא. איכא דמתני לה אהא, דתניא: הקורא את שמע צריך שיכוין את לבו; רבי אחא משום רבי יהודה אומר: כיון שכוון לבו בפרק ראשון - שוב אינו צריך. אמר רבה בר בר חנה אמר רבי יוחנן: הלכה כרבי אחא שאמר משום רבי יהודה.', 'תניא אידך: והיו - שלא יקרא למפרע, על לבבך - רב זוטרא אומר: עד כאן - מצות כוונה, מכאן ואילך - מצות קריאה; רבי יאשיה אומר: עד כאן - מצות קריאה, מכאן ואילך - מצות כוונה. מאי שנא מכאן ואילך מצות קריאה - דכתיב לדבר בם, הכא נמי הא כתיב ודברת בם! הכי קאמר: עד כאן - מצות כוונה וקריאה, מכאן ואילך - קריאה בלא כוונה. ומאי שנא עד כאן מצות כוונה וקריאה - דכתיב על לבבך, ודברת בם, התם נמי הא כתיב על לבבכם, לדבר בם! ההוא מבעי ליה לכדרבי יצחק, דאמר: ושמתם את דברי אלה - צריכה שתהא שימה כנגד הלב. אמר מר, רבי יאשיה אומר: עד כאן - מצות קריאה, מכאן ואילך - מצות כוונה. מאי שנא מכאן ואילך מצות כוונה - משום דכתיב על לבבכם - הכא נמי הא כתיב על לבבך! הכי קאמר: עד כאן - מצות קריאה וכוונה, מכאן ואילך - כוונה בלא קריאה. ומאי שנא עד כאן מצות קריאה וכוונה - דכתיב על לבבך ודברת בם - התם נמי הא כתיב על לבבכם לדבר בם! ההוא בדברי תורה כתיב, והכי קאמר רחמנא: אגמירו בנייכו תורה כי היכי דליגרסו בהו.', ""תנו רבנן: שמע ישראל ה' אלהינו ה' אחד - עד כאן צריכה כוונת הלב, דברי רבי מאיר. אמר רבא: הלכה כרבי מאיר.""]",,
"חידושי הרשב""א שם ד""ה 'שמע':","['ואפשר לי לומר עוד דפסוק ראשון צריך כוונה ואפילו בדיעבד ואין דבר זה תלוי באידך דמצות צריכות כוונה דהתם בכוונה לצאת הדברים אמורים אבל כאן צריך כוונת הענין כלומר שלא יהרהר בדברים אחרים כדי שיקבל עליו מלכות שמים בהסכמת הלב, וכענין שאמרו ג""כ בברכה ראשונה של תפלה בשלהי פ\' אין עומדין (לד ע""ב), והטעם שבשאר מצות שהן מצות עשה כל שעשה מצותו אף על פי שלא נתכוין לה הרי קיים מצותו אלא שאין זה מן המובחר, וכ""ש שיצא אם כיון לצאת אף על פי שהרהר באמצע המצוה, אבל אלו שהן קבלת מלכות שמים או סדור שבחים אינו בדין שיהא לבבו פונה לדברים אחרים, וזו היא שחלקו בין ברכה ראשונה לשאר הברכות או בין פסוק ראשון לשאר שאם הדברים תלוין במצות צריכות כונה או אין צריכות מה לי ברכה ראשונה מה לי שאר הברכות, וזה נראה יותר וזה דרך האמת.']",,
"מלחמת ה' לרמב""ן, ראש השנה ז ע""א (מדפי הרי""ף) ד""ה 'ועוד לפום סוגיא':","['ולפי הנראה יש ראיה דמצות צריכות כוונה מדקי""ל גבי ק""ש דבפסוק ראשון צריכה כוונה כדפסק רבה בדוכתא ואילו למ""ד מצות אין צריכות כוונה אפי\' פסוק ראשון נמי לא בעי כוונה ממאי מדאקשינן ממתני\' דהיה קורא מאי לאו אם כוון לבו לצאת וש""מ מצות צריכות כוונה ומאי קושיא לימא מאי כוון לבו בפסוק ראשון או בפרק ראשון אלא ש""מ למ""ד מצות אינן צריכות כוונה אף פסוק ראשון אינו צריך כוונה כמגילה ושופר ושאר כל המצות כק""ש ותנאי היא ועיקר קושיין מסתם מתני\' והוה מצינן למימר הא נמי חד מהנהו תנאי היא א""נ רב אחא היא דאמר כולה צריכה כוונת הלב הלכך מדקי""ל בפסוק ראשון צריך כוונת הלב ש""מ מצות צריכות כוונה ואם תשאל כיון דמצות צריכות כוונה כולה נמי ליבעי כוונה זו אינה שאלה שעיקר ק""ש פסוק ראשון ובו יוצא ידי חובתו כדאמרי\' עלה התם שמע ישראל ה\' אלהינו ה\' אחד זו היא ק""ש של ר""י הנשיא ואיתמר נמי התם אמר שמע ישראל ה\' אלהינו ה\' אחד ונאנס יצא אלמא אף מצות קריאה בדיעבד ליתא אלא בפסוק ראשון ומש""ה צריך כוונת הלב כשאר כל המצות שצריכות כוונה ומאן דמפרש תרי גווני בכוונה לא צהיר לפום גמרא ולא חוור.']",,
"שולחן ערוך או""ח סג, ד:","['עיקר הכוונה הוא בפסוק ראשון, הלכך אם קרא ולא כוון לבו בפסוק ראשון, לא יצא י""ח וחוזר וקורא. ואפי\' למ""ד מצות אינן צריכות כוונה, מודה הכא.']","Shulchan Arukh, Orach Chayim 63:4",
"ביאור הלכה שם ד""ה 'וחוזר וקורא':","['וחוזר וקורא – עיין בפרי מגדים דמסתפק אם הוא מדאורייתא או מדרבנן.', '<small>[פרי מגדים משבצות זהב: וי""ל אם מן התורה חוזר וקורא כי בעינן כוונת הלב מן התורה, או מדרבנן, ונפקא מינה בספק לו אם כיון לבו או לאו. והברכות וודאי אין חוזר ואומרם, דמה שייאטיה דברכות לכאן, ועיין אליה רבה אות ז, ולא הבינותיו כעת. וממגן אברהם קא, א משמע דבקריאת שמע כוונה ג""כ דרבנן, ועיין אליה רבה כאן אות ז, וצ""ע.]</small>']",,
"ברכות טו ע""א, במשנה (פ""ב מ""ג):",['הקורא את שמע ולא השמיע לאזנו - יצא; רבי יוסי אומר: לא יצא.'],Berakhot 15a,
"שם כ ע""ב:","[""מתני'. בעל קרי מהרהר בלבו ואינו מברך לא לפניה ולא לאחריה; ועל המזון מברך לאחריו ואינו מברך לפניו. רבי יהודה אומר: מברך לפניהם ולאחריהם."", ""גמ'. אמר רבינא, זאת אומרת: הרהור כדבור דמי. דאי סלקא דעתך לאו כדבור דמי, למה מהרהר? - אלא מאי הרהור כדבור דמי, יוציא בשפתיו! - כדאשכחן בסיני. ורב חסדא אמר: הרהור לאו כדבור דמי. דאי סלקא דעתך הרהור כדבור דמי - יוציא בשפתיו! - אלא מאי - הרהור לאו כדבור דמי, למה מהרהר? - אמר רבי אלעזר: כדי שלא יהו כל העולם עוסקין בו והוא יושב ובטל. - ונגרוס בפרקא אחרינא ! - אמר רב אדא בר אהבה: בדבר שהצבור עוסקין בו.""]",Berakhot 20b,
"שולחן ערוך או""ח סב, ג–ד:","['צריך להשמיע לאזנו מה שמוציא בפיו, ואם לא השמיע לאזנו, יצא ובלבד שיוציא בשפתיו.', 'אם מחמת חולי או אונס אחר קרא ק""ש בלבו, יצא. הגה: ואף לכתחלה יעשה כן אם הוא במקום שאינו נקי לגמרי ואינו יכול לנקותו משום אונס, יהרהר בלבו. ובלבד שלא יהא מקום מטונף לגמרי דאסור להרהר בדברי תורה במקום הטנופת (ב""י סי\' כה).']","Shulchan Arukh, Orach Chayim 62:3-4",
"ביאור הלכה שם ד""ה 'יצא':","['רצה לצדד ולומר דהמחבר פוסק כמ""ד מדאוריי\' הרהור כדיבור דמי בב""י בסימן זה ובסימן פה ובסימן קפה לא משמע כן וכן מוכח מביאור הגר""א דהמחבר בעצמו סובר הרהור לאו כדיבור דמי ובאמת בעיקר הדין אי הרהור כדבור דמי או לא אין ראוי להסתפק בזה אחרי דדעת רוב הראשונים וכמעט כולם נוטים דלאו כדיבור דמי הלא המה הר""ח והאשכול והרבינו יונה והרא""ש והאור זרוע והראב""ד והמרדכי והטור והרבינו ירוחם והשו""ע כלם פסקו דהרהור לאו כדיבור דמי וכן מוכח ג""כ דעת רש""י בברכות דף טו ע""ב בד""ה \'בלבו\' שלא השמיע לאזנו משמע אבל בהרהור לא וכדפירש הרא""ש ורבינו יונה ושאר הראשונים בברייתא זו וכן המאור בפרק מי שמתו מפרש לברייתא זו כן [רק שראיתי חידוש בדבריו דמשמע מניה קצת שם דהוא פוסק כרב חסדא רק משום דהוא ספיקא דאורייתא א""כ לדידיה בשאר ברכות אם ברך ע""י הרהור יוצא בדיעבד ומשאר פוסקים דכתבו סתמא דהלכה כר""ח מכח ההיא סוגיא דשבת קנ לא משמע כן גם הוא בעצמו כתב שם לבסוף דרב חסדא עדיפא מכח ההיא סוגיא משמע דלא ברירא ליה דעתו בזה גם מטור ושו""ע לקמן בסימן רו משמע דה""ה בשאר ברכות דרבנן] וכן הא""ר כתב דכל הפוסקים שראה כולם סוברים דהרהור לאו כדיבור דמי לבד מהרמב""ם והסמ""ג שסוברין דברכות אפילו בהמ""ז שהוא דאורייתא הרהור כדיבור דמי בדיעבד וריא""ז מפריז על המדה דאפילו בק""ש הרהור כדבור דמי.']",,
"שולחן ערוך או""ח מז, ד:","['המהרהר בדברי תורה, אינו צריך לברך. הגה: וה""ה דיכול לפסוק דין בלא נתינת טעם לדבריו (ר""ן פ""ק דשבת ופ\' כל הצלמים כתב דהוי כהרהור).']","Shulchan Arukh, Orach Chayim 47:4",
"ביאור הלכה שם ד""ה 'המהרהר':","['עיין בביאור הגר""א שמקשה ע""ז דהלא הרהור בתורה הוא ג""כ מצוה כדכתיב והגית בו יומם ולילה ובנשמת אדם רוצה לדחות הקושיא ועיין בבנין עולם שמשיג על הנ""א ומסכים להגר""א. אמנם מה דמשמע שם מיניה דלהגר""א הרהור בתורה הוא כדבור ממש ומחמת זה כתב שם דמה שכתב הרמ""א בסימן סח דמי שלומד ע""י הרהור וכו\' לית ביה איסורא וכו\' הוא אזיל לשיטתו בכאן דמסכים בהג""ה להמחבר דאפילו בתורה הרהור לאו כדיבור דמי משא""כ לשיטת הגר""א יהיה איסורא אפילו ע""י הרהור דחשיב הפסק בברכות ק""ש ולענ""ד לא כיון יפה דגם הגר""א מודה דאפילו בתורה הרהור לאו כדיבור אלא דס""ל דגם ההרהור הוא מצוה כדכתיב והגית בו יומם ולילה וכ""מ לשונו להמעיין בו היטב.']",,
"פני יהושע ברכות יג ע""ב ד""ה 'בגמ' עד רבי יאשיה':","['בגמרא עד רבי יאשיה אמר עד כאן מצות קריאה. ופרש""י עד כאן היינו פרק ראשון. מה שהוצרך רש""י לפרש כן בדברי רבי יאשיה טפי מדמר זוטרא היינו משום דדברי רבי יאשיה על כרחך אי אפשר לפרש בענין אחר דבין למאי דס""ד מעיקרא בין למסקנא מכאן ואילך על כרחך אפרשה שניה קאי דכתיב על לבבכם לדבר בם משא""כ במילתא דמר זוטרא נהי למאי דס""ד מעיקרא נמי על כרחך אפרשה ראשונה קאי משום ודברת בם מכל מקום למסקנא דמסיק עד כאן מצות כוונה וקריאה שפיר מצינו למימר דעד כאן היינו שני פסוקים דפרשה ראשונה ממש והיינו כדברי ר""א בברייתא לעיל וכפי\' התוס\' לפי שהם תלוים בייחודו באהבתו וביראתו, מיהו בענין הך כוונה דרבי יאשיה לא ידענא מה טיבו כיון שאינו תלוי בייחוד השם, ואפשר דסבירא ליה כיון דבדברי תורה כתיב הרהור כדיבור דמי כמו שאפרש לקמן בעזרת האל או שענינה שלא יסיח דעתו תמיד מתורה ולהגות בה כפי יכולתו וללמדו עם בניו לכשיגיעו לכלל הזה.']",,
"ברכות טו ע""א, במשנה (פ""ב מ""ג):","['קרא ולא דקדק באותיותיה, רבי יוסי אומר: יצא, רבי יהודה אומר: לא יצא.']",Berakhot 15a,
"בית יוסף או""ח סא, כב:","['וה""ר דוד קמחי כתב שבכל עת שיקרא אדם בתורה נביאים וכתובים צריך ליזהר אבל הזהירו בק""ש והוא הדין לכל קריאה. ומה שהזהירו בק""ש הוא לשתי עילות, האחת מפני שיש באותם הפרשיות יחוד השם וקבלת עול מלכות שמים, והאחרת שכל ישראל קוראים אותם פעמים ביום, חכמים ועמי הארץ, לפיכך היו צריכים להזהיר עליהם מפני עמי הארץ שאינם בקיאים בקריאה, עכ""ל.']","Beit Yosef, Orach Chayim 61:22",
"שם סא, כד:","['כד כתב ה""ר יונה שצריך לקרותה בטעמיה וכו\'. בפרק היה קורא (ח ע""ב ד""ה \'אומרים\') כתב: ולא היו מפסיקין כלומר שלא היו קורים אותה בנחת עם הטעמים שלה כמו שאנו נוהגים היום שמצות ק""ש הוא לקרותה עם הטעמים שלה ע""כ וסובר רבינו דבטעמים הכתובים בתורה קאמר ואפשר דלא בעי שיקראנה בטעמים הכתובים בתורה ומה שאמר צריך שיקראנה בטעמים היינו לומר שיפסוק במקום שראוי לפסוק כדי שיהא טעם והבנה לדבריו והכי דייק מה שכתב שלא היו קורין אותה בנחת עם הטעמים שלה שכשאין אדם קורא בנחת לפעמים משתנה הבנת דבריו ועוד יש לדייק כן ממה שכתב כמו שאנו נוהגים היום ולא ראינו ולא שמענו שום מקום שנוהגים לקרותה בטעמיה הכתובים בתורה אלא שעכשיו מקרוב נהגו קצת חזנים לקרותה בטעמיה הכתובים בתורה וכן ראוי לנהוג מאחר שרבינו מפרש כן.']",,
"ב""ח או""ח ע, א:","['נשים ועבדים פטורין מק""ש. משנה פרק מי שמתו (דף כ ע""א) ומפרש בגמרא ק""ש פשיטא מצות עשה שהזמן גרמא היא וכל מצות עשה שהזמן גרמא נשים פטורות מהו דתימא הואיל ואית בה מלכות שמים קמ""ל פירוש הואיל ועל כל פנים נשים ועבדים חייבים לקבל עליהם יחוד מלכות שמים שכתוב בפסוק ראשון ליתחייבו נמי בקריאת כל שלשה פרשיות קמ""ל. שמעינן דאע""פ דפטורים מקריאת כל השלשה פרשיות מכל מקום חייבים הם בקבלת יחוד השם עליהם ולקרות פסוק ראשון וכן כתב ב""י בשם ספר אהל מועד ומסוגיא זו למד כך והכי נקטינן וכך יש להורות לנשים.']","Bach, Orach Chayim 70:1",
"שם ד, ט–י:","[""רַק הִשָּׁמֶר לְךָ וּשְׁמֹר נַפְשְׁךָ מְאֹד פֶּן תִּשְׁכַּח אֶת הַדְּבָרִים אֲשֶׁר רָאוּ עֵינֶיךָ וּפֶן יָסוּרוּ מִלְּבָבְךָ כֹּל יְמֵי חַיֶּיךָ וְהוֹדַעְתָּם לְבָנֶיךָ וְלִבְנֵי בָנֶיךָ: יוֹם אֲשֶׁר עָמַדְתָּ לִפְנֵי ה' אֱלֹהֶיךָ בְּחֹרֵב בֶּאֱמֹר ה' אֵלַי הַקְהֶל לִי אֶת הָעָם וְאַשְׁמִעֵם אֶת דְּבָרָי אֲשֶׁר יִלְמְדוּן לְיִרְאָה אֹתִי כָּל הַיָּמִים אֲשֶׁר הֵם חַיִּים עַל הָאֲדָמָה וְאֶת בְּנֵיהֶם יְלַמֵּדוּן:""]",,Deuteronomy 4:9-10
"שם יז, יח–כ:","[""וְהָיָה כְשִׁבְתּוֹ עַל כִּסֵּא מַמְלַכְתּוֹ וְכָתַב לוֹ אֶת מִשְׁנֵה הַתּוֹרָה הַזֹּאת עַל סֵפֶר מִלִּפְנֵי הַכֹּהֲנִים הַלְוִיִּם: וְהָיְתָה עִמּוֹ וְקָרָא בוֹ כָּל יְמֵי חַיָּיו לְמַעַן יִלְמַד לְיִרְאָה אֶת ה' אֱלֹהָיו לִשְׁמֹר אֶת כָּל דִּבְרֵי הַתּוֹרָה הַזֹּאת וְאֶת הַחֻקִּים הָאֵלֶּה לַעֲשֹׂתָם: לְבִלְתִּי רוּם לְבָבוֹ מֵאֶחָיו וּלְבִלְתִּי סוּר מִן הַמִּצְוָה יָמִין וּשְׂמֹאול לְמַעַן יַאֲרִיךְ יָמִים עַל""]",,Deuteronomy 17:18-20
"יהושע א, א–ט:","[""וַיְהִי אַחֲרֵי מוֹת מֹשֶׁה עֶבֶד ה' וַיֹּאמֶר ה' אֶל יְהוֹשֻׁעַ בִּן נוּן מְשָׁרֵת מֹשֶׁה לֵאמֹר: מֹשֶׁה עַבְדִּי מֵת וְעַתָּה קוּם עֲבֹר אֶת הַיַּרְדֵּן הַזֶּה אַתָּה וְכָל הָעָם הַזֶּה אֶל הָאָרֶץ אֲשֶׁר אָנֹכִי נֹתֵן לָהֶם לִבְנֵי יִשְׂרָאֵל: כָּל מָקוֹם אֲשֶׁר תִּדְרֹךְ כַּף רַגְלְכֶם בּוֹ לָכֶם נְתַתִּיו כַּאֲשֶׁר דִּבַּרְתִּי אֶל מֹשֶׁה: מֵהַמִּדְבָּר וְהַלְּבָנוֹן הַזֶּה וְעַד הַנָּהָר הַגָּדוֹל נְהַר פְּרָת כֹּל אֶרֶץ הַחִתִּים וְעַד הַיָּם הַגָּדוֹל מְבוֹא הַשָּׁמֶשׁ יִהְיֶה גְּבוּלְכֶם: לֹא יִתְיַצֵּב אִישׁ לְפָנֶיךָ כֹּל יְמֵי חַיֶּיךָ כַּאֲשֶׁר הָיִיתִי עִם מֹשֶׁה אֶהְיֶה עִמָּךְ לֹא אַרְפְּךָ וְלֹא אֶעֶזְבֶךָּ: חֲזַק וֶאֱמָץ כִּי אַתָּה תַּנְחִיל אֶת הָעָם הַזֶּה אֶת הָאָרֶץ אֲשֶׁר נִשְׁבַּעְתִּי לַאֲבוֹתָם לָתֵת לָהֶם: רַק חֲזַק וֶאֱמַץ מְאֹד לִשְׁמֹר לַעֲשׂוֹת כְּכָל הַתּוֹרָה אֲשֶׁר צִוְּךָ מֹשֶׁה עַבְדִּי אַל תָּסוּר מִמֶּנּוּ יָמִין וּשְׂמֹאול לְמַעַן תַּשְׂכִּיל בְּכֹל אֲשֶׁר תֵּלֵךְ: לֹא יָמוּשׁ סֵפֶר הַתּוֹרָה הַזֶּה מִפִּיךָ וְהָגִיתָ בּוֹ יוֹמָם וָלַיְלָה לְמַעַן תִּשְׁמֹר לַעֲשׂוֹת כְּכָל הַכָּתוּב בּוֹ כִּי אָז תַּצְלִיחַ אֶת דְּרָכֶךָ וְאָז תַּשְׂכִּיל: הֲלוֹא צִוִּיתִיךָ חֲזַק וֶאֱמָץ אַל תַּעֲרֹץ וְאַל תֵּחָת כִּי עִמְּךָ ה' אֱלֹהֶיךָ בְּכֹל אֲשֶׁר תֵּלֵךְ:""]",Joshua 1:1,
"דברים ה, א:",['וַיִּקְרָא מֹשֶׁה אֶל כָּל יִשְׂרָאֵל וַיֹּאמֶר אֲלֵהֶם שְׁמַע יִשְׂרָאֵל אֶת הַחֻקִּים וְאֶת הַמִּשְׁפָּטִים אֲשֶׁר אָנֹכִי דֹּבֵר בְּאָזְנֵיכֶם הַיּוֹם וּלְמַדְתֶּם אֹתָם וּשְׁמַרְתֶּם לַעֲשֹׂתָם:'],Deuteronomy 5:1,
"יבמות קט ע""ב:","['דתניא, רבי יוסי אומר: כל האומר אין לו תורה - אין לו תורה; פשיטא! אלא כל האומר אין לו אלא תורה - אין לו אלא תורה; הא נמי פשיטא! אלא דאפילו תורה אין לו. מאי טעמא? אמר רב פפא, אמר קרא: ולמדתם... ועשיתם כל שישנו בעשיה ישנו בלמידה, כל שאינו בעשיה אינו בלמידה.']",Yevamot 109b,
"רש""ר הירש דברים ה, א ד""ה 'ולמדתם אתם':","['ולמדתם אתם ושמרתם לעשתם. לימוד, שמירה ועשייה כוללים את כל מה שהתורה דורשת מאתנו: לקנות בלב את הדבר הנשמע ולהבין אותו במלואו, לשוות אותו לנגדנו תמיד, לקיים אותו בזהירות ובדייקנות. אולם העשייה היא תכלית הכל ואף בסיס הכל. תלמוד בלא מעשה הוא חסר ערך ואף לא יביא לידי הבנה נכונה, שהרי כל עצמו איננו אלא משחק עיוני בלא כובד הראש של ההחלטה לקיים. ""כל האומר אין לו אלא תורה... אפילו תורה אין לו, מאי טעמא, אמר רב פפא אמר קרא ולמדתם אתם ושמרתם לעשתם, כל שישנו בעשיה ישנו בלמידה, כל שאינו בעשיה אינו בלמידה"".']",,
"חידושי חתם סופר נדרים פא ע""א:","['עיקר מצוות עסק התורה הוא מצווה בפ""ע להגות בה יומם ולילה... לא לבד לידע המצווה בשעה שצריך לה אלא דרוש וקבל שכר היינו הדרשה עצמה היא השכר ונחת רוח לפני הקב""ה.']",,
"רמב""ם הלכות מלכים יב, ד–ה:","['ד. לא נתאוו החכמים והנביאים ימות המשיח, לא כדי שישלטו על כל העולם, ולא כדי שירדו בעכו""ם, ולא כדי שינשאו אותם העמים, ולא כדי לאכול ולשתות ולשמוח, אלא כדי שיהיו פנויין בתורה וחכמתה, ולא יהיה להם נוגש ומבטל, כדי שיזכו לחיי העולם הבא, כמו שביארנו בהלכות תשובה.', ""ה. ובאותו הזמן לא יהיה שם לא רעב ולא מלחמה, ולא קנאה ותחרות, שהטובה תהיה מושפעת הרבה, וכל המעדנים מצויין כעפר, ולא יהיה עסק כל העולם אלא לדעת את ה' בלבד, ולפיכך יהיו ישראל חכמים גדולים ויודעים דברים הסתומים וישיגו דעת בוראם כפי כח האדם, שנאמר כי מלאה הארץ דעה את ה' כמים לים מכסים.""]","Mishneh Torah, Kings and Wars 12:4",
"קידושין ל ע""ב:","['ת""ר: ושמתם - סם תם, נמשלה תורה כסם חיים; משל, לאדם שהכה את בנו מכה גדולה והניח לו רטיה על מכתו, ואמר לו: בני, כל זמן שהרטיה זו על מכתך, אכול מה שהנאתך ושתה מה שהנאתך, ורחוץ בין בחמין בין בצונן ואין אתה מתיירא, ואם אתה מעבירה הרי היא מעלה נומי; כך הקדוש ברוך הוא אמר להם לישראל: בני, בראתי יצר הרע ובראתי לו תורה תבלין, ואם אתם עוסקים בתורה - אין אתם נמסרים בידו, שנאמר: הלא אם תטיב שאת, ואם אין אתם עוסקין בתורה - אתם נמסרים בידו, שנאמר: לפתח חטאת רובץ, ולא עוד, אלא שכל משאו ומתנו בך, שנאמר: ואליך תשוקתו, ואם אתה רוצה אתה מושל בו, שנאמר: ואתה תמשל בו.']",Kiddushin 30b,
"חידושי המהרש""א שם ד""ה 'ושמתם סם':","['ושמתם סם תם כו\'. דלשון שימה לא יפול אאת דברי כמ""ש פ""ק דסנהדרין גבי אשר תשים אלו כלי הדיינין ופרש""י שם דשייכא בהו שימה דבר המיטלטל כו\' עכ""ל. ובדרך צחות נקט סם חיים במקום סם תם כי ההיפך מתם הוא מת שיהיה לו סם המות למכתו כמ""ש שהוא יצה""ר הוא מלאך המות והמשל אכול מה שהנאתך כו\' יש לפרש בנמשל דכל זמן שאתה עוסק בתורה שהיא הרטייה ע""ג מכתך שהוא יצה""ר אכול מה שהנאתך כו\' ר""ל שתוכל ליהנות מתענוגי עוה""ז ואי אתה בא לידי עבירה כי התורה מגינה לו כרטייה זו שמגינה על המכה שלא תעלה נומי אבל כשאין אתם עוסקים בתורה שהוא העברת הרטייה מן המכה א""א שלא יבא לידי עבירה כענין ולא ע""ה חסיד שאינו יודע במה יכשל ויש לעיין שאמר כך אמר הקדוש ברוך הוא לישראל כו\' אין אתם נמסרים בידו שנאמר הלא אם תיטיב שאת גו\' וזה הכתוב לקין נאמר ויש ליישב דלכאורה הענין כפול שאמר אם תיטיב שאת כפרש""י שתתנשא על היצה""ר למשול בו ול""ל למכתב שוב ואתה תמשול בו וע""כ אמרו תחלת המקרא אם תיטיב גו\' לגבי ישראל נאמר דלהם נתנה התורה שנקראת לקח טוב אבל לקין לא נתנה התורה ואף על פי כן קאמר לו כי הבחירה נתנה לו שנאמר ואתה תמשול בו.']",,
"הר""י וינברג (בעל שרידי אש), 'לפרקים', מהדורת ירושלים תשע""ו עמ' שעח:","[""צורת חיינו בגלות שונה היא תכלית השינוי מזו שבעבר בשבתנו איש תחת גפנו ותחת תאנתו, ארץ אבות... חיי־חול וחיי־קדש שבדת התלכדו חטיבה אחת יחידה ומיוחדת, אלה ואלה דברי אלהים־חיים, שניהם היו טבעיים לאדם שבישראל כי כאלה גם אלה נבעו ממקור נשמת־ישראל בריאה ואיתנה, מי שעבד את שדהו להנאתו או שנהנה סתם מן החיים, לא פסק עם זה ביחד לעבוד את ה' ותלמיד־חכם שהתמכר ללימוד התורה לא פרש מן הציבור והחיים, התגלתה באומה הישראלית אז תורה אחת, תורת האחדות...""]",,
"מנחות צט ע""ב:","['תניא, רבי יוסי אומר: אפילו סילק את הישנה שחרית וסידר את החדשה ערבית - אין בכך כלום, אלא מה אני מקיים לפני תמיד? שלא ילין שלחן בלא לחם. א""ר אמי: מדבריו של ר\' יוסי נלמוד, אפילו לא שנה אדם אלא פרק אחד שחרית ופרק אחד ערבית, קיים מצות לא ימוש (את) ספר התורה הזה מפיך. אמר רבי יוחנן משום ר""ש בן יוחי: אפילו לא קרא אדם אלא קרית שמע שחרית וערבית - קיים לא ימוש, ודבר זה אסור לאומרו בפני עמי הארץ. ורבא אמר: מצוה לאומרו בפני עמי הארץ. שאל בן דמה בן אחותו של ר\' ישמעאל את ר\' ישמעאל: כגון אני שלמדתי כל התורה כולה, מהו ללמוד חכמת יונית? קרא עליו המקרא הזה: לא ימוש ספר התורה הזה מפיך והגית בו יומם ולילה, צא ובדוק שעה שאינה לא מן היום ולא מן הלילה ולמוד בה חכמת יונית. ופליגא דר\' שמואל בר נחמני, דאמר ר\' שמואל בר נחמני א""ר יונתן: פסוק זה אינו לא חובה ולא מצוה אלא ברכה, ראה הקדוש ברוך הוא את יהושע שדברי תורה חביבים עליו ביותר, שנאמר: ומשרתו יהושע בן נון נער לא ימיש מתוך האהל, אמר לו הקדוש ברוך הוא: יהושע, כל כך חביבין עליך דברי תורה? לא ימוש ספר התורה הזה מפיך. תנא דבי ר\' ישמעאל: דברי תורה לא יהו עליך חובה, ואי אתה רשאי לפטור עצמך מהן.']",Menachot 99b,
"פירוש שנות אליהו הארוך על פאה א, א:","['דאילו לא הוי כתיב והגית ה""א שאינו צריך אלא תיבה א\'... לכך נאמר והגית גו\' לומר שחייב אדם ללמוד תורה יום ולילה.']",,
"ירושלמי סנהדרין פ""ב ה""ו:","['וכותב ספר תורה לשמו. שלא יהא ניאות לא בשל אביו ולא בשל רבו. ומגיהין אותו מספר עזרה על פי בית דין של שבעים ואחד. יוצא למלחמה והיא עמו שנאמר (דברים יז, יט) והיתה עמו וקרא בו כל ימי חייו. והרי דברים קל וחומר ומה אם מלך ישראל שהיה עסוק בצרכי ישראל נאמר בו וקרא בו כל ימי חייו, ההדיוט על אחת כמה וכמה. כיוצא בו נאמר ביהושע (יהושע א, ח) והגית בו יומם ולילה. והלא דברים ק""ו ומה אם יהושע שעוסק בצורכי ישראל נאמר בו והגית בו יומם ולילה, הדיוט לא כל שכן?']",Jerusalem Talmud Sanhedrin 2:6,
"רמב""ם הל' מלכים ג, ה–ו:","['ה. המלך אסור לשתות דרך שכרות, שנאמר אל למלכים שתו יין, אלא יהיה עוסק בתורה ובצרכי ישראל ביום ובלילה, שנאמר והיתה עמו וקרא בו כל ימי חייו.', 'ו. וכן לא יהיה שטוף בנשים, אפילו לא היתה לו אלא אחת לא יהיה מצוי אצלה תמיד כשאר הטפשים, שנאמר לא תתן לנשים חילך, על הסרת לבו הקפידה תורה שנאמר ולא יסור לבבו, שלבו הוא לב כל קהל ישראל לפיכך דבקו הכתוב בתורה יתר משאר העם שנאמר כל ימי חייו.']","Mishneh Torah, Kings and Wars 3:5-6",
אבן האזל שם:,"['יש לדקדק במה שכתב הרמב""ם דין מיוחד במלך שדבקו הכתוב בתורה יותר משאר העם שנאמר כל ימי חייו ולכן חייב לעסוק בתורה יותר משאר העם וקשה דבהל\' ת""ת פ""א הל\' כ כתב עד אימת חייב ללמוד תורה עד יום מותו שנאמר ופן יסורו מלבבך כל ימי חייך ומבואר דזה דין בכל אדם מישראל, ונראה דכאן אנו דנין באיסור המלך לשתות אף שרוצה להתענג בשתיה, וכן בהל\' ו שרוצה להיות מצוי אצל אשתו וזה אינו אלא במלך אבל הדיוט מותר לו להתענג אף שזה יגרום לבטול תורה בהכרח ע""י השיכרות או בעילות נשים, ולהדיוט אינו אסור אלא לבטל תורה בלי כל סיבה שאז אם הוא מסיר לבו מהתורה עובר על ופן יסורו מלבבך כל ימי חייך ועוד הרבה פסוקים מחיובי ת""ת ועי\' בספר מעלות התורה בתחילתו שמנה יותר משלשים מ""ע ומל""ת על ביטול תורה.']",,
"נדרים ח ע""א:","['ואמר רב גידל אמר רב: האומר אשכים ואשנה פרק זה, אשנה מסכתא זו - נדר גדול נדר לאלהי ישראל. והלא מושבע ועומד הוא, ואין שבועה חלה על שבועה! מאי קמ""ל? דאפי\' זרוזי בעלמא, היינו דרב גידל קמייתא! הא קמ""ל, כיון דאי בעי פטר נפשיה בקרית שמע שחרית וערבית, משום הכי חייל שבועה עליה.']",Nedarim 8a,
"רש""י שם ד""ה 'כיון':","['כיון דאי בעי פטר נפשיה בקרית שמע שחרית וערבית – דכיון דקרא ק""ש קיים לא ימוש דא""ר שמעון בן יוחי במסכת מנחות (דף צט ב) כל הקורא קרית שמע שחרית וערבית הרי זה קיים מצות לא ימוש וכיון דאי בעי פטר נפשיה מושננתם בקרית שמע דיוצא בה ידי חובתו מאותה שבועה דהר סיני משום הכי כי אמר אשנה פרק זה (אף על גב) דלא הוי מושבע בהכי דכבר פטר נפשיה ואהכי חל עליה שבועה.']",Rashi on Nedarim 8a:4:1,
"ר""ן שם ד""ה 'הא קמ""ל':","['הא קמ""ל דכיון דאי בעי פטר נפשיה וכו\'. מסתברא לי דלאו דווקא דבהכי מיפטר שהרי חייב כל אדם ללמוד תמיד יום ולילה כפי כחו ואמרינן בפ""ק דקדושין (דף ל) ת""ר ושננתם שיהו דברי תורה מחודדין בפיך שאם ישאלך אדם דבר שלא תגמגם ותאמר לו וכו\', וק""ש שחרית וערבית לא סגי להכי...']",Ran on Nedarim 8a:4:1,
"שו""ת הרדב""ז ג סימן תטז:","['גם בדין השני נ""ל שכל המפרשים חלוקים עליו דס""ל דאין אדם חייב מן התורה ללמוד תמיד וכן נראה מלשון רש""י ז""ל וז""ל ר\' אליעזר ממיץ דאי בעי פטר נפשיה וכו\' א""כ ת""ת רשות לפיכך חלה דהא אמרינן מה הטבה רשות וכו\' ובהתכלת אמרינן דאף בעידן ריתחא לא ענשי\' ליה כבשאר עשה. ואי קשיא מ""מ איכא עשה דולמדתם אותם ושמא האי חלה מדרבנן ולא לחיובי קרבן בטוי ע""כ... הרי לך דס""ל דקריאת התורה חוץ משחרית וערבית הוי רשות ולא חיוב כמו שכתב הר""ן ז""ל וזה הלשון כתבוהו הרשב""א והריטב""א ז""ל וכן כתב הרא""ש ז""ל.']",,
"שיטה מקובצת שם, ד""ה 'דאי בעי פטר':","['דאי בעי פטר נפשיה וכו\'. ואפילו עשה ליכא מדקאמר התם ודבר זה אין מודיעים אותו לעם הארץ וחל מדאורייתא ולוקין. וא""ת כי פריך בשבועות שאתן מנה לפלוני מושבע ועומד מהר סיני הוא ומשני צדקה לעשיר ולישני שפיר לעני ומן העודף שאין מצוה ליתן כל אשר יש לו. ושמא היא היא וכצדקה לעשיר חשיב.']",,
"רמב""ם הלכות תלמוד תורה א, ח:",['כל איש מישראל חייב בתלמוד תורה בין עני בין עשיר בין שלם בגופו בין בעל יסורין בין בחור בין שהיה זקן גדול שתשש כחו אפילו היה עני המתפרנס מן הצדקה ומחזר על הפתחים ואפילו בעל אשה ובנים חייב לקבוע לו זמן לתלמוד תורה ביום ובלילה שנאמר והגית בו יומם ולילה.'],"Mishneh Torah, Torah Study 1:8",
שם הלכה יב:,"['כיצד היה בעל אומנות והיה עוסק במלאכתו שלש שעות ביום ובתורה תשע, אותן התשע קורא בשלש מהן בתורה שבכתב ובשלש בתורה שבעל פה ובשלש אחרות מתבונן בדעתו להבין דבר מדבר, ודברי קבלה בכלל תורה שבכתב הן ופירושן בכלל תורה שבעל פה, והענינים הנקראים פרדס בכלל הגמרא הן, במה דברים אמורים בתחלת תלמודו של אדם אבל כשיגדיל בחכמה ולא יהא צריך לא ללמוד תורה שבכתב ולא לעסוק תמיד בתורה שבעל פה יקרא בעתים מזומנים תורה שבכתב ודברי השמועה כדי שלא ישכח דבר מדברי דיני תורה ויפנה כל ימיו לגמרא בלבד לפי רוחב שיש בלבו ויישוב דעתו.']",,
"שם ג, ו:","['מי שנשאו לבו לקיים מצוה זו כראוי ולהיות מוכתר בכתר תורה, לא יסיח דעתו לדברים אחרים, ולא ישים על לבו שיקנה תורה עם העושר והכבוד כאחת, כך היא דרכה של תורה פת במלח תאכל ומים במשורה תשתה ועל הארץ תישן וחיי צער תחיה ובתורה אתה עמל, ולא עליך הדבר לגמור ולא אתה בן חורין ליבטל ממנה ואם הרבית תורה הרבית שכר, והשכר לפי הצער.']","Mishneh Torah, Torah Study 3:6",
"שו""ת אגרות משה יו""ד ח סימן לו, ג–טז:","['(ג) דבלימוד תורה איכא שני חיובים. איכא חיוב ללמוד כל התורה שבכתב ושבע""פ ולידע אותה... ועוד מצווה איכא, שצריך האדם ללמוד בכל יום... ללמוד על התורה כולה ולידע אותה כראוי...', '(ה) ורק מחמת שמוכרחין כ""א ואחד לאכילה ולשתייה... רשאי לעבוד גם להרוויח כפי מה שדרך האינשי... וגם למעט תענוג שהוא ג""כ להרחיב ליבו של אדם... אבל הא לא נאמר ברמב""ם בלשון איסור... אלא בלשון חשיבות, בפ""ג מת""ת ה""ו... הרי הוא כמפורש שליכא חיוב זה על כ""א ואחד לישראל... וצריך לומר דהוא משום דבעצם הוי חיוב לימוד התורה עליו חיוב קבוע בלא זמן וגבול אבל חיובו הוא כזה שרשאי לילך לפרנסתו לכל דבריו, אפילו שהוא רק לתענוגים בעלמא, ולשכיבה ולישיבה לנוח בעלמא כשנהנה מזה, ואין בזה ביטול המצווה...', '(ט) איכא מצווה חיובית... ללמוד את כל התורה... אבל חיובו הוא רק בזמן שקבע לקיים מצוות הלימוד והיינו שצריך להשתדל שילמוד בכל יום פרק אחר...', '(י) אבל ודאי איכא גם חיוב על מצווה זו דידיעת כל התורה בחכמה ובהשכל, להיות חכמים ממש בתורה ולידע גם להורות, שהוא על כלל ישראל, שיהיו בכל דור ודור הרבה חכמים גדולים.']",,
"דברים כב, יב:",['גְּדִלִים תַּעֲשֶׂה לָּךְ עַל אַרְבַּע כַּנְפוֹת כְּסוּתְךָ אֲשֶׁר תְּכַסֶּה בָּהּ:'],Deuteronomy 22:12,
"במדבר טו, לז–מא:","[""וַיֹּאמֶר ה' אֶל מֹשֶׁה לֵּאמֹר: דַּבֵּר אֶל בְּנֵי יִשְׂרָאֵל וְאָמַרְתָּ אֲלֵהֶם וְעָשׂוּ לָהֶם צִיצִת עַל כַּנְפֵי בִגְדֵיהֶם לְדֹרֹתָם וְנָתְנוּ עַל צִיצִת הַכָּנָף פְּתִיל תְּכֵלֶת: וְהָיָה לָכֶם לְצִיצִת וּרְאִיתֶם אֹתוֹ וּזְכַרְתֶּם אֶת כָּל מִצְוֹת ה' וַעֲשִׂיתֶם אֹתָם וְלֹא תָתוּרוּ אַחֲרֵי לְבַבְכֶם וְאַחֲרֵי עֵינֵיכֶם אֲשֶׁר אַתֶּם זֹנִים אַחֲרֵיהֶם: לְמַעַן תִּזְכְּרוּ וַעֲשִׂיתֶם אֶת כָּל מִצְוֹתָי וִהְיִיתֶם קְדֹשִׁים לֵאלֹהֵיכֶם: אֲנִי ה' אֱלֹהֵיכֶם אֲשֶׁר הוֹצֵאתִי אֶתְכֶם מֵאֶרֶץ מִצְרַיִם לִהְיוֹת לָכֶם לֵאלֹהִים אֲנִי ה' אֱלֹהֵיכֶם:""]",Numbers 15:37,
"מנחות מא ע""א:","['ת""ר: טלית כפולה חייבת בציצית, ורבי שמעון פוטר; ושוין, שאם כפלה ותפרה שחייבת. תפרה, פשיטא! לא צריכא דנקטה בסיכי. רבה בר הונא איקלע לבי רבא בר רב נחמן, חזייה דהוה מיכסי טלית כפולה ורמי ליה חוטי עילוי כפילא, איפשיטא ואתא חוטא וקם להדי רישיה, אמר ליה: לאו היינו כנף דכתב רחמנא באורייתא! אתא שדייה איכסי גלימא אחריתי, אמר ליה: מי סברת חובת גברא הוא? חובת טלית הוא, זיל רמי לה. לימא מסייע ליה: חסידים הראשונים, כיון שארגו בה שלש היו מטילין בה תכלת! שאני חסידים, דמחמרי אנפשייהו. ופליגא דמלאכא, דמלאכא אשכחי\' לרב קטינא דמיכסי סדינא, אמר ליה: קטינא, קטינא, סדינא בקייטא וסרבלא בסיתוא, ציצית של תכלת מה תהא עליה? אמר ליה: ענשיתו אעשה? אמר ליה: בזמן דאיכא ריתחא ענשינן; אי אמרת בשלמא חובת גברא הוא, היינו דמחייב דלא קא רמי, אלא אי אמרת חובת טלית הוא, הא לא מיחייבא. אלא מאי? חובת גברא הוא, נהי דחייביה רחמנא כי מיכסי טלית דבת חיובא, כי מיכסי טלית דלאו בת חיובא היא מי חייביה רחמנא? אלא הכי קאמר ליה: טצדקי למיפטר נפשך מציצית. אמר רב טובי בר קיסנא אמר שמואל: כלי קופסא חייבין בציצית. ומודה שמואל בזקן שעשאה לכבודו שפטורה, מ""ט? אשר תכסה בה אמר רחמנא האי לאו לאיכסויי עבידא, בההיא שעתא ודאי רמינן ליה, משום לועג לרש חרף עושהו.']",Menachot 41a,
"חידושי הרשב""א מנחות שם ד""ה 'אלא הק""ל':","['ונ""ל לפרש הטעם משום דקרא דאשר תכסה בה צריך לדרשו באחד משני פנים או אשר תכסה בה שאני מחייב אותך להתכסו\' בה או שאתה עתיד להתכסות בו הילכך אם אנו מפרשים... מצוה שתכסה בה דהיינו... ואם אין לך שתקנהו ותשים הגדילים ותכסה בה... למ""ד חובת גברא... ומ""ד חובת טלית... בכל הטליתות שעשית להתכסות בהם']",,
"אבן עזרא במדבר טו, לט ד""ה 'והיה לכם לציצית':","['והמתפללים בטלית בשעת התפלה, יעשו זה בעבור שיקראו בקריאת שמע, והיה לכם לציצית, ועשו להם ציצית, רק לפי דעתי יותר הוא חייב להתעטף בציצית בשאר השעות משעת התפלה, למען יזכור ולא ישגה ולא יעשה עבירה בכל שעה, כי בשעת התפלה לא יעשה עבירה.']",,
"ספורנו שם ד""ה 'וראיתם אותו':","[""וראיתם אותו וזכרתם את כל מצות ה'. תזכרו שאתם עבדים לאל יתברך ושקבלתם מצותיו באלה ובשבועה וזה בראותם הציצית שהוא כחותם המלך בעבדיו ובזה תחדלו מתור אחרי לבבכם להשיג שרירות לבכם בעושר וכבוד אפילו בגזל:""]",,
"משך חכמה שם טו, מ ד""ה 'למען תזכרו':","['ולכן העיר הבורא אותנו במצות ציצית, ולהורות כי המציאות היא בגד, שמשני צדדיו יש עדיין חוטים שעדיין לא נארגו - ולכן צריך גדיל וענף - והיינו להורות שגם בפעילות שהאדם יעשה בבחירתו בחיים ובטוב ולהלוך בדרכי ה\', גם בזה עזר ממרום תסעדהו. וכמאמרם (קידושין ל ע""ב) (יצרו של אדם מתגבר עליו בכל יום...) אלמלא הקדוש ברוך הוא עוזרו (אין יכול לו). וגם בזה יהא נארג קצת מהשי""ת, ומסיועו האלהי להמתעורר לבא לטהר. ואתה בן אדם הכן לבבך לבלי לכת אחרי העין והלב, ולתת רסן בעד התאוות החומריות ולדבק בהשי""ת. ובכל דבר מחלקי הבריאה יעשה מצוה מקשרת אותך להשי""ת, וכמאמרם בתורת כהנים (פרשת צו, מכילתא דמילואים פרשתא א, כג): אין לך דבר שאין בו מצוה למקום. ובזה יפיקו ברכה כל מעינות הטבע על פי ההשגחה האלהית לבלי די, ותצא הבריאה לשלמותה האמיתית כפי כוונת השי""ת. ואתה בן אדם, אם תארוג את הבריאה תיעשה שותף להשי""ת במעשה בראשית וכמאמרם (שבת י ע""א) כל הדן דין אמת (לאמתו, אפילו שעה אחת, נעשה שותף להקב""ה במעשה בראשית). וזהו שאמרו סנהדרין צט ע""ב כל העוסק בתורה לשמה (משים שלום בפמליא של מעלה ובפמליא של מטה. רב אמר) כאילו בנה פלטרין של מעלה ושל מטה, שנאמר (ישעיה נא, טז) ""לנטוע שמים וליסד ארץ"". ואולי יש לומר על הך (פסוק לט) ""ועשיתם אותם - ועשיתם אתם"", שהוא כאילו עשאו לעצמו.']",,
מדרש תנחומא פרשת שלח טו (מובא בחלקו בחזקוני):,['זרע להם הקדוש ברוך הוא את התורה ואת המצות לישראל כדי להנחילם חיי העולם הבא. ולא הניח דבר בעולם שלא נתן בו מצוה לישראל... נתכסה בטלית ועשו להם ציצת.'],"Midrash Tanchuma, Sh'lach 15",
"מנחות מא ע""א:","[""דמלאכא אשכחי' לרב קטינא דמיכסי סדינא, אמר ליה: קטינא, קטינא, סדינא בקייטא וסרבלא בסיתוא, ציצית של תכלת מה תהא עליה? אמר ליה: ענשיתו אעשה? אמר ליה: בזמן דאיכא ריתחא ענשינן; אי אמרת בשלמא חובת גברא הוא, היינו דמחייב דלא קא רמי, אלא אי אמרת חובת טלית הוא, הא לא מיחייבא. אלא מאי? חובת גברא הוא, נהי דחייביה רחמנא כי מיכסי טלית דבת חיובא, כי מיכסי טלית דלאו בת חיובא היא מי חייביה רחמנא?""]",Menachot 41a,
"חידושי הרשב""א על מנחות מא ע""א ד""ה 'וקאמר':","['אלא למ""ד חובת גברא לא חייבו הכתוב לעשות גדילים כי אם בכסות שרוצה להתכסות בה אבל אם אינו רוצה להתכסות בה לא חייבו בציצית.']",,
"שם ד""ה 'מ""מ':","['דמאחר שהמצוה היא בטלית מאי נפקא לן מינה לקנותו כדי להניחו בקופסא שהרי מסתמא לומר דמצוה להטיל ציצית בטלית המונח בקופסא אין המצוה כי אם כשיש לו טלית ראוי לציצית אבל לקנותו כדי להטיל בו ציצית להניחו מה יתרון מצוה יש לקנות ציצית לטלית של קופסא... דמ""ד חובת טלית הוי שצוהו הכתוב לעשות ציצית בכל טליתות שיש לו שסופו ללבשם.']",,
אתוון דאורייתא כלל יא:,"['בו יבואר אם נשים רשאות מדינא לברך על קיום מצות ציצית... ולענ""ד יש מקום לומר דמדינא אסור... דיש ב\' מיני מ""ע, א\' הם אותם המצוות שהתורה רוצה ומבקשת עצם הפעולה ומציאותה כהנחת תפילין ונטילת לולב וכדומה, ב\' הם אותם המצוות שאין התורה מבקשת עצם הפעולה כלל וכגון סוכה שאילו רצתה תורה עצם האכילה בסוכה היתה מטלת חובה לאכול בסוכה וכיון דהאכילה הוא רשות והמצוה הוא רק שאם אוכל מרצונו מחויב לאכול בסוכה א""כ על כרחך אין האכילה בסוכה נרצית ומבוקשת בעצמותה שא""כ לא הי\' ראוי שתונח האכילה לרצון האדם ותהי\' רשות ועל כרחך כוונת המצוה הוא רק בשלילה שכשיאכל האדם לא יאכל חוץ... ולפי""ז הנה גם בציצית דאין חיוב לקנות בגד וללבוש ולקיים מצות ציצית ורק אם נתעטף מרצונו צריך להיות ציצית בבגד א""כ כוונת המצוה ג""כ הוא רק בשלילה שלא יהי\' הבגד בלא ציצית ולא יחסרו הציצית.']",,
"מנחות מב ע""א:","['רב נחמן אשכחיה לרב אדא בר אהבה רמי חוטי וקא מברך לעשות ציצית, א""ל: מאי ציצי שמענא? הכי אמר רב: ציצית אין צריכה ברכה.']",Menachot 42a,
"טור או""ח יט:",['אין חיוב ציצית אלא בטלית שרוצה ללבוש אבל מה שאינו רוצה ללבוש פטור הילכך אין לברך בעשייתו אשר קדשנו במצותיו וצונו לעשות ציצית שאין בעשייתו מצוה אלא בלבישתו.'],"Tur, Orach Chayim 19",
"בית יוסף שם, א:","['אין חיוב ציצית אלא בטלית שרוצה ללבוש אבל מה שאינו רוצה ללבוש פטור הלכך אין לברך בעשייתו וכו\'. בפרק התכלת (מב ע""א) רב נחמן אשכחיה לרב אדא בר אהבה דרמי חוטי וקא מברך לעשות ציצית אמר ליה מאי ציצי שמענא הכי, אמר רב ציצית אינה צריכה ברכה ופירש רש""י ציצי – לגלג.', 'אינה צריכה ברכה. בשעת עשיה. ואמרינן בתר הכי דרב חסדא רמי דרב אדרב ומי אמר רב ציצית אינה צריכה ברכה והאמר רב וכו\' ואסיקנא דבהא קא מיפלגי רב נחמן ורב חסדא אליבא דרב דרב חסדא סבר ציצית חובת טלית היא הלכך עשייתה היא גמר מצותה ורב נחמן סבר חובת גברא הוא ועטיפתה זו היא מצותה. וכתבו הרי""ף (יב ע""א) והרא""ש (סי\' ט) והלכתא כרב דאמר חובת גברא היא דהא אנן לא מברכינן לעשות ציצית הילכך הא דאמר שמואל (מא ע""א) כלי קופסא חייבים בציצית ליתא והכי כתב בעל הלכות (הל\' ציצית סי\' כז) ואיכא מאן דאמר הלכה כשמואל דאמר חובת טלית היא ואנן כתבינן מאי דסבירא לן ע""כ והרמב""ם פסק בפרק ג (ה""ח–י) כדברי הרי""ף והרא""ש דחובת גברא הוא. וכיון ששלשת עמודי ההוראה מסכימים דחובת גברא הוא אין לספק בדבר.']",,
קובץ שיעורים כתובות אות רנ:,"['ויש לחקור במצות ציצית אם כוונת המצוה מעכבת, ואם ילבש כלאים בציצית בלא כוונת מצוה עובר באיסור כלאים, להסוברין דאינו הותרה רק דחויה, וגם ביטל מ""ע כלובש טלית בלא ציצית, או אפשר דגם הכא המצוה היא תוצאות המעשה, שיהא מלובש בציצית, וא""כ אין הכוונה מעכבת (ובמשנה ברורה סי\' ס בביאור הלכה נראה דעתו שהכוונה מעכבת).']",,
"טור או""ח ח:","['ואם ירצה להתעטף מיד בקומו כדי שלא ילך ד""א בלא ציצית או שיש לו ציצית בחלוקו יכול ללובשו מיד בלא ברכה ולכשיטול ידיו ימשמש בציצית ויברך להתעטף בציצית.']","Tur, Orach Chayim 8",
בית יוסף שם י:,"['ופירש רש""י ממשמש בהו דהוי כאלו מניחן. ואף על גב דקיימא לן (פסחים ז ע""ב) שצריך לברך עובר לעשייתן כתב ה""ר יונה בפרק תפלת השחר (ברכות כ ע""ב ד""ה \'משעה\') גבי תפלת הדרך שמאחר שכל זמן שציצית ותפילין הם עליו הוא מקיים המצוה אף על פי שאינו עובר לעשייתן ממה שעבר מכל מקום הוי עובר לעשייתן מה שמקיים אח""כ.']",,
"ערוך השולחן או""ח יח, א:","['כבר נתבאר דלילה לאו זמן ציצת אך בזה יש פלוגתא דרבוותא דלהרמב""ם תלוי בהזמן ולא בהכסות ולהרא""ש תלוי בהכסות ולא בהזמן כלומר דלהרמב""ם אפילו כסות המיוחד ליום פטורה בלילה וכסות המיוחד ללילה חייבת ביום ולהרא""ש הוה להיפך דכסות המיוחד ליום חייבת אפילו בלילה וכסות המיוחדת ללילה פטורה אפילו ביום והא דקרינן לה מצות עשה שהזמן גרמא דכיון דהלילה גורמת דכסות המיוחד לה פטורה שפיר הוה מצות עשה שהזמן גרמא ונשים פטורות (רא""ש ריש הל\' ציצת) וכסות המיוחד ליום וללילה תניא בספרי בפ\' ציצת דחייבת בציצת (שם) וכן מפורש בירושלמי פ""ק דקדושין (הל\' ז).']","Arukh HaShulchan, Orach Chaim 18:1",
"ערוך השולחן או""ח יג, ד:","['כתבו רבותינו בעלי הש""ע בסעיף ג אם נודע לו בשבת כשהוא בכרמלית שהטלית שעליו פסול לא יסירנו מעליו עד שיגיע לביתו דגדול כבוד הבריות ואפילו טלית קטן שתחת בגדיו א""צ לפשוט וה""ה אם נפסק אחד מן הציצת ומתבייש לישב בלא טלית דיוכל ללובשו בלא ברכה מכח כבוד הבריות ודוקא בשבת דאסור לעשות ציצת אבל בחול כה""ג אסור עכ""ל.']","Arukh HaShulchan, Orach Chaim 13:4",
שם סעיף ז:,"['ורק בשבת איכא היתר אחר דנלע""ד ברור דמן התורה אין איסור כלל לישא בשבת בגד בת ד\' כנפות בלא ציצת שהרי התורה צותה לעשות ציצת בבגד זה כשתלבשנו ובשבת אסרה תורה כל מלאכה וממילא דזהו כמו שאסרה לעשות בו ציצת היום ולא מצינו שאסרה תורה ללובשו כשאין בו ציצת אם התורה עצמה אסרתו מלעשות הציצת היום דאי משום שהיה ביכולתו לעשות מאתמול אין דרכה של תורה לאסור מפני זה והחכמים יכולים לאסור זה וכ""ש בציצת שנפסקו בשבת פשיטא שמן התורה מותר לגמרי ונמצא דמצד איסור ציצת אין בשבת כלל מן התורה ולכן התירו גם ללובשו בשבת מפני כבוד הבריות כיון שמן התורה מותר לגמרי לא העמידו חכמים דבריהם כיון שא""א לו לעשותם היום ומן התורה הוא היתר גמור']",,
"נמוקי יוסף על הרי""ף מנחות יב ע""א:",['וכבר נשאלתי על המניח תפילין והמתעטף בשחרית איזה מקדים ונראה שראוי להקדים מצות ציצית ששקולה כנגד כל המצות ועוד שהיא תדירה יותר שנוהגת בין בחול בין בשבת בין ביום טוב ותדיר ושאינו תדיר תדיר קודם.'],Rif Halakhot Ketanot (Menachot) 12a,
"ערוך השולחן או""ח כא, א–ג:","['א. איתא במגילה (כו ע""ב) תשמישי מצוה נזרקין תשמישי קדושה נגנזין ואלו הן תשמישי מצוה סוכה לולב שופר ציצת ותשמישי קדושה וכו\' תיק של ס""ת ונרתק של תפילין וכו\' ולכאורה תשמישי מצוה ג""כ פירושו כתשמישי קדושה דלא על הקדושה עצמה קאי אלא על דבר ששימשה להקדושה כתיק ונרתק וה""נ תשמישי מצוה לא על המצוה עצמה קאי אלא דבר ששימשה להמצוה אבל א""א לומר כן דכיון שאין בהמצוה קדושה במה נתקדשו הכלים ששימשו להמצוה ומאי קמ""ל וכל הפוסקים לא פירשו כן כדמוכח מדבריהם.', 'ב. ונ""ל דמזה יצא לו להשאילתות שהביא הטור שכתב בפ\' שלח (שאילתא קכו) אסור לבני ישראל למעבד צרכיהון במידי דעביד למיפק ביה ידי חובת מצוה כגון חוטין הקבועין בטלית וכו\' דילפינן מדם וכו\' דאמרינן שלא יכסה ברגליו שלא יהיו מצות בזויות עליו דדוקא תשמישי מצוה בתר דאיתעבדו בהו מצוה נזרקין עכ""ל והטור השיג עליו שאינו דומה לדם דכשמכסה ברגל הוי דרך בזיון משא""כ כאן וכו\' עכ""ל ולענ""ד נראה דלאו מדם יליף לה השאלתות אלא מדקרי לה תשמישי מצוה ש""מ דלא מיירי בעת שראוין למצוה דא""כ הן מצוה ולא תשמישי מצוה אלא דמיירי בתר דאיתעבדי בהו מצוותן כלומר שאינן ראוין עוד למצוה כגון שנפסלו ושפיר קרי לה תשמישי מצוה כלומר ששימשה מצוה ובהיותה כשרה היתה מצוה עצמה ואחר שנפסלה נקראת ששימשה מצוה וגם הטלית מקרי תשמישי מצוה ששימשה את הציצת (וזה שכתב דילפינן מדם לאו מהא יליף אלא טעמא קאמר אבל עיקר דינו מהלשון וכ""מ מרש""י שם ודו""ק).', 'ג. וז""ל הרמב""ם בפ""ג דין ט ומותר להכנס בציצת לבית הכסא ולבית המרחץ נפסקו לו חוטי לבן או תכלת זורקו לאשפה מפני שהיא מצוה שאין בגופה קדושה עכ""ל כלומר ולכן מותר ליכנס בה לבה""כ ולמרחץ מפני שאין בה קדושה ואין זה בזיון להמצוה שהרי דרך בני אדם כן הוא ואינו עושה בה כלום ומ""מ לעשות בהציצת איזה תשמיש אסור כדברי השאילתות אך אם נפסקו דעתה הם רק תשמישי מצוה זורקן לאשפה מפני שאין בה קדושה רק תשמישי מצוה ונזרקים (עב""ח וט""ז ולפי מה שכתבנו דברי השאלתות יצא מגוף הש""ס דמגילה).']","Arukh HaShulchan, Orach Chaim 21:1-3",
"במדבר טו, לח–לט:","[""דַּבֵּר אֶל בְּנֵי יִשְׂרָאֵל וְאָמַרְתָּ אֲלֵהֶם וְעָשׂוּ לָהֶם צִיצִת עַל כַּנְפֵי בִגְדֵיהֶם לְדֹרֹתָם וְנָתְנוּ עַל צִיצִת הַכָּנָף פְּתִיל תְּכֵלֶת: וְהָיָה לָכֶם לְצִיצִת וּרְאִיתֶם אֹתוֹ וּזְכַרְתֶּם אֶת כָּל מִצְוֹת ה' וַעֲשִׂיתֶם אֹתָם וְלֹא תָתוּרוּ אַחֲרֵי לְבַבְכֶם וְאַחֲרֵי עֵינֵיכֶם אֲשֶׁר אַתֶּם זֹנִים אַחֲרֵיהֶם:""]",Numbers 15:38-39,
"רמב""ן שם פסוק לח:","['ואחר כן צוה במצות ציצית, שיזכרו בו המצות כולן ולא ישכחו את השבת או זולתה מן המצות. וטעם הזכרון הזה שיהיה בציצית לכל המצות, כתב רש""י מפני המנין של ציצית בגימטריא שש מאות, ושמונה חוטין וחמשה קשרים הרי תרי""ג. ולא הבינותי זה, שהציצת בתורה חסר יו""ד ואין מנינם אלא חמש מאות ותשעים. ועוד, שהחוטין לדעת בית הלל אינם אלא שלשה (מנחות מא ע""ב), והקשרים מן התורה אינם אלא שנים, כמו שאמרו (שם לט ע""א) שמע מינה קשר העליון דאורייתא דאי סלקא דעתך לאו דאורייתא כלאים בציצית דשרא רחמנא למה לי הא קיימא לן התוכף תכיפה אחת אינו חבור.', 'אבל הזכרון הוא בחוט התכלת, שרומז למדה הכוללת הכל שהיא בכל והיא תכלית הכל, ולכן אמר וזכרתם את כל – שהיא מצות השם. וזהו שאמרו (שם מג ע""ב) מפני שהתכלת דומה לים וים דומה לרקיע ורקיע דומה לכסא הכבוד וכו\', והדמיון בשם גם הגוון תכלית המראות, כי ברחוקם יראו כולם כגוון ההוא, ולפיכך נקרא תכלת.']",Ramban on Numbers 15:38,
"ספר המצוות לרמב""ם שורש יא:","[""והנה היה אפשר לנו שנאמר שלבן ותכלת יימנו בשתי מצות לולי מה שמצאנו להם לשון מבואר במכילתא דרבי ישמעאל (בעש' יד הובא מספרי) והוא אמרם שם יכול שהן שתי מצוות מצות תכלת ומצות לבן תלמוד לומר והיה לכם לציצית מצוה אחת היא ואינה שתי מצות. הנה כבר התבאר לך שאפילו החלקים שאינם מעכבין זה את זה פעמים יהיו מצוה אחת כשיהיה הענין אחד. כי הכוונה בציצית למען תזכרו. אם כן כלל הדבר המחייב לזכרון מצוה אחת יימנה.""]",,
"השגת הרמב""ן שם:","['ואני אומר אם הנראה לרב הוא שראוי למנות החלקים שאינם מעכבים זה את זה מצות רבות כמניין החלקים אל ישנה סברתו מפני הברייתא הזו שהיא באמת כך פירושה יכול יהו שתי [מצות] כלומר שלא יעכבו זא""ז תלמוד לומר והיה לכם לציצית וראיתם אותו דמשמע שהיא מצוה אחת שהתכלת מעכב את הלבן והלבן מעכב את התכלת והברייתא הזו נשנית אליבא דרבי דאמר בגמר\' מנחות (לח ע""א) וראיתם אותו מלמד שמעכבין זה את זה.']",,
"רמב""ם הלכות ציצית א, ז:","['ולוקח חוט אחד מן הלבן וכורך בו כריכה אחת על שאר החוטין בצד הבגד ומניחו, ולוקח חוט התכלת וכורך בו שתי כריכות בצד כריכה של לבן וקושר, ואלו השלש כריכות הם הנקראין חוליא, ומרחיק מעט ועושה חוליא שניה בחוט של תכלת לבדו, ומרחיק מעט ועושה חוליא שלישית וכן עד חוליא אחרונה שהוא כורך בה שתי כריכות של תכלת, וכריכה אחרונה של לבן, מפני שהתחיל בלבן מסיים בו שמעלין בקודש ולא מורידין, ולמה יתחיל בלבן כדי שיהא סמוך לכנף מינה, ועל דרך זה הוא עושה בארבע הכנפות.']","Mishneh Torah, Fringes 1:7",
"השגת הראב""ד שם:","['ולוקח חוט אחד מן הלבן וכו\' עד בארבע הכנפות. כתב הראב""ד ז""ל, א""א זה הסדר אין לו שרש ולא ענף ולמה יותר בתכלת מבלבן שהוא מין כנף וממנו מתחיל ובו מסיים ובכריכותיו הוא ממעט אין זה כי אם שגיון גדול, והגאון רב נטרונאי ז""ל סידר אותו יפה סידור נאה מאד על דרך שאמרה ההלכה, וכמה שיעור חוליא כדי שיכרוך וישנה וישלש אתכלת קאי, ותנא דתנא הפוחת לא יפחות משבעה על הכריכות קאי שהן שלש מן התכלת וארבע מן הלבן מפני שמתחיל בלבן ומסיים בלבן, קושר תחלה סמוך לכנף קשר אחד בחוט לבן ובחוט של תכלת והוא שנקרא קשר העליון ואחר כך כורך שני חוטין אחד של לבן ואחד של תכלת עד שש כריכות והשביעית לבן לבדו וזהו שבע שאמרנו והן חוליא אחת ואלו הכריכות כולן על ששה החוטין המשלשלים והמשולשלים בכנף ובענין זה עושה ה\' קשרים ובין כל קשר וקשר חוליא של שבע כריכות כאשר אמרנו, ונהגו לעשות חוליא אחת בשני קשרים סמוך לכנף ושתי חוליות בסוף הגדיל עם שלשה קשרים ובאמצע כורך בלא דקדוק בין מכונס בין מפוזר בתכלת ולבן עכ""ל.']",,
"ביאור מהר""ם בנעט על המרדכי הלכות קטנות תתקמט ד""ה 'י""ל סתם':","['...ומכ""ש די""ל על הציצית עצמם אם יש בהם ספק אם נעשה לשמה שהוא כדי לחול עליה קדושה כמ""ש הפוסקים גבי עיבוד לשמה עיין ברמב""ן בסוכה דף ט ואע""ג דכאן ציצית תשמישי מצוה הן ונזרקין. מ""מ יש בהן קדושה, דבעודן במצותם אסורין לתשמיש חול כמבואר בסי\' כא וגם אסורים לדבר של גנאי, וע""כ י""ל מספק לא נחית בהו קדושה והדר הו""ל פסולים משום שלא לשמה אם נימא דבעיא עשיה לשמה...']",,
"קובץ שיעורים חלק ב כב, ב:","['דבכל מקום שצריך לשמה אין הכונה שצריך האדם לכוין לזה כמו במצות צריכות כונה אלא דבעינן שיהא הדבר מיוחד לזה כמו בגט בעינן שיהא השטר מיוחד ועומד לגירושי האשה הזאת וגזה""כ הוא דהיחוד הזה צ""ל דוקא בשעת כתיבה ולא אח""כ דאין הקדש לגט וכן בציצית בעינן שיהיו החוטין מיוחדין ועומדין למצות ציצית והיחוד הזה צריך לעשותו דוקא בשעת טויה וצביעה.']",,
"סוכה ט ע""א:","['דאמר רב יהודה אמר רב: עשאה מן הקוצין ומן הנימין ומן הגרדין - פסולה, מן הסיסין - כשרה. כי אמריתה קמיה דשמואל אמר לי: אף מן הסיסין נמי פסולה, דבעינן טויה לשמה. הכי נמי, נבעיא סוכה עשויה לשמה! שאני התם, דאמר קרא גדלים תעשה לך - לך לשם חובך.']",Sukkah 9a,
"שולחן ערוך או""ח יא, ב:","['טוואן נכרי וישראל עומד על גבו ואומר שיעשה לשמם, להרמב""ם פסול ולהרא""ש כשר. הגה: ונוהגין שיסייע הישראל מעט, וכדאיתא לקמן סימן לב סעיף ט ובי""ד סי\' רעא גבי תפלין וספר תורה. וצריכין שזירה, ושיהיו שזורין לשמן.']","Shulchan Arukh, Orach Chayim 11:2",
"שם יד, א–ב:","['א. ציצית שעשאן אינו יהודי פסול, דכתיב: דבר אל בני ישראל (במדבר טו, לח) לאפוקי אינו יהודי. והאשה כשרה לעשותן. הגה: ויש מחמירים להצריך אנשים שיעשו אותן, וטוב לעשות כן לכתחלה (מרדכי ה""ק והגהות מיימון מהלכות ציצית ותוס\' דף מב).', 'ב. הטיל ישראל ציציות בבגד, בלא כוונה, אם אין ציציות אחרים (מצויים) להכשירו, יש לסמוך על הרמב""ם, שמכשיר, אבל לא יברך עליו.']",,
"משנה ברורה שם ס""ק א:","['שעשאן. פי\' שהטילן בבגד פסול אפילו בישראל עומד על גבו ומלמדהו לעשות לשמה דאלו אם טוואן א""י או שזרן באופן זה כשר להרא""ש כמש""כ לעיל בסימן יא ס""ב ודוקא אם תחבו בכנף או עשה החוליא או הקשר ראשון אבל אם החוליא והקשר ראשון עשה ישראל והא""י גמר שאר החוליות והקשרים דאינן רק למצוה בעלמא כשר.']",,
"שם ס""ק ז:","['על הרמב""ם שמכשיר. אפילו אם עשה התליה וגם כל הקשרים והחוליות שלא בכונה דס""ל אף על גב דבעי טוייה לשמה מ""מ התליה לא בעי לשמה ויליף לה מדכתיב בני ישראל לאפוקי עו""ג ש""מ דישראל בלי כונה כשר וא""ל יתירם מהבגד ויחזור ויתנם בכונה לשם מצוה י""ל דמיירי שהוא סמוך לשבת ואין שהות להתירם ולקשרם א""נ שנפסק אחד מראשיו ואם יתירם יהא אסור לחזור וליתנם בבגד כמש""כ בסי\' יב.']",,
"חידושי ר' חיים על הרמב""ם הלכות תפילין א, טו:","['והנה בעיקר החילוק שבין כתיבה לעיבוד לדעת הרמב""ם, נראה דהוא משום דהרמב""ם ס""ל דכתיבה כיון שבה הוא דנגמר וחל כל דין ושם סת""מ, דפרשה הכתובה היא היא עצם הסת""מ, ומשום הכי לא בעינן בה כוונת לשמה, כיון דמעשה הכתיבה היא בעצמותה עצם מעשה הסת""מ, ע""כ חייל בה קדושת סת""מ ממילא וסתמא לשמן קאי משא""כ בעיבוד דאכתי לא נעשו סת""מ ורק מעשה הכשר בלבד הוא דהוי, וע""כ בעינן בו כוונת לשמה, כיון דבלאו הכי אין בהמעשה שום חלות קדושה כלל. אשר לפי זה מתישבא היטב הסוגיא דגיטין גם לדעת הרמב""ם, דנראה דהא דמעשה נכרי לא הוי בכלל לשמה, אין זה רק משום חסרון מחשבתו, כי אם דהנכרי מופקע מעיקר דין עשית לשמה, וכך הוא דינו דאין במעשיו כל עיקר החלות של לשמה, ומשום דכל שאינו בקדושת ישראל אינו בכלל עשית קדושה ולשמה של סת""מ, אשר לפ""ז זהו דפריך הגמ\' ולרשב""ג עיבוד לשמן בעי כתיבה לשמן לא בעי, דבנכרי דהלשמה פקע ביה מדינא א""כ הרי פקע מיניה גם הך דינא דסתמא לשמן קאי כיון דגם עיקר מעשיו לית בהו חלות דין דלשמה.']","Mishneh Torah, Tefillin, Mezuzah and the Torah Scroll 1:15",
"מנחות לח ע""ב:","[""אלא אמר רבא: לא נצרכא אלא לגרדומין, דאי איגרדם תכלת וקאי לבן, ואי איגרדם לבן וקאי תכלת - לית לן בה, דאמרי בני ר' חייא: גרדומי תכלת כשרין, וגרדומי אזוב כשרין. וכמה שיעור גרדומין? אמר בר המדורי אמר שמואל: כדי לענבן. איבעיא להו: כדי לענבן, לענבן כולהו בהדדי, או דלמא כל חד וחד לחודיה? תיקו. בעי רב אשי: אלימי דלא מיענבי ואי הוו קטיני מיענבי, מאי? אמר ליה רב אחא בריה דרבא לרב אשי: כל שכן דמינכר מצותייהו.""]",Menachot 38b,
"שם לט ע""א:","['אמר רבה בר רב אדא אמר רב אדא אמר רב: אם נפסק החוט מעיקרו - פסולה. יתיב רב נחמן וקא אמר להא שמעתא. איתיביה רבא לרב נחמן: במה דברים אמורים - בתחילתו, אבל סופו - שיריו וגרדומיו כל שהוא; מאי שיריו ומאי גרדומיו? מאי לאו שיריו - דאיפסיק מינייהו ואישתייר מינייהו, גרדומיו - דאיגרדום איגרדומי? לא, חדא קתני, שיורי גרדומיו כל שהוא. ולימא גרדומיו, שיריו למה לי? הא קמ""ל, דבעינן שיורא לגרדומיו כדי לענבן.']",Menachot 39a,
"ערוך השולחן או""ח יב, ח–ט:","['ח. ונמצא דלדינא לשיטה הקודמת ולהרמב""ם כשדקדק בעת העשיה לחלוק ד\' לכאן וד\' לכאן אפילו נפסקו כל ד\' חוטין שמצד אחד לגמרי עד הגדיל כשר שהרי כיון שכל הד\' שבצד השני הם ד\' חוטין הרי נשתייר בכל חוט כדי עניבה וזהו להרמב""ם ורוב הפוסקים אבל יש אחד מגדולי רבותינו שיש לו שיטה אחרת לגמרי בזה כמו שיתבאר וזהו שיטת ר""ת ואם כי הרא""ש דחה שיטה זו מ""מ הטור והש""ע הביאוה ובודאי יש לחשוש לשיטה זו כשאפשר והעיקר להלכה כשיטה ראשונה.', 'ט. דעת ר""ת (מנחות לח ע""ב תוס\' ד""ה \'אלא\') הוא שזה שאמרו בגמרא גרדומי תכלת כשרין שנשאר כדי עניבה בכל אחת ופירשו כל רבותינו דתכלת הוא שם על כלל הציצת ור""ת סבר תכלת דוקא כלומר כשהשני חוטי לבן שלמים לגמרי דאז נפסקו השני חוטי תכלת ונשתייר מהם כדי עניבה כשר ולפ""ז לדידן שכל הד\' חוטין הם מלבן שנים במקום לבן ושנים במקום תכלת אין כשר אא""כ שני חוטין ישארו שלמין לגמרי והיינו י""ב גודלין דאז כשנפסקו השנים האחרים ונשתייר בהם כדי עניבה כשר אבל אם נפסקו ג\' חוטין אף שנשתייר כדי עניבה פסול.']","Arukh HaShulchan, Orach Chaim 12:8-9",
"מנחות לה ע""ב:","['אמר רב פפא: גרדומי רצועות כשירות. ולאו מילתא היא, מדאמרי בני רבי חייא: גרדומי תכלת וגרדומי אזוב כשירין, התם הוא דתשמישי מצוה נינהו, אבל הכא דתשמישי קדושה נינהו לא.']",Menachot 35b,
"ערוך השולחן או""ח יב, א:","['כבר נתבאר דשיעור אורך החוטין הוא י""ב גודלין לשיטת ר""ת שכן תפסינן לעיקר ומזה שליש גדיל ושני שלישיות פתיל וזהו בשעת עשיה אבל כשנפסקו אח""כ אמרו חז""ל גרדומין כשרין והוא כשנשתייר בהם כדי עניבה (ר""פ התכלת מנחות לח ע""ב) והטעם י""ל שלא הקפידה תורה רק בשעת עשיה כמ""ש בסי\' הקודם לענין קשר אגודל ויש מי שכתב הטעם משום דמן התורה כשר אפילו בכל שהו ורבנן הוא דאצריכו שיעור זה ולכן לא החמירו כשנפסקו (לבוש) ולענ""ד נראה שזה תלוי בפלוגתא דרבוותא כמו שיתבאר.']","Arukh HaShulchan, Orach Chaim 12:1",
קובץ שיעורים חלק ב כד:,"['דיש להסתפק בשיעורא דציצית אם השיעור הוא בקיום המצוה שצריך ללבוש ציצית של י""ב גודלין, או דהשיעור הוא רק בהחפצא, אבל אינו צריך ללבוש את כל השיעור, ואם יצויר שהציצית הן של י""ב גודלין והוא אינו לובש רק חצי השיעור ג""כ כשר, ואמר כי מוכח מיניה וביה דאין השיעור רק בהחפצא, דאם נאמר שצריך ללבוש עליו את השיעור כולו א""א להכשיר גרדומין דהא כל לבישה ולבישה היא מילתא באפי נפשה ומה תועיל ללבישה זו מה שהיה שיעור בלבישה אחרת, וע""כ צ""ל דאין שיעור כלל להלבישה אלא דצרי\' שהציצי\' בעצמן יהיו של י""ב גודלין ובזה שייך להכשיר גרדומין שאין צריך להשיעור אלא בתחילת עשיתן ולא אח""כ, ואם כן י""ל דזהו טעם החילוק בין מצוה לקדושה היינו דבתשמישי קדושה השיעור הוא גם בקיום המצוה ולא רק בהחפצא גרידא אלא דצריך ללבוש שיעור שלם של הרצועות ומשו""ה לא שייך להכשיר גרדומין עכ""ד זצ""ל.']",,
"שמות יג, א–י; יא–טז:","[""וַיְדַבֵּר ה' אֶל מֹשֶׁה לֵּאמֹר: קַדֶּשׁ לִי כָל בְּכוֹר פֶּטֶר כָּל רֶחֶם בִּבְנֵי יִשְׂרָאֵל בָּאָדָם וּבַבְּהֵמָה לִי הוּא: וַיֹּאמֶר מֹשֶׁה אֶל הָעָם זָכוֹר אֶת הַיּוֹם הַזֶּה אֲשֶׁר יְצָאתֶם מִמִּצְרַיִם מִבֵּית עֲבָדִים כִּי בְּחֹזֶק יָד הוֹצִיא ה' אֶתְכֶם מִזֶּה וְלֹא יֵאָכֵל חָמֵץ: הַיּוֹם אַתֶּם יֹצְאִים בְּחֹדֶשׁ הָאָבִיב: וְהָיָה כִי יְבִיאֲךָ ה' אֶל אֶרֶץ הַכְּנַעֲנִי וְהַחִתִּי וְהָאֱמֹרִי וְהַחִוִּי וְהַיְבוּסִי אֲשֶׁר נִשְׁבַּע לַאֲבֹתֶיךָ לָתֶת לָךְ אֶרֶץ זָבַת חָלָב וּדְבָשׁ וְעָבַדְתָּ אֶת הָעֲבֹדָה הַזֹּאת בַּחֹדֶשׁ הַזֶּה: שִׁבְעַת יָמִים תֹּאכַל מַצֹּת וּבַיּוֹם הַשְּׁבִיעִי חַג לַה': מַצּוֹת יֵאָכֵל אֵת שִׁבְעַת הַיָּמִים וְלֹא יֵרָאֶה לְךָ חָמֵץ וְלֹא יֵרָאֶה לְךָ שְׂאֹר בְּכָל גְּבֻלֶךָ: וְהִגַּדְתָּ לְבִנְךָ בַּיּוֹם הַהוּא לֵאמֹר בַּעֲבוּר זֶה עָשָׂה ה' לִי בְּצֵאתִי מִמִּצְרָיִם: וְהָיָה לְךָ לְאוֹת עַל יָדְךָ וּלְזִכָּרוֹן בֵּין עֵינֶיךָ לְמַעַן תִּהְיֶה תּוֹרַת ה' בְּפִיךָ כִּי בְּיָד חֲזָקָה הוֹצִאֲךָ ה' מִמִּצְרָיִם: וְשָׁמַרְתָּ אֶת הַחֻקָּה הַזֹּאת לְמוֹעֲדָהּ מִיָּמִים יָמִימָה:"", ""וְהָיָה כִּי יְבִאֲךָ ה' אֶל אֶרֶץ הַכְּנַעֲנִי כַּאֲשֶׁר נִשְׁבַּע לְךָ וְלַאֲבֹתֶיךָ וּנְתָנָהּ לָךְ: וְהַעֲבַרְתָּ כָל פֶּטֶר רֶחֶם לַה' וְכָל פֶּטֶר שֶׁגֶר בְּהֵמָה אֲשֶׁר יִהְיֶה לְךָ הַזְּכָרִים לַה': וְכָל פֶּטֶר חֲמֹר תִּפְדֶּה בְשֶׂה וְאִם לֹא תִפְדֶּה וַעֲרַפְתּוֹ וְכֹל בְּכוֹר אָדָם בְּבָנֶיךָ תִּפְדֶּה: וְהָיָה כִּי יִשְׁאָלְךָ בִנְךָ מָחָר לֵאמֹר מַה זֹּאת וְאָמַרְתָּ אֵלָיו בְּחֹזֶק יָד הוֹצִיאָנוּ ה' מִמִּצְרַיִם מִבֵּית עֲבָדִים: וַיְהִי כִּי הִקְשָׁה פַרְעֹה לְשַׁלְּחֵנוּ וַיַּהֲרֹג ה' כָּל בְּכוֹר בְּאֶרֶץ מִצְרַיִם מִבְּכֹר אָדָם וְעַד בְּכוֹר בְּהֵמָה עַל כֵּן אֲנִי זֹבֵחַ לַה' כָּל פֶּטֶר רֶחֶם הַזְּכָרִים וְכָל בְּכוֹר בָּנַי אֶפְדֶּה: וְהָיָה לְאוֹת עַל יָדְכָה וּלְטוֹטָפֹת בֵּין עֵינֶיךָ כִּי בְּחֹזֶק יָד הוֹצִיאָנוּ ה' מִמִּצְרָיִם:""]",Exodus 13:1-10,
"רש""ר הירש לשמות יג, ט:","[""נראה שפסוק זה, וכן הבא אחריו, שייכים לדברי האב אל בנו. זכירת הגאולה לא תתבטא בעריכת חג זכרון בלבד. אלא כך נאמר כאן: כל קיומך החופשי כיום מעשה ידו החזקה של ה' הוא. כל יישותך משועבדת אפוא לה'. עובדה זו תהיה האות לכל מעשיך: לאות על ידך, ולבסיס הכרעה ושיקול לכל עשתונותיך: ולזכרון בין עיניך. למען תהיה תורת ה' בפיך: כל מלה היוצאת מפיך – והמלה משקפת רצונו ומחשבתו של האדם – תהיה נובעת מתורת ה', עד שתהיה אתה מבשרה של תורת ה'. כל הווייתך הפעילה והרוחנית תהיה מושרשת בתורת ה' ותתפתח ממנה; אתה תשמש לתורת ה' ביטוי והמחשה."", 'והיה לך לאות וגו\' – בדומה לעיל יב, יג: ""והיה הדם לכם לאת על הבתים"". שם היה הדם ""לכם לאת"", ביטוי למסירותנו ולמסירות בתינו לייעוד, שקיבלנו עלינו. וגם כאן תהיה עובדת הגאולה – מגולמת באות – מוטבעת ונתונה על ידינו, ותבטא הן הודאתנו בעובדה זו, והן נכונותנו, הנובעת מכך, להעמיד את ידנו לרשות ה\' קוננו. מסקנה ראשונה מגאולתנו היא היות ""ידנו"" קנויה לה\'. לנו לא היתה יד בגאולה זו. רק יד ה\' היתה חזקה בשבילנו. רק הודות ליד זו זכינו מחדש ב""יד"" שלנו, שבמצרים לא היתה ברשותנו. אולם בתנאי זה חזרה אלינו, כדי שנשתמש בה, עם שיחרורה בידי ה\', לעבודתו.', 'קבלת חז""ל מלמדת שיש להניח אות זה לא על היד, אלא על השריר השולט בכל אבר היד. מסקנה זו היתה מתקבלת ממילא, היות ואות, שקושרים ליד (עי\' דברים ו, ח; יא, יח), וחייבים לשאתו תמיד, מפריע לפעולת היד. גם ההקבלה לאות שעל הראש תוכיח זאת; מקומו של זה נקבע על ידי הביטוי ""בין עיניך"", שפירושו: מקום בפדחת, בו מקבלת העין הוראות פעולה ממרכז המחשבות: ""מה להלן (תפילין של ראש) בגובה שבראש אף כאן (תפילין של יד) בגובה שביד"" (מנחות לז ע""ב). סיבה נוספת למיקום בגובה שביד ניתנה שם ברוח ""הצנע לכת עם אלהיך"" (מיכה ו, ח): ""והיה לך לאות לך לאות ולא לאחרים לאות"": מכאן שיש לשאתן במקום הרגיל להיות מכוסה.', 'בין עיניך – בדומה ל""ולא תשימו קרחה בין עיניכם למת"" (דברים יד, א): ""מה להלן בגובה שבראש מקום שעושה קרחה אף כאן בגובה של ראש מקום שעושה קרחה (מנחות שם); מסתבר שהכוונה לגבחת.', 'למען תהיה תורת ה\' בפיך – תורת ה\' מסורה לציבור החי, ולא לכתב הדומם. וכן הוא אומר: ""בפיך ובלבבך לעשתו"" (דברים ל, יד); ""ואשם דברי בפיך"" (ישעיה נא, טז); ""ודברי אשר - שמתי בפיך"" (שם נט, כא). ולא לשם לימוד לאחרים בלבד, אלא לשם שינון עצמי עלינו לפנות לדברים, שהופקדו בפינו, ולא לכתב הערטילאי. מאלף בהקשר זה הנאמר ליהושע: ""לא ימוש ספר התורה הזה מפיך"" (יהושע א, ח) – המלה הכתובה תעורר בלבך תמיד מחדש את שנמסר לפיך. גם הלומד בדד ישמיע לעצמו את דבר ה\', וישנו באמצעות המלה החיה. כל אחד יהיה לעצמו מבשרה של תורה, והיא תמצא מסילות בלבו – דרך פיו. מכאן ההלכה: ""לא הוכשרו למלאכת שמים (כגון ספרי תורה, תפילין ומזוזות) אלא עור בהמה טהורה בלבד"" (שבת כח ע""א). החומר עצמו, עליו כתובה תורת ה\', יאמר לנו כמו שאמר ה\' ליחזקאל: ""אכול את המגלה הזאת"" (יחזקאל ג, א) – קבל את תוכנה בקרבך בשלמותו; החדירהו בגופך עד היותו חלק ממך.']",,
"רש""ר הירש לדברים ו, ח:","['ארבע הפרשיות – ""קדש"", ""והיה כי יביאך"" וכן ""שמע"", ""והיה אם שמוע"" – יוצרות שתי קבוצות רעיוניות המשלימות זו את זו (לדעת ר\' עקיבא במנחות לד ע""ב ""טוטפת"" עצמה היא שם לועזי של תבנית הכוללת שני זוגות בתים: ""טט בכתפי שתים, פת באפריקי שתים""; והשוה ""זגדוס"" במשנה בכורות מג ע""ב לפי גירסת הערוך ופירושו). וזה סדרן: קבוצת ""קדש, והיה כי יביאך"" מימין וקבוצת ""שמע, והיה אם שמוע"" משמאל (מנחות שם). סדר זה של הקבוצות מוסכם לכל הדיעות, בין לשיטת רבינו תם, המצרף את שתי ה""הויות"": ""קדש, והיה כי יביאך, והיה אם שמוע, שמע"", בין על פי הסדר המקובל של רש""י: ""קדש, והיה כי יביאך, שמע והיה אם שמוע"".', 'קבוצת ""קדש, והיה כי יביאך"" מציגה בפנינו את עובדת יציאת מצרים ואת המסקנה הנובעת מכך לעניין היותנו קנויים לה\' לבדו, כי ה\' מנהיג את גורלנו. שתי הבחינות של הנהגתו נתגלו לנו בשעת הגאולה והן מפורשות בפרשות אלה: ""קדש"" מורה שה\' מציל, ""והיה כי יביאך"" מורה שה\' שופט. קבוצת ""שמע, והיה אם שמוע"" מציגה את עובדת מתן תורה ואת המסקנה הנובעת מכך לתפקיד חיינו. ""שמע"": הכניעה לה\' על ידי חיים המוקדשים ללימוד מצוותיו ולקיומן; ""והיה אם שמוע"": תכלית שלומנו, לטוב ולמוטב, במילוי התפקיד הזה של החיים. נראה ברור שהיחס שבין ""קדש"" לבין ""שמע"" דומה ליחס שבין ""והיה כי יביאך"" לבין ""והיה אם שמוע"". ""קדש"" מורה על היותנו קנויים לה\', ואילו ""שמע"" מפרש את משמעותו של דבר זה לפעילותנו בחיים. ""והיה כי יביאך"" מורה שה\' מנהיג את עולמו במשפט, ואילו ""והיה אם שמוע"" מפרש את משמעותו של דבר זה לעתידנו שלנו: מי שפרע מפרעֹה על מריו, הוא עתיד להיפרע מכל העוברים על בריתו. אולם ביציאת מצרים ובמתן תורה כבר הושלמה הנחת היסוד של כל ייעוד חיינו.', 'לייעוד זה, הנובע מיציאת מצרים ומן התורה, יבנה כל אחד ""בית"" להגשמתו; והבית הזה יהיה מרובע (ראה ישורון), כי האדם הפועל בחירות מוסרית הוא הבונה את ביתו לתורה. וה""בית"" הזה, שאנחנו בונים לתורה בפעילותנו, יעמוד על גבי תיתורא: ה""בסיס"" שלו יהיה על הארץ; כי לא בניגוד לארציות, אלא על הארץ ובכל הכוחות הארציים מבקשת התורה להתגשם. ולבסיס זה תהא מעברתא; כי אנחנו – בני האדם – נדרשים לשאת את התורה. הבית שאנחנו בונים לתורה איננו מחוצה לנו, בנפרד מאישיותנו, אלא הוא מבקש לְהִתְאַמֵּת בנו ובתוכנו; אנחנו בעצמנו חייבים להיות מקדש לה\'.']",,
"רמב""ן לשמות יג, ט:","['והיה לך לאות על ידך ולזכרון בין עיניך למען תהיה תורת ה\' בפיך – שיעורו ""והיה לך לאות על ידך ולזכרון בין עיניך כי ביד חזקה הוציאך ה\' ממצרים למען תהיה תורת ה\' בפיך"". ופי\' שתכתוב על ידך ועל בין עיניך יציאת מצרים ותזכור אותה תמיד, למען שתהיה תורת ה\' בפיך לשמור מצותיו ותורותיו כי הוא אדוניך הפודך מבית עבדים.']",Ramban on Exodus 13:9,
"מסכתות קטנות, ס""ת פ""ב ה""א:","['מניחין בין שם לשם כדי שיהיו ניכרין, ובאותיות כדי שלא יהיו מעורבין. אם עירב את האותיות, או שהפסיק באמצע השם, אל יקרא בו.']",,
"מנחות כח ע""א, המשנה (פ""ג מ""ז):","[""שבעה קני מנורה מעכבין זה את זה. שבעה נרותיה מעכבין זה את זה. שתי פרשיות שבמזוזה מעכבות זו את זו, אפילו כתב אחד מעכבן. ד' פרשיות שבתפילין מעכבין זו את זו, אפילו כתב אחד מעכבן. ד' ציציות מעכבות זו את זו, שארבעתן מצוה אחת; רבי ישמעאל אומר: ארבעתן ארבע מצות.""]",Menachot 28a,
"שם כט ע""א:","['שתי פרשיות שבמזוזה מעכבות זו את זו, ואפילו כתב אחד מעכבן. פשיטא! אמר רב יהודה אמר רב: לא נצרכה אלא לקוצה של יוד. והא נמי פשיטא! אלא לכאידך דרב יהודה אמר רב, דאמר רב יהודה אמר רב: כל אות שאין גויל מוקף לה מארבע רוחותיה - פסולה.']",Menachot 29a,
"שם לד ע""א:","['ארבע פרשיות שבתפילין מעכבות זו את זו, ואפילו כתב אחד מעכבן. פשיטא! אמר רב יהודה אמר רב: לא נצרכא אלא לקוצו של יו""ד. והא נמי פשיטא! לא נצרכא אלא לאידך דרב יהודה, דאמר רב יהודה אמר רב: כל אות שאין גויל מוקף לה מארבע רוחותיה - פסולה.']",Menachot 34a,
"שו""ת הרשב""א א סימן תריא:","[""שאלת ספר תורה שאותיות שבו אינן מוקפו' גויל וכן שיש בו טעיות אלא בשאין בכל דף ודף ארבע טעיות אם מותר לקרות בו בציבור אם לאו? לפי שראיתי מי שאומר דלא אמרו גויל מקיף אלא בתפלין ומזוזות. וכן לא פסלו ספר תורה משום טעיות אלא בשיש בכל דף ודף ארבע טעיות. תשובה שנינו במנחות פרק הקומץ (דף לד) ארבע פרשיות שבתפלין מעכבות זו את זו ואפי' כתב אחד מעכב. פשיטא לא צריכא לקוצו של יוד. הא נמי פשיטא. לא צריכא אלא לכדרב יהודה כל אות דאין גויל מקיף אותה מארבע רוחותיה פסולה. אלמא אינה אות. ומפני ששנינו כתב אחד מעכב בתפלין ומזוזות ולא שנינו כן בספרים יש לומר דבתפלין ומזוזות דוקא אמרו ולא בספרים אחרים. וליתא דכל שכן הוא דספר תורה חמור מהם. ואם בתפלין ומזוזות כן כל שכן בספר תורה. ועוד דאמר רב כל אות דאין גויל מקיף אותה פסולה אלמא אינה אות קאמר. ואחר דאינה אות מה לי ספר תורה מה לי תפלין ומזוזות.""]",,
"חידושי הריטב""א גיטין כ ע""ב ד""ה 'לא צריכא דמעורה':","['לא צריכא דמעורה – פי\' שאותיות שיטה אחת נוגעות באותיות של חברתה בענין דאע""ג דאי פסיק הנייר שבין שיטה לשיטה אכתי הוי גט דספר אחד, דהכא בגט לא בעינן אותיות מוקפות גויל שהרי כשר הוא בכל לשון ובכל כתב ובכל מקום ולא דמי כלל לספר תורה, ואיכא מאן דאמר דבגט נמי בעינן אותיות מוקפות גויל, והכא כי אמרינן דמעורה היינו בענין שישארו האותיות מוקפות גויל כגון שנכנס צווארו של למ""ד למעלה בתוך החי""ת או בתוך [הה""א או] רגל הקו""ף למטה בתוך העי""ן דבהכי הא הוי מוקפת גויל ואפילו לענין ס""ת נמי בהכי סגי דכיון שאין האותיות נוגעות זו בזו, וכן דעת ר""י ז""ל דבס""ת בהכי חשיב מוקפת גויל, אבל רבינו נר""ו אמר דבס""ת לא סגי בהכי וכן דעת רבו הרמב""ן ז""ל בחידושיו דאומר מוקפת גויל לגמרי בעינן ואם יהיה כמו שכתבנו הרי זה מבטל צורת האותיות כשנכנסת אות אחת בתוך חלל חברתה, והכא כי אמרינן דמשייר לעצמו בין שיטה לשיטה היינו ממה שצריך לעירוי הגט בכדי שיהא הגט אחד.', '[ומיהו] (מן) סברא קמא נראה עיקר דלא בעינן בגט אותיות מוקפות גויל, [דהא דבעינן בס""ת מוקפות גויל] אינו משום דלא [חשיב] אות אלא בהכי [אלא] משום [הידור] ויפוי של כתב, ובגט כל היכא שהוא כתב ניכר לתינוק לא חכם ולא טיפש בהכי סגי, ובירושלמי (ה""ג) אמרינן וכתב ולא המטיף ואם ערב הנקודות אפליגו התם איכא מאן דאמר פסול ואיכא מאן דאמר כשר ודבר ברור הוא דבס""ת פסול, ש""מ דאין דמיון לגט עם ס""ת ואפי\' באותיות כלל וכדפרישנא, וכן כתב הר""ם.']",,
"מנחות כט ע""א, רש""י ד""ה 'קוצו של יוד' ו'הא נמי':","['קוצו של יוד – רגל ימיני של יוד.', 'הא נמי פשיטא – הא לא נעשית האות.']",,Rashi on Menachot 29a:17:1
"תוספות שם ד""ה 'קוצו של יו""ד':","['קוצו של יו""ד - פירש בקונטרס רגל ימיני וקשה דהא פשיטא דאין זה אות ומפרש ר""ת דהוא ראשו כפוף כדאמרינן בסמוך מפני מה כפוף ראשו ואם תאמר דאמרינן בהגדת חלק (סנהדרין דף צה ע""ב) ונער יכתבם דהיינו יו""ד שאם השליך נער אבן בקיר ועושה רושם עושה יו""ד ויש לומר דכעין יו""ד קאמר ולא יו""ד ממש.']",,Tosafot on Menachot 29a:17:1
"מנחות לד ע""ב:","['ת""ר: לטטפת לטטפת לטוטפת - הרי כאן ד\', דברי רבי ישמעאל; ר""ע אומר: אינו צריך, טט בכתפי שתים, פת באפריקי שתים. ת""ר: יכול יכתבם על ד\' עורות ויניחם בד\' בתים בד\' עורות? ת""ל: ולזכרון בין עיניך, זכרון אחד אמרתי לך ולא ב\' וג\' זכרונות, הא כיצד? כותבן על ד\' עורות ומניחן בד\' בתים בעור אחד, ואם כתבן בעור אחד והניחן בד\' בתים - יצא; וצריך שיהא ריוח ביניהן, דברי רבי, וחכ""א: אינו צריך; ושוין, שנותן חוט או משיחה בין כל אחת ואחת; ואם אין חריצן ניכר - פסולות.']",Menachot 34b,
"תוספות שם ד""ה 'ושוין':","['ושוין שנותן חוט או משיחה בין כל אחת – היינו דוקא בכתובות בעור אחד אבל בד\' עורות לא ויש נוהגין אפי\' בד\' עורות, מ""ר.']",Tosafot on Menachot 34b:4:1,
מנחות שם:,"['תנו רבנן: כיצד כותבן? תפלה של יד כותבה על עור אחד, ואם כתבה בארבע עורות והניחה בבית אחד - יצא; וצריך לדבק, שנאמר: והיה לך לאות על ידך, כשם שאות אחת מבחוץ כך אות אחת מבפנים, דברי ר\' יהודה; ר\' יוסי אומר: אינו צריך. א""ר יוסי: ומודה לי ר\' יהודה ברבי, שאם אין לו תפילין של יד ויש לו שתי תפילין של ראש, שטולה עור על אחת מהן ומניחה.']",,
"רש""י שם ד""ה 'שטולה':","[""שטולה עור על אחת מהן – על הד' בתים מכסה עור אחד ונראין כבית אחד.""]",Rashi on Menachot 34b:6:3,
"רמב""ם הלכות תפילין ג, יז:",['כשהוא גולל הפרשיות בין של ראש בין של יד גולל אותן מסופן לתחלתן עד שתמצא כשתפתח הפרשה תקרא כל פרשה ופרשה מתחלתה עד סופה.'],"Mishneh Torah, Tefillin, Mezuzah and the Torah Scroll 3:17",
"העמק שאלה או""ח א:","['וכן מוכח להדיא מלשון הרמב""ם בפ""ג מה\' תפילין ה\' יז וז""ל וכיצד עושה טולה עליו עור עד שתעשה אחת וקושרה על ידו. מוכח דלא סגי בטליה לחוד, אלא עד שתעשה אחת. דהיינו שיחברנו להתיתורא.']",,
"מנחות לד ע""ב – לה ע""א:","['ת""ר: כיצד סדרן? קדש לי והי\' כי יביאך מימין, שמע והי\' אם שמוע משמאל. והתניא איפכא! אמר אביי, ל""ק: כאן מימינו של קורא, כאן מימינו של מניח, והקורא קורא כסדרן. אמר רב חננאל אמר רב: החליף פרשיותיה - פסולות. אמר אביי: לא אמרן אלא גוייתא לברייתא וברייתא לגוייתא, אבל גוייתא לגוייתא וברייתא לברייתא לית לן בה. א""ל רבא: מאי שנא גוייתא לברייתא וברייתא לגוייתא דלא? דהך דבעי למיחזי אוירא לא קא חזייא, והא דלא קא בעי למיחזי אוירא קא חזייא, ברייתא לברייתא וגוייתא לגוייתא נמי, הך דבעיא למיחזי אוירא דימין קא חזיא אוירא דשמאל, ודשמאל קא חזיא אוירא דימין! אלא ל""ש"".']",Menachot 34b-35a,
"תוספות שם ד""ה 'והקורא':","['והקורא קורא כסדרן – פירש בקונטרס כסדר שהן כתובין בתורה מוקדם מוקדם מאוחר מאוחר הילכך הא דקתני לעיל קדש והיה כי יביאך מימין מימינו של קורא קאמר והשתא כשהוא קורא כדרכו מימינו לשמאלו נמצא קורא קורא כסידרן וקשה לר""ת דאמאי פלגינהו שקורא שתיהן הראשונות מימין וכל האחרונות משמאל היה לו לומר ראשונה מימין וכל אחרות משמאל או איפכא דג\' ראשונות מימין ורביעית משמאל כמו גבי נר מערבי דפרק שתי הלחם (לקמן דף צח ע""ב) דיליף דנרות של מנורה מזרח ומערב מונחים מדכתיב בנר מערבי לפני ה\' מכלל דכולהו לאו לפני ה\' ולא אמרינן חצי הנרות לפני ה\' וחצי האחר לאו לפני ה\' ומפרש ר""ת קדש והיה כי יביאך מימין של קורא ומשמאל של קורא הוי שמע מבחוץ ואחריה והיה אם שמוע מבפנים וניחא השתא מה שחלקו וכן פירש רבינו חננאל בסנהדרין (דף פט ע""א) כל בית החיצון שאינו רואה את האויר פסול כגון קדש ושמע וכן רב האי גאון והיה מניח סימן הויות להדדי פי\' והיה כי יביאך והיה אם שמוע פנימיות זו אצל זו וכן בתשובת הגאונים שכתב ה""ר יוסף טוב עלם והאי דקאמר הקורא קורא כסדרן לאו כמו שפירש בקונטרס כסדר שכתובות בתורה אלא מפרש ר""ת דהוא סיום הברייתא דכיצד סדרן וקאמר שקורא כסדר שמונחין בתפילין מימינו לשמאלו דהיינו קדש והיה כי יביאך והיה אם שמוע שמע ואפילו לא יהא מן ברייתא אין קשה כלום ובמכילתא משמע כפירוש הקונטרס בפרשת והיה כי יביאך דקתני התם בד\' מקומות מזכיר פרשת תפילין קדש והיה כי יביאך שמע והיה אם שמוע מכאן אמרו מצות תפילין ארבע פרשיות כו\' והדר קתני כותבן כסדרן ואם כתבן שלא כסידרן יגנזו משמע כסדר ששנאן ברישא ויש לדחות דבכתיבת הסופר קאמר אבל אין קובעין בתפילין כסדר זה ואין נראה כלל ובשימושא רבא תיקון התפילין משמע כפירוש הקונטרס וז""ל ומשוי פרשתא דקדש מימין בביתא קמא ופרשתא דבסמוך ליה בביתא תניינא והיה כי יביאך ופרשתא דשמע בשלישית ופרשה דוהיה אם שמוע ברביעית, מ""ר.']",Tosafot on Menachot 34b:10:1,
"מנחות לה ע""א:","['ואמר רב חננאל אמר רב: תיתורא דתפילין - הלכה למשה מסיני. אמר אביי: מעברתא דתפילין - הלכה למשה מסיני. ואמר אביי: שי""ן של תפילין - הלכה למשה מסיני, וצריך שיגיע חריץ למקום התפר; רב דימי מנהרדעא אמר: כיון דמנכר לא צריך.']",Menachot 35a,
"בית יוסף או""ח לב, מב:","['כתב בארחות חיים (סי\' כז) לפיכך עושין שי""ן יותר משאר אותיות כדי לרמוז הימים שאדם מניחם בשנה שהם ש\' וכתב עוד יזהר שלא יעשה השי""ן בדפוס שאם עשאה לא יצא מפני שהוא כחק תוכות וכן כתבו ה""ר יונה והרשב""א עכ""ל ומדברי הרמב""ם (שם) והרא""ש (בסדר תיקון תפילין) ורבינו נראה קצת לדקדק כן שלא כתבו שיעשה השיני""ן בדפוס ושמעתי שהאשכנזים נזהרים בכך שמקמטים העור במלקט על ידי כפילה שכופל מהעור עד שנעשים סעיפי השיני""ן בחקיקת ירכות אבל אנו נוהגים לעשות השיני""ן בדפוס וגם בארחות חיים כתוב שיש אומרים שאין לחוש בזה ופוק חזי מאי עמא דבר עכ""ל.']","Beit Yosef, Orach Chayim 32:42",
"משנה ברורה או""ח לב ס""ק קצא:","['כמין שי""ן – ומשמע באחרונים דתמונת שיני""ן שלנו שאנו עושין בתפילין די דלא בעינן דוקא כתב סת""מ ממש אלא דוגמא ומנהג סופרים כהיום באיזה מקומות להדר ולעשותן בכתב אשורית ממש.']",,
"מנחות לה ע""ב:","['אביי הוה יתיב קמיה דרב יוסף, איפסיק ליה רצועה דתפילי, א""ל: מהו למיקטריה? א""ל: וקשרתם כתיב, שתהא קשירה תמה. א""ל רב אחא בריה דרב יוסף לרב אשי: מהו למיתפריה ועייליה לתפירה לגאו? אמר: פוק חזי מה עמא דבר. אמר רב פפא: גרדומי רצועות כשירות. ולאו מילתא היא, מדאמרי בני רבי חייא: גרדומי תכלת וגרדומי אזוב כשירין, התם הוא דתשמישי מצוה נינהו, אבל הכא דתשמישי קדושה נינהו לא, מכלל דאית להו שיעורא. וכמה שיעורייהו? אמר רמי בר חמא אמר ר""ל: עד אצבע צרדה. רב כהנא מחוי כפוף. רב אשי מחוי פשוט. רבה קטר להו ופשיט ושדי להו. רב אחא בר יעקב קטר להו ומתלית להו. מר בריה דרבנא עביד כדידן. אמר רב יהודה בריה דרב שמואל בר שילת משמיה דרב: קשר של תפילין - הלכה למשה מסיני. אמר ר""נ: ונוייהן לבר. רב אשי הוה יתיב קמיה דמר זוטרא, איתהפכא ליה רצועה דתפילין, א""ל: לא סבר לה מר ונוייהן לבר? א""ל: לאו אדעתאי.']",Menachot 35b,
"רא""ש הלכות תפילין סימן יא:","['אביי הוה קאי קמיה דרב יוסף איפסיק ליה רצועה דתפילין א""ל מהו למיקטריה א""ל וקשרתם שתהא קשירה תמה. פירש""י ואם יש קשר אחד ברצועה מלבד קשר שקושרין בראש תו לא הוי קשירה תמה. לישנא אחרינא רצועה שלימה ולא קשורה. א""ל רב אחא בריה דרב יוסף לרב אשי מהו למיתפרינהו ועיולי תופרן לגיו א""ל פוק חזי מאי עמא דבר. רש""י פירש לאיסורא ור""ת פירש להיתרא כי ההוא דפ""ק דעירובין (יד ע""ב) גבי הלמי ולחיים וההיא דפרק כיצד מברכין (מה ע""א). ובשימושא רבא כתב היכא דאיפסק רצועה לא שרי לכרוכיה וכו\' עד או לחייטיה ולא ליקטריה שנאמר וקשרתם קשירה תמה. זה משמע כפירוש ר""ת דשרי תפירה ובירושלמי דפ""ק דמגילה [הלכה יא] רבי ירמיה איפסיק ליה רצועה של תפילין שאל לרבי אבא בר ממל א""ל וקשרתם קשירה תמה ולא הזכיר שם תפירה. ועוד כתב שם רבי זעירא איפסיק ליה גידא דרצועה משמע שנפסקה הרצועה ותפרה בגידין ונפסק הגיד. והתיר לו לחזור ולקשור הגיד. איפסיק ליה תניינא שרא ליה. ולא מן אולפין פי\' שלא מן הדין. אלמא דמותר לתפור הרצועה שנפסקה. ואית דגרסי גידא דתפילין ומיירי בתפירה מרובעת שבתיתורא. ובתשובת גאון מהו לתופרה בגידין או בחוטין הכי אמרי רבנן רצועה ליכא תפירא כלל בגווה אלא גונזה ומיירי בנפסקה הרצועה המקפת הראש והזרוע דהתם בעינן קשירה תמה שלא יהיו שמה שני קשרים. אבל הרצועות התלויות למטה לא שייך בהו קשירה שנאמר וקשרתם לאות על ידך והיו לטוטפות בין עיניך דוקא על היד ועל הראש הוא דכתיב בה קשירה למעוטי קשירה שאינה תמה אבל רצועות התלויות לא שייך לאסור בהן קשירה ותפירה. דהא בעי רב דימי למימר דאם לא נשתייר ברצועות אלא כל שהוא חוץ לקשר כשרות.']",,
"בית יוסף או""ח לג, ה:","['וכתב עוד הרא""ש בשם תשובת גאון דרצועה ליכא תפירה כלל בגוה אלא גונזה וכתב עוד על זה ומיירי ברצועה המקפת הראש והזרוע דהתם בעינן קשירה תמה אבל הרצועות התלויות למטה לא שייך בהו קשירה שנאמר וקשרתם לאות על ידך והיו לטוטפות בין עיניך דוקא על היד ועל הראש הוא דכתיב קשירה למעוטי קשירה שאינה תמה אבל רצועות התלויות לא שייך לאסור בהן קשירה ותפירה דהא בעי רב דימי למימר דאם לא נשתייר ברצועות אלא כל שהוא חוץ לקשר כשרות עכ""ל וכתוב בתרומת הדשן (סי\' מז) שהוא מסופק בדעת הרא""ש אי ארצועה המקפת הקיבורת דוקא קאמר דהיינו מקום שהצריך בו הכתוב קשירה או על כל שיעור רצועה דהיינו כשיעור שיש מן הקיבורת עד האצבע וכדי שיכרוך באצבע שלש פעמים ובספר התרומה (שם) משמע בהדיא דתוך שיעור רצועת היד דהיינו כדי שתגיע עד אצבע אמצעי ויכרוך בה שלש פעמים אם נפסק אין לה תקנה לר""ת בקשירה ולרש""י אפילו בתפירה ולפי דבריו אפשר דהוא הדין לרצועות הראש שאין להם תקנה אם נפסקו תוך שיעורן דהיינו של ימין עד הטבור ושל שמאל עד החזה ובתרומת הדשן העלה דאין לאסור ברצועה של יד באורך השיעור שמן הקיבורת עד אצבע האמצעי וכפי מה שיוכל לכרוך שלש פעמים סביב האצבע אלא אם היה פושט הרצועה מן הקיבורת עד האצבע בלא כריכה סביב הזרוע אבל כל יתרון האורך שהוא בשביל שכורך הרצועה כמה פעמים סביב הזרוע כמו שרגילים העולם באותו יתרון אין להקפיד אקשירה ותפירה כלל דאינו מן הצורך וכן הוריתי כמה פעמים להתיר עכ""ל.']","Beit Yosef, Orach Chayim 33:5",
"דרכי משה שם ס""ק ד:","['ואינו נראה דיש לומר דדוקא בשל יד אסור לתפור בכל השיעור משום דכולו צורך הקשירה הוא משום דבלאו הכי אינו עומד על הזרוע אם אינו כורך סביב האצבע או הזרוע אבל בשל ראש שמהודקין היטב בלא רצועות התלויות נראה דאין לפסול שם התפירה רק סביב הראש וכן נראה מלשון האשיר""י דיש לחלק ועיין שם.']",,
"מנחות לה ע""ב:","['אמר רב פפא: גרדומי רצועות כשירות. ולאו מילתא היא, מדאמרי בני רבי חייא: גרדומי תכלת וגרדומי אזוב כשירין, התם הוא דתשמישי מצוה נינהו, אבל הכא דתשמישי קדושה נינהו לא.']",Menachot 35b,
"קובץ שיעורים ב, כד:","['ואם כן י""ל דזהו טעם החילוק בין מצוה לקדושה היינו דבתשמישי קדושה השיעור הוא גם בקיום המצוה ולא רק בהחפצא גרידא אלא דצריך ללבוש שיעור שלם של הרצועות ומשו""ה לא שייך להכשיר גרדומין עכ""ד זצ""ל... ולולי דבריו היה אפשר לומר דבתשמישי קדושה הקדושה היא תנאי לכשרות המצוה ואם יצויר שהמצוה כשרה בכל הפרטים אלא שמאיזה טעם אין להן קדושה זה גופא פוסלן, ונמצא דבתשמישי קדושה צריך שני דברים, עצם כשרו\' המצוה והקדושה ובתשמישי מצוה אין צריך אלא פרטי המצוה בעצמה וגרדומין לא מהני אלא לענין כשרות המצוה ולא לענין קדושה כיון שאין להן תואר הצריך לקדושתן, ומשו""ה לא מהני גרדומין בתשמישי קדושה דאף דמהני להכשירן אבל כיון שאין בהן קדושה ממילא הן פסולין משום חסרון קדושה.']",,
"השגת הרמב""ן על ספר המצוות, שורש יא:","['ועם כל זה אנחנו לא נשבש מניינו שלהרב בזה שראינו לבעל הלכות שמנה מצות ציצית מצוה אחת לפי שהיא ענין אחד שבתשלום התכלת והלבן תשלם לנו הכונה במצוה הזאת לזכור את כל מצות ה\' ולעשותם, ואף על פי שאמר ר\' ישמעאל (מנחות כח ע""א) בארבע ציציות ארבעתן ארבע מצות, לעניין שאינן מעכבין זה את זה אמרו כך אבל בחשבון המצות העניין בתשלומו נמנה אחד. וזו סברא תסבול אותה הדעת לבעל ההלכות שמנה גם כן מצות תפילין אחת. אבל הרב מנה התפלין שתי מצות. ושתים אלו נשנו משנה אחת התכלת אינה מעכבת את הלבן והלבן אינו מעכב את התכלת תפלה שליד אינה מעכבת שלראש ושלראש אינה מעכבת שליד. ואם נביט לעניינם הרי התפלין ייחשבו יותר ענין אחד, שכל מה שכתוב בזה כתוב בזה והעניין בהם אחד למען תהיה תורת ה\' בפינו שומה כנגד הלב והמוח משכנות המחשבה. לבד אם יטעון הרב שזה המעשה אחד לבישת התכלת והלבן כאחד והתפלין שני מעשים, ולא יחשבו שני מעשים שאינם מעכבים זה את זה אלו שתי מצות אף על פי שהוא מונה קרית שמע שחרית וערבית מצוה אחת, והקטרת בוקר וערב אחת, ושני תמידין אחת.']",,
"מנחות לו ע""א:","[""אמר רב חסדא: סח בין תפילה לתפילה - חוזר ומברך. סח אין, לא סח לא, והא שלח רב חייא בריה דרב הונא משמיה דר' יוחנן: על תפילה של יד, אומר: ברוך אשר קדשנו במצותיו וצונו להניח תפילין, על תפילין של ראש, אומר: ברוך אשר קדשנו במצותיו וצונו על מצות תפילין! אביי ורבא דאמרי תרוייהו: לא סח - מברך אחת, סח - מברך שתים.""]",Menachot 36a,
"תוספות שם ד""ה 'לא סח':","['לא סח מברך אחת סח מברך שתים – פירש בקונטרס לא סח מברך אחת בין של יד בין של ראש סח מברך שתים להניח תפילין בשל יד ועל מצות תפילין בשל ראש ור""ת פירש לא סח מברך אחת לשל ראש מברך על מצות תפילין שזו היא ברכתו סח מברך ב\' לשל ראש להניח ועל מצות וכן [כתב] בשימושא רבא דתפילין, מ""ר.']",,Tosafot on Menachot 36a:3:1
"ברכות ס ע""ב:","['כי מנח תפילין אדרעיה, לימא: ברוך אשר קדשנו במצותיו וצונו להניח תפילין. ארישיה, לימא: ברוך אשר קדשנו במצותיו וצונו על מצות תפילין.']",Berakhot 60b,
"ערוך השולחן או""ח כה, י:","['ובדבר הברכות הוה פלוגתא דרבוותא דיש מרבותינו שפסקו לברך ברכה אחת על שתיהן ויש שפסקו שתי ברכות על של יד להניח תפלין ועל של ראש על מצות תפלין והאשכנזים נהגו כדעה זו והספרדים מברכים ברכה אחת כדעה ראשונה ופשטא דגמרא דמנחות (לו ע""א) דאמר לא סח בין תפלה של יד לתפלה של ראש מברך אחת סח מברך שתים משמע דברכה אחת לשתיהן וכן פירש""י אמנם פשטא דגמרא דברכות (ס ע""ב) שאומר כי מנח תפלין אדרעיה לימא ברוך וכו\' להניח וכו\' כי מנח ארישיה לימא ברוך וכו\' על מצות וכו\' מבואר שצריך שני ברכות וכן הוא בירושלמי ובמדרש תנחומא סוף פרשת בא ע""ש וכן פסק ר""ת ומפרש הא דמנחות דסח מברך שתים על של ראש לבדו ורש""י יפרש הך דברכות בסח והרי""ף והרמב""ם והרשב""א פסקו כרש""י והרא""ש והטור פסקו כר""ת (ואינו מובן לר""ת דבסח מברך שתים על של ראש ואיך אפשר לברך שני ברכות על מצוה אחת וכבר נתעורר בזה המהר""ל מפראג הביאו הב""ח וכתב דימשמש בשל יד וקאי אחת אשל יד ולפ""ז באין לו רק של ראש לא יברך רק ברכה אחת ע""ש ולא משמע כן מתוס\' ורא""ש וכ""מ ממגן אברהם סקט""ו וגם מצאתי בא""ז הגדול סי\' תקפ""ב בשם הגאונים דמעיקר הדין היתה כל תפלה צריכה שתי ברכות להניח ועל מצות ע""ש ונ""ל דלהניח היא ברכת המצוה ועל מצות היא ברכת תודה שזכנו ה\' לעשות אות בינו ובינינו וזה שייך לשל ראש כמו שדרשו [מנחות לה ע""ב] על קרא דוראו כל כו\' כי שם ה\' נקרא עליך ויראו ממך אלו תפלין שבראש ולפ""ז א""ש ודו""ק).']","Arukh HaShulchan, Orach Chaim 25:10",
"רמב""ם הלכות תעניות ה, יא:","['תלמידי חכמים אין נותנין זה לזה שלום בתשעה באב, אלא יושבים דוים ונאנחים כאבלים, ואם נתן להם עם הארץ שלום מחזירים לו בשפה רפה וכובד ראש , ואסור לקרות בתשעה באב בתורה או בנביאים או בכתובים ובמשנה ובהלכות ובתלמוד ובהגדות, ואינו קורא אלא באיוב ובקינות ובדברים הרעים שבירמיהו, ותינוקות של בית רבן בטלין בו, ומקצת החכמים נוהגין שלא להניח בו תפילין בראש.']","Mishneh Torah, Fasts 5:11",
הגהות מיימוניות שם ג:,"['וכן בספר המצות שאסור מפני שנקרא פאר וכן מהר""ם כתב בהלכות שמחות שלו.']",,
"מנחות לד ע""ב:","['תנו רבנן: כיצד כותבן? תפלה של יד כותבה על עור אחד, ואם כתבה בארבע עורות והניחה בבית אחד - יצא; וצריך לדבק, שנאמר: והיה לך לאות על ידך, כשם שאות אחת מבחוץ כך אות אחת מבפנים, דברי ר\' יהודה; ר\' יוסי אומר: אינו צריך. א""ר יוסי: ומודה לי ר\' יהודה ברבי, שאם אין לו תפילין של יד ויש לו שתי תפילין של ראש, שטולה עור על אחת מהן ומניחה. מודה, היינו פלוגתייהו! אמר רבא: מדבריו של ר\' יוסי, חזר בו ר\' יהודה. איני? והא שלח רב חנניה משמיה דר\' יוחנן: תפלה של יד עושין אותה של ראש, ושל ראש אין עושין אותה של יד, לפי שאין מורידין מקדושה חמור\' לקדושה קלה! ל""ק: הא בעתיקתא, הא בחדתתא. ולמ""ד הזמנה מילתא היא, דאתני עלייהו מעיקרא.']",Menachot 34b,
"חידושי ר' חיים על הרמב""ם תפילין א, יא:","['אבל אכתי צ""ע מהסוגיא דמנחות דף ל""ד [ע""ב] דאיתא שם אמר ר\' יוסי ומודה לי ר\' יהודה ברבי שאם אין לו תפילין של יד ויש לו שתי תפילין של ראש שטולה עור על אחת מהן ומניחה וכו\', והא שלח רב חנניה משמי\' דר\' יוחנן תפילה של יד עושין אותה של ראש ושל ראש אין עושין אותה של יד לפי שאין מורידין מקדושה חמורה לקדושה קלה, לא קשיא הא בעתיקתא הא בחדתתא. ולמ""ד הזמנה מילתא היא דאתני עלייהו מעיקרא, והרי הא ודאי דלענין דין קדושת כתב קדושתה באה תיכף בשעת כתיבה ואין חילוק בין חדתא לעתיקתא, ומדמותר בחדתא לשנות משל ראש לשל יד ש""מ דבדין קדושת כתב של הפרשיות של ראש ושל יד קדושתן שוה, והא דשל ראש קדושתו חמורה הוא רק מדין קדושת תפילין, ובעל כרחך דהן עצם הקדושה וקדושתן מעצמן מהכתב והבתים ביחד, דהרי התוספת קדושה דשל ראש הוא רק מקדושת התפילין בעצמן ולא ע""י קדושת הכתב שבפרשיות.']","Mishneh Torah, Tefillin, Mezuzah and the Torah Scroll 1:11",
"מנחות לו ע""א–ע""ב:","['ת""ר: תפילין מאימתי מברך עליהן? משעת הנחתן. כיצד? היה משכים לצאת לדרך ומתיירא שמא יאבדו - מניחן, וכשיגיע זמנן, ממשמש בהן ומברך עליהן. ועד מתי מניחן? עד שתשקע החמה, רבי יעקב אומר: עד שתכלה רגל מן השוק, וחכמים אומרים: עד זמן שינה; ומודים חכמים לר\' יעקב, שאם חלצן לצאת לבית הכסא או ליכנס לבית המרחץ ושקעה חמה, שוב אינו חוזר ומניחן. אמר רב נחמן: הלכה כרבי יעקב. רב חסדא ורבה בר רב הונא מצלו בהו באורתא. איכא דאמרי: אין הלכה כר\' יעקב. והא רב חסדא ורבה בר רב הונא מצלו בהו באורתא! ההוא פליגא. ומי אמר רבה בר רב הונא הכי? והא אמר רבה בר רב הונא: ספק חשיכה ספק לא חשיכה - לא חולץ ולא מניח, הא ודאי חשיכה - חולץ! התם בערב שבת איתמר. מאי קסבר? אי קסבר: לילה זמן תפילין, שבת נמי זמן תפילין! אי קסבר: שבת לאו זמן תפילין, לילה נמי לאו זמן תפילין, דמהיכא דממעטא שבת מהתם ממעטי לילות! דתניא: ושמרת את החוקה הזאת למועדה מימים ימימה, ימים - ולא לילות, מימים - ולא כל ימים, פרט לשבתות וימים טובים, דברי רבי יוסי הגלילי; ר""ע אומר: לא נאמר חוקה זו אלא לפסח בלבד! נפקא ליה מהיכא דנפקא ליה לר\' עקיבא; דתניא, ר\' עקיבא אומר: יכול יניח אדם תפילין בשבתות ובימים טובים? ת""ל: והיה לאות על ידך ולטוטפת בין עיניך, מי שצריכין אות, יצאו שבתות וימים טובים שהן גופן אות. אמר ר\' אלעזר: כל המניח תפילין אחר שקיעת החמה - עובר בעשה, ור\' יוחנן אמר: עובר בלאו. לימא, בר\' אבין אמר ר\' אילעא קא מיפלגי, דאמר ר\' אבין אמר ר\' אילעא: כל מקום שנאמר השמר פן ואל - אינו אלא לא תעשה, דמר אית ליה דר\' אבין, ומר לית ליה דר\' אבין! לא, דכולי עלמא אית להו דרבי אבין אמר ר\' אילעא, והכא בהא קא מיפלגי, מר סבר השמר - דלאו - לאו, והשמר דעשה - עשה, ומר סבר: השמר דעשה נמי לאו. ואמר רבי אלעזר: ואם לשמרן - מותר. ואמר רבינא: הוה יתיבנא קמיה דרב אשי וחשך והניח תפילין, ואמרי ליה: לשמרן קא בעי להו מר? ואמר לי: אין, וחזיתיה לדעתיה דלאו לשמרן הוא בעי, קסבר: הלכה ואין מורין כן.']",Menachot 36a-72a,
"תוספות שם ד""ה 'ושמרת':","['ושמרת את החוקה הזאת למועדה כו\' – בפרק בא סימן (נדה נא ע""ב) ובסוף כיצד מברכין (ברכות דף מד ע""ב) דאמרינן דבני מערבא מברכי בתר דמסלקי תפילייהו לשמור חוקיו מפרש רבינו תם דלאחר שמסלק את טליתו ליכא מאן דמברך דלא שייכא ברכה דלשמור חוקיו אלא מתפילין דווקא דכתיב בהו חוקה ודווקא כשמסלקן סמוך לשקיעת החמה דדרשינן ימים ולא לילות ומחויב לסלקן כדאמרינן בסמוך הניח תפילין אחר שקיעת החמה עובר בעשה ובירושלמי דברכות פרק היה קורא אמרינן נמי על מילתא דבני מערבא דמברכי לשמור חוקיו כמאן דאמר בחוקת תפילין הכתוב מדבר אבל למאן דאמר דבחוקת הפסח הכתוב מדבר לא א""כ כל שכן דלאחר ציצית לא מברך ובפרק בא סימן (נדה שם) גבי יש טעון ברכה לפניו ואין טעון ברכה לאחריו דקאמר לאיתויי מצות ופריך לבני מערבא דמברכי לבתר דמסלקי תפילייהו לאיתויי מאי הוה מצי למימר ציצית והאידנא לא מברכי לשמור חוקיו אפי\' לאחר תפילין דבסמוך פסקינן דלילה זמן תפילין דקאמר הלכה ואין מורין כן ומדרבנן הוא דאסור דחיישינן שלא יישן בהם וקרא דושמרת את החוקה בחוקת הפסח הכתוב מדבר, מ""ר.']",,Tosafot on Menachot 36a:3:1
"חידושי הרמב""ן נדה נא ע""ב ד""ה 'הא אמרינן ולבני':","['הא דאמרינן ולבני מערבא דמברכין בתר דמסלקי תפיליהו לשמור חקיו. פי\' ר""ת ז""ל בספר הישר שלו שלא אמרו אלא בתפילין אבל בציצית ושאר מצות אינם מברכין לאחר עשייתן, והביא ראיה ממה שאמרו בירושלמי בפ\' היה קורא בתורה כיצד הוא מברך עליהן ר\' זריקא בשם ר\' יעקב בר אידי כשהוא נותן של יד מהו אומר בא""י אמ""ה אקב""ו על מצות תפילין וכשהוא נותן לראש מהו אומר אקב""ו על הנחת תפילין וכשהוא חולצן מהו אומר ברוך אקב""ו לשמור חקיו ואתיא כמ""ד בחוקת תפילין הכתוב מדבר ברם כמ""ד בחוקת הפסח הכתוב מדבר לא בדא, והטעם לזה מפני שהמניח תפילין לאחר שקיעת החמה עובר בעשה הילכך מברך בשעת סילוקן בלילה שהוא מקיים עשה ואין לך כן בכל המצוות, כך פי\' חכמי הצרפתים בשמו ז""ל, ועדיין אינו מחוור דא""כ הא דאמרינן בשמעתין לאתויי מצות ומקשינן ולבני מערבא דמברכין בתר דמסלקי תפיליהו מאי איכא למימר, מאי קושיא מתני\' לאתויי שאר כל המצות, ועוד שיש בנוסחאות שכתוב בהן ולבני מערבא דמברכי אמצות וכו\', אלא נראה לבני מערבא ה""ה לכל המצות שטעונות ברכה לאחריהן.']",Chiddushei Ramban on Niddah 51b:1,
"ערוך השולחן או""ח יח, ה:","['וז""ל הרמב""ם בפ""ג דין ז: כסות של פשתן אין מטילין בה תכלת וכו\' גזירה מדבריהם שמא יתכסה בה בלילה שאינה זמן חיוב ציצת ועובר על ל""ת וכו\' מותר לאדם ללבוש ציצת בלילה בין בחול בין בשבת ואף על פי שאינו זמנה, ובלבד שלא יברך עכ""ל. כלומר דלא תימא כיון דלילה לאו זמן ציצת אסור לילך בהם בלילה דהוי בל תוסיף כמו שאין לישא תפלין בלילה וחייב להסירם, וכ""ש בשבת בלילה לצאת בהם לרה""ר, דאינו כן, דזהו נוי לבגד כיון שיש בהם חיוב ציצת ביום.']","Arukh HaShulchan, Orach Chaim 18:5",
"עירובין צו ע""א:","['ומאן שמעת ליה שבת זמן תפילין - רבי עקיבא. דתניא: ושמרת את החקה הזאת למועדה מימים ימימה - ימים ולא לילות. מימים ולא כל ימים, פרט לשבתות וימים טובים, דברי רבי יוסי הגלילי. רבי עקיבא אומר: לא נאמר חוקה זו אלא לענין פסח בלבד. [...]', 'וסבר רבי עקיבא שבת זמן תפילין הוא? והתניא, רבי עקיבא אומר: יכול יניח אדם תפילין בשבתות וימים טובים? תלמוד לומר והיה לך לאות על ידך - מי שצריכין אות, יצאו אלו שהן גופן אות.']",Eruvin 96a,
"בית יוסף או""ח ריש שח ד""ה 'ודע שבספר':","['והתוספות כתבו בסוף פרק קמא דיום טוב (טו ע""א ד""ה הכי) שאם ירצה אדם להניח תפלין בשבת אין איסור בדבר כלל כי מה שאמרו (מנחות לו ע""ב) יצאו שבתות וימים טובים שהם עצמם אות היינו שאין צורך להניח בהם תפלין אבל אם הניחם אין איסור בדבר וכך הם דברי רש""י (ביצה טו ע""א ד""ה זוג) והר""ן (ח ע""א ד""ה רב) ז""ל ומשם יתבאר כי הראיה שהביא מפרק הניזקין היא בנויה על הקדמה שהתפילין אסור להניחם בשבת ואינו כן.']",,
"שו""ע או""ח לא, א:","['בשבת וי""ט אסור להניח תפילין, מפני שהם עצמם אות, ואם מניחים בהם אות אחר היה זלזול לאות שלהם.']","Shulchan Arukh, Orach Chayim 31:1",
"תוספות עירובין צו ע""א ד""ה 'ימים':","['ימים וכו\' פרט לשבתות וי""ט – נראה דאדרש\' דלאות על ידך דבסמוך קא סמיך ולכאורה אין להניח תפילין בחוה""מ שא""צ אות דאסור במלאכה בדבר שאינו אבד ועוד דחייב בסוכה בחג ובפסח אסור באכילת חמץ וכן פסקו בהלכות גדולות.']",Tosafot on Eruvin 96a:6:2,
"ערוך השולחן או""ח יג, ב:","['אבל טלית המצוייץ כהלכתו מותר לצאת בה בשבת לרה""ר בין טלית קטן בין טלית גדול ואפילו בלילה שאינו זמן ציצת שהרי הם נוי הבגד...']","Arukh HaShulchan, Orach Chaim 13:2",
שם הלכה ז:,"['ונלע""ד דעיקר הענין כן הוא דודאי לדחות מפני זה איזה איסור תורה אין הדעת סובלת דאין זה דומה לשארי כבוד הבריות שהתירו בשב ואל תעשה בדברים שיש בהם בזיון גדול ולא כן בהפשטת טליתו כמובן ולכן בחול אין שום היתר ורק בשבת איכא היתר אחר דנלע""ד ברור...']",,
"גיטין מה ע""ב:","['דתני רב המנונא בריה דרבא מפשרוניא: ס""ת, תפלין ומזוזות שכתבן (מין) ומסור, עובד כוכבים ועבד, אשה וקטן, וכותי וישראל מומר - פסולין, שנאמר: וקשרתם... וכתבתם, כל שישנו בקשירה ישנו בכתיבה, וכל שאינו בקשירה אינו בכתיבה']",Gittin 45b,
"מנחות לו ע""ב:","['אמר רבה בר רב הונא: חייב אדם למשמש בתפילין בכל שעה, קל וחומר מציץ: ומה ציץ שאין בו אלא אזכרה אחת, אמרה תורה: והיה על מצחו תמיד - שלא תסיח דעתו ממנו, תפילין שיש בהן אזכרות הרבה על אחת כמה וכמה.']",Menachot 36b,
שם שיטה מקובצת אות ה:,"['קו""ח מציץ כו\' – גליון והקשה הר""ר שמחה כיון דתפילין בעו כוונה איך יכול להתפלל או לקרוא ק""ש בהם, דהא אינהו נמי בעי כוונה. ותירץ דהעוסק במצוה פטור מן המצוה כיון דאי אפשר לו לקיים שניהם ביחד. ועוד הקשה ר""י הואיל ועוסק במצוה פטור מן המצוה מי (שמניח) [שמונח] טלית ותפילין עליו יהא פטור מללמוד, וכן כל תרי""ג מצות, דליכא למימר דמיירי דאינו יכול לעשות שניהם בבת אחת, דא""כ פשיטא דפטורים, דאיך יעשה זאת ויניח זאת דאין אתה יודע מתן שכרן של מצות. אלא ע""כ מיירי אפילו יכול לעשות שניהם בבת אחת אפ""ה פטור, עיין תוס\' ב""ק דף נו ע""ב ד""ה בההיא.']",,
"רא""ש הלכות תפילין אות כא:","['ת""ר לא יאחז אדם תפילין בידו וס""ת בזרועו [ויתפלל ולא] ישתין בהן מים. ולא יישן בהן לא שינת קבע ולא שינת עראי. אבל כשהן בראשו מותר להשתין בהן בבית הכסא עראי. וגם מותר לישן בהן שינת עראי כדאמרינן בסוכה (דף כו ע""א) הנכנס לישן ביום רצה חולץ רצה מניח אבל כשהן בידו אפילו [לישן בהם] שינת עראי אסור שמא יפלו מידו וא""ת והיאך שינת עראי מותר והלא אסור להסיח דעתו מהן ובשעה שמתנמנם נמצא שהסיח דעתו מהן. והיה אומר ה""ר יונה ז""ל דמתוך דברי הרמב""ם ז""ל (פ""ד מהל\' תפילין) מצאנו תירוץ לדבר זה דלא הוי היסח הדעת אלא כשעומד בקלות ראש ובשחוק. אבל כשעומד ביראה ומתעסק בצרכיו אף על פי שעוסק במלאכתו ובאומנתו ואין דעתו עליהם ממש אין זה נקרא היסח הדעת. דאי לא תימא הכי היאך יכול אדם להניח תפילין כל היום וכן נמי כשמתנמנם אין כאן היסח הדעת כי הוא שוכח הבלי העולם ואין כאן קלות ראש.']",,
"מנחות לו ע""ב – לז ע""א:","['ת""ר: ידך - זו שמאל; אתה אומר: שמאל, או אינו אלא ימין? תלמוד לומר: אף ידי יסדה ארץ וימיני טפחה שמים, ואומר: ידה ליתד תשלחנה וימינה להלמות עמלים, ואומר: למה תשיב ידך וימינך מקרב חיקך כלה; רבי יוסי החורם אומר: מצינו ימין שנקרא יד, שנאמר: וירא יוסף כי ישית אביו יד ימינו. ואידך? יד ימינו איקרי, יד סתמא לא איקרי. ר\' נתן אומר: אינו צריך, הרי הוא אומר: וקשרתם וכתבתם, מה כתיבה בימין אף קשירה בימין, וכיון דקשירה בימין, הנחה בשמאל היא. ור\' יוסי החורם, הנחה דבשמאל מנא ליה? נפקא ליה מהיכא דנפקא ליה לר\' נתן. רב אשי אמר: מידכה, כתיב בה""י, כהה. א""ל ר\' אבא לרב אשי, ואימא: ידך שבכח! א""ל: מי כתיב בחי""ת? כתנאי: ידכה בה""י - זו שמאל; אחרים אומרים: ידך - לרבות את הגידם. תניא אידך: אין לו זרוע - פטור מן התפילין; אחרים אומר: ידכה - לרבות את הגידם. ת""ר: אטר מניח תפילין בימינו שהוא שמאלו. והתניא: מניח בשמאלו שהוא שמאלו של כל אדם! אמר אביי: כי תניא ההיא, בשולט בשתי ידיו.']",Menachot 36b-37a,
"תורה תמימה לדברים ו, ח אות מד:","['ודע דבכלל יש להעיר על עיקר צריכות הגמ\' לילף דמניחין תפלין על יד שמאל [בכל אדם], תיפק ליה דממילא ידעינן כן משום דדרך כל אדם לעשות מלאכתו בימין, א""כ על כרחך צריך לקשור בימין, וא""כ ממילא צריך להניח על של שמאל, ומהיכי תיתא לשנות הטבע בהנחת תפלין מאשר בכל פעולה ומעשה. ונראה עפ""י מה דקי""ל בעלמא דכל דבר שמברכין עליו צריך להיות בימין (עיין ברכות מג ע""ב), וא""כ הו""א דצריך שתהיה ההויה בימין ולקשור בשמאל כיון דמברכין על ההנחה, קמ""ל. וגם י""ל בצריכות עיקר דרשה עפ""י מ""ש בסוף ברכות סב ע""א שהתורה נתנית בימין של הקדוש ברוך הוא כדכתיב מימינו אש דת למו, וידוע דת""ת ותפלין שקולין הם, שכן איתא במכילתא פ\' בא העוסק בתורה פטור מן התפלין, והמניח תפלין כאלו קורא בתורה, (ועי\' תוס\' ר""ה יז ע""א), וא""כ הו""א כמו שהתורה ניתנה בימין, כך יניחו תפלין על יד ימין, קמ""ל.']",,
"מנחות לז ע""א–ע""ב:","['תנא דבי מנשה: על ידך - זו קיבורת, בין עיניך - זו קדקד. היכא? אמרי דבי רבי ינאי: מקום שמוחו של תינוק רופס. בעא מיניה פלימו מרבי: מי שיש לו שני ראשים באיזה מהן מניח תפילין? א""ל: או קום גלי או קבל עלך שמתא. אדהכי אתא ההוא גברא, א""ל: איתיליד לי ינוקא דאית ליה תרי רישי, כמה בעינן למיתב לכהן? אתא ההוא סבא תנא ליה: חייב ליתן לו י\' סלעים. איני? והתני רמי בר חמא, מתוך שנאמר: פדה תפדה את בכור האדם, שומע אני אפילו נטרף בתוך ל\', ת""ל: אך, חלק! שאני הכא, דבגולגולת תלא רחמנא. אמר מר: ידך - זו קיבורת. מנלן? דת""ר: על ידך - זו גובה שביד; אתה אומר: זו גובה שביד, או אינו אלא על ידך ממש? אמרה תורה: הנח תפילין ביד והנח תפילין בראש, מה להלן בגובה שבראש, אף כאן בגובה שביד; רבי אליעזר אומר: אינו צריך, הרי הוא אומר: והיה לך לאות, לך לאות - ולא לאחרים לאות; ר\' יצחק אומר: אינו צריך הרי הוא אומר: ושמתם את דברי אלה על לבבכם... וקשרתם, שתהא שימה כנגד הלב. ר\' חייא ורב אחא בריה דרב אויא מכוין ומנח ליה להדי ליביה. רב אשי הוה יתיב קמיה דאמימר, הוה ציריא בידיה וקא מתחזיין תפילין, אמר ליה, לא סבר לה מר: לך לאות - ולא לאחרים לאות? אמר ליה: במקום לך לאות איתמר. גובה שבראש מנלן? דת""ר: בין עיניך - זו גובה שבראש; אתה אומר: זו גובה שבראש, או אינו אלא בין עיניך ממש? נאמר כאן בין עיניך ונאמר להלן לא תשימו קרחה בין עיניכם למת, מה להלן בגובה שבראש מקום שעושה קרחה, אף כאן בגובה של ראש מקום שעושה קרחה; ר\' יהודה אומר: אינו צריך, אמרה תורה: הנח תפילין ביד הנח תפילין בראש, מה להלן במקום הראוי ליטמא בנגע אחד, אף כאן במקום הראוי ליטמא בנגע אחד, לאפוקי בין עיניך דאיכא בשר ושער, דאיכא שער לבן ואיכא נמי שער צהוב.']",Menachot 37a-72a,
"שו""ת הרא""ש ג סימן ד:","['וששאלת, אם יכול אדם להניח תפילין בזרועו, או בראשו, על דבר חוצץ. דע, שצריך שלא יהא דבר חוצץ בין תפילין לראשו ובין תפילין לזרועו. דאמרינן בפרק ב דזבחים (דף יט): תפילין, מהו שיחוצו בין גופו לבגדו? דבבגדי כהונה כתיבי: ילבש על בשרו, שלא יהא דבר חוצץ בינו ובין בשרו; וכתיב: ושמת המצנפת על ראשו, שלא יהא דבר חוצץ בינו ובין ראשו. ומייתי התם בברייתא, דכהנים בעבודתם פטורין מן התפילין; ואי ס""ד שאין חציצה פוסלת בתפילין, יניח התפילין על המצנפת, ועל הזרוע על הכתונת! וטעמא משום דכתיב: לאות על ידכה, שלא יהא דבר חוצץ בינו לידו. כדדרשינן: ילבש על בשרו, שלא יהא דבר חוצץ בינו לבין בשרו. וכן דרשינן: לטוטפות בין עיניך, שלא יהא דבר חוצץ בין תפילין ובין עיניך.']",Teshuvot HaRosh 3:4,
"שו""ת הרשב""א המיוחסות לרמב""ן סימן רלג:","['שאלה, אם מותר להניח תפילין על הבגד למעלה או לא. תשובה... ואם על תפילין של ראש, אתה אומר, זו מסופקת היא בידי, מכמה שנים. אף על פי שלא ראיתי לאחד מהראשונים ז""ל שנסתפקו בזה, אלא נראה דעת כולם שאין נותנים אותה על הבגד שבראש, כדי שלא תהא חציצה בין תפילין לראש. וזהו שהביאני לידי ספק זה, לפי שלא אמר, אפילו בשל יד, שאין נותנים אותה ע""ג אונקלי משום חציצה, אלא משום לך לאות, הא לאו הכי שרי, ואילו בשל ראש לא כתיב לך לאות. אדרבה! כתיב בהו וראו כל עמי הארץ, ודרשינן אלו תפילין שבראש, כדאיתא במנחות, א""כ מותר להניחם ע""ג בגד. ואי משום דכתיב בהו לטוטפות בין עיניך, לא אתא קרא למימר שלא יהא דבר חוצץ בינם לבין גובה של ראש, דהיינו בין עיניו, אלא לקבוע מקום להנחתן הוא דאתא קרא. ואילו כתיב והיו לטוטפות על בין עיניך, היה במשמע שלא יהא דבר חוצץ, וכדדרשינן גבי מצנפת, דכתיב ושמת המצנפת על ראשו, ודרשינן שלא יהא דבר חוצץ בינו ובין ראשו, כדאיתא בריש ערכין ובמקומות אחרים, וכדדרשינן נמי גבי חליצה, דכתיב מעל רגלו ולא מעל דמעל. וגבי כתונת נמי אמרינן שלא יהא דבר חוצץ בינה ובין בשרו, משום דכתיב בה ילבש על בשרו. אבל גבי תפילין לא כתיב לטוטפות על בין עינך.']",,
"תורה תמימה לשמות יג, ט אות לד:","['[והיה לך לאות - לך לאות ולא לאחרים לאות, מכאן לתפלין של יד שמניחן על גב היד]', 'ר""ל ולא על היד ממש, על הכף, מפני שהוא בגלוי, ובסמוך בדרשה על ידך תבא עוד דרשה בענין זה, שתהא שימה כנגד הלב, ונראה דאפילו לדרשה זו צריכה גם אותה דרשה, יען כי מכאן אפשר להכשיר ההנחה גם למטה מן הקבורת אם מכוסה בבגד ואותה דרשה שתהא שימה כנגד הלב מורה המקום בדיוק למעלה מן הקבורת כפי שיתבאר שם. והנה דרשה זו מפורש ממעטה רק ההנחה הגלויית ביד ולא בראש, ונראה ההסבר בזה ע""פ דדרשינן בכ""מ בגמרא וראו כל עמי הארץ כי שם ה\' נקרא עליך אלו תפלין שבראש, א""כ תפלין של ראש עיקר המצוה בגלוי. וע\' בערכין ג ע""ב ברש""י ותוס\' כתבו הטעם דאין מניחין תפלין של יד על הבגד משום דרשה זו לך לאות ולא לאחרים לאות, אבל הרא""ש ועוד פוסקים כתבו הטעם משום חציצה, ונראה עיקר טעם הרא""ש ודעמי\', יען דלדברי רש""י ותוס\' קשה למה קיי""ל בשל ראש שאסור להניח על הבגד, אחרי דבו עיקר המצוה בגלוי, כמש""כ, אבל אי משום חציצה ניחא בזה ובזה, ודו""ק.']",,
"שבת עט ע""ב:","['אמר רב: דוכסוסטוס, הרי היא כקלף, מה קלף כותבין עליו תפילין - אף דוכסוסטוס כותבין עליו תפילין. תנן: קלף כדי לכתוב פרשה קטנה שבתפילין, שהיא שמע ישראל (קלף אין, דוכסוסטוס לא!) - למצוה. תא שמע: הלכה למשה מסיני תפילין על הקלף, ומזוזה על דוכסוסטוס. קלף במקום בשר, דוכסוסטוס במקום שיער! - למצוה. והתניא: שינה פסול! - אמזוזה. - והתניא: שינה - בזה ובזה - פסול! אידי ואידי אמזוזה, והא - דכתבינהו אקלף במקום שיער, אי נמי - אדוכסוסטוס במקום בשר. ואיבעית אימא: שינה בזה ובזה - תנאי היא. דתניא: שינה בזה ובזה - פסול, רבי אחא מכשיר משום רבי אחי בר חנינא, ואמרי לה משום רבי יעקב ברבי חנינא. רב פפא אמר: רב דאמר - כתנא דבי מנשה; דתנא דבי מנשה: כתבה על הנייר ועל המטלית - פסולה, על הקלף ועל הגויל ועל דוכסוסטוס - כשרה. כתבה מאי? אילימא מזוזה - מזוזה אקלף מי כתבינן? אלא לאו - תפילין. וליטעמיך, תפילין אגויל מי כתבינן? [אלא], כי תניא ההיא - בספר תורה. לימא מסייע ליה: כיוצא בו תפילין שבלו וספר תורה שבלה - אין עושין מהן מזוזה, לפי שאין מורידין מקדושה חמורה לקדושה קלה. טעמא - דאין מורידין, הא מורידין - עושין. דכתיבא אמאי? לאו דכתיבא אדוכסוסטוס? - לא, דכתיבא על הקלף. ומזוזה אקלף מי כתבינן? אין; - והתניא: כתבה על הקלף על הנייר ועל המטלית - פסולה, אמר רבי שמעון בן אלעזר: רבי מאיר היה כותבה על הקלף, מפני שמשתמרת. השתא דאתית להכי - לרב נמי לא תימא דוכסוסטוס הרי הוא כקלף אלא אימא: קלף הרי הוא כדוכסוסטוס. מה דוכסוסטוס כותבין עליו מזוזה - אף קלף כותבין עליו מזוזה.']",Shabbat 79b,
ושם בסוף הדברים:,"['ונמצא לפי שיטתנו התפלין הואיל ואין צריכין שרטוט דיין בקלף ועוד מפני שהם נגללים לכמה כפלים כעגול ספר תורה בחתיכות דקות ועומד בבית צר וקצר והקלף נוח לכך שהוא דק והמזוזה מתוך שצריכה שרטוט צריכה מקום חזק אין צריך לדחוק בה כל כך שיש לשיטותיה מספר כ""ב ומונחת בתיק ארוך וראוי לה דוכסוסטוס שהוא עבה וכן עיקר ומ""מ כמה קשה המחלקת שהרי בתפלין כשר לשטתנו פסול לדבריהם וכשר לדבריהם פסול לשיטתנו וה\' יכפר בעד ורחמנא ליבא בעי.']",,
"רא""ש הלכות ספר תורה ה:","['ור""ת ז""ל היה אומר דקלפים שלנו יש להם דין קלף ונכתבין במקום בשר והוא הטוב והנאה יותר. וגם אינו יכול להזדייף כמו צד השער ויש שרוצים לומר שיש להן דין דוכסוסטוס לפי שמגרדין אותן הרבה במקום שער ומסירים הרבה קליפות בתער הגלבים ונשאר הצד שכלפי הבשר ולדבריהם קשה דא""כ תפילין היאך נכתבין הלא תפילין פסולין על הדוכסוסטוס כדאיתא בפרק המוציא יין (דף עט ע""א. ובפרק הקומץ רבה, דף לב ע""א) אלא ודאי קולפין אותן הרבה גם במקום הבשר ודין קלף יש להן ונכתבים במקום בשר.']",,
שם דברי חמודות אות יח:,"['ודין קלף יש להן – ובתשובות מהר""י מינץ סימן טו שהם מובחרים יותר מן הגויל משום זה אלי ואנוהו כי על הקלף הוא יותר נאה שהגויל לא הוסר ממנו כ""א השער גם היתה כבידה יותר מדאי ע""כ...']",,
"מנחות לב ע""ב:","[""הא מורידין - עושין, והא בעיא שרטוט! דאמר רב מניומי בר חלקיה אמר רב חמא בר גוריא אמר רב: כל מזוזה שאינה משורטטת - פסולה, ורב מנימין בר חלקיה דידיה אמר: שרטוט של מזוזה - הלכה למשה מסיני! תנאי היא; דתניא, ר' ירמיה אומר משום רבינו: תפילין ומזוזות נכתבות שלא מן הכתב, ואין צריכות שירטוט. והילכתא: תפילין לא בעי שרטוט, ומזוזה בעיא שירטוט.""]",Menachot 32b,
"חידושי הרמב""ן גיטין ו ע""ב ד""ה 'וכתב ליה':","['וכתב ליה בלא שרטוט – פי\' ר""ת ז""ל בספר הישר דהיינו שרטוט העליון, שאין ס""ת וכ""ש שאר ספרים צריכים שרטוט אלא שיטה ראשונה, חוץ מן המזוזה שהלכה למשה מסיני שצריכה שרטוט והיינו בין שיטה לשיטה, ונתן טעם לדבריו שאם תאמר ס""ת צריך שרטוט בין שיטה לשיטה ואפי\' שלש תיבות נמי אין כותבין אמאי אצטריך הלכה למשה מסיני במזוזה, והא דאמרינן במס\' מגילה מלמד שצריכה שרטוט כאמתה של תורה היינו כמזוזה שיש בה מלכות שמים, תדע דהא אמרינן התם נקראת ספר ונקראת אגרת נקראת ספר שאם תפרה בחוטי פשתן פסולה כס""ת ואי ס""ד ס""ת צריך שרטוט תיפוק לי שרטוט מהתם משום שנקראת ספר ולמה לי דברי שלום ואמת, עוד הביא ראיה מדאמרי\' במנחות שתפילין אינן צריכין שרטוט ומי גרעי מכל הספרים, ואם תאמר שהלכה למשה מסיני הוא, הא לא חזינא בגמ\' דגמירי הלכה בתפילין כלל וכי גמירי במזוזה הוא דגמירי שהיא צריכה שרטוט, אבל רש""י ז""ל פי\' שם במגילה כאמתה של תורה היינו ס""ת עצמו, וכן משמע בירושלמי דגרסינן נאמר כאן דברי שלום ואמת ונאמר להלן אמת קנה ואל תמכור הרי היא כאמתה של תורה מה זו צריכה שרטוט אף זו צריכה שרטוט מה זו נתנה להדרש אף זו נתנה להדרש, אם כן קאי אס""ת.', '...עוד אפשר לומר שתפילין ומזוזה כיון שלא ניתנו לקרות בהן מן הדין אינן צריכין שרטוט, שאין שרטוט אלא בס""ת ושאר ספרים שניתנו לקרות בהם כדי שלא יתערבו השיטות וירוץ קורא בהם, ואתיא הלל""מ והצריכה שרטוט למזוזה, אבל תפילין בדינן הם עומדין ואינן צריכין שרטוט כלל שלא ניתנו לקרות בהם אלא מחופין וטמונין הן בעורן ותפורים בגידין שא""א לקרות בהם כלל, ובתשובת הגאונים מצאתי תשובה כטעם הזה לרב נטרונאי גאון ז""ל כך ראינו דכל דבר שהוא משום קדושה צריך שרטוט ואסור לכתוב פסוק אחד בלא שרטוט חוץ מן התפילין מפני שמצותן לכרכן לקמען כקמיע ולא לקרות בהם כל עיקר כספרים.']",Chiddushei Ramban on Gittin 6b:1,
"רא""ש הלכות מזוזה ו:","['תניא הל""מ תפילין על הקלף ומזוזה על הדוכסוסטוס, קלף במקום בשר ודוכסוסטוס במקום שער – ומפרשי רבנן ה""מ במעובד לשמה. ונהיגי להצריך עבוד לשמה אף במזוזה. והרמב""ם ז""ל (פ""א מהל\' ס""ת) כתב דמזוזה לא בעי עבוד לשמה.']",,
"חידושי ר' חיים על הרמב""ם הלכות תפילין א, יא:","['ולפ""ז צ""ע בסת""מ דבעינן עיבוד (וכדאיתא ברמב""ם פ""א הי""ד דגם מזוזה שכתבה על עור שאינו מעובד פסולה) אם הוא דין של סת""מ מדין קדושתן, או משום דלא גרע מכל כתיבה וספר שבתורה דבעינן בהו עיבוד, והכא נמי סת""מ דכוותה, אבל דין מסויים בסת""מ ליכא שיהיו צריכין עיבוד... אכן במזוזה צ""ע, דהנה בהא דדרשינן בה נאמר כאן כתיבה ונאמר להלן כתיבה מה להלן על הספר אף כאן על הספר, פירשו התוס\' במנחות שם דהגזירה שוה הוא מכתיבה דפרשת סוטה, אשר לפ""ז צ""ע אם נימא דכיון דילפינן לה מסוטה א""כ הוי דין עיבוד ודין ספר שלה כמו גבי סוטה דאין בה משום קדושה, או דנימא דהא דנלמד בגזירה שוה מקרא דוכתבתם היינו כמאן דכתיב בה ספר להדיא והדר דין ספר שלה משום דין מזוזה וקדושת מזוזה.']","Mishneh Torah, Tefillin, Mezuzah and the Torah Scroll 1:11",
"רמב""ם הלכות תפילין א, יא:","['גויל של ספר תורה וקלף של תפילין או של ספר תורה צריך לעבד אותן לשמן ואם עבדן שלא לשמן פסולין, לפיכך אם עבדן הכותי פסולין אף על פי שאמרנו לו לכותי לעבד עור זה לשם הספר או לשם התפילין פסולין, שהכותי על דעת עצמו הוא עושה לא על דעת השוכר אותו, לפיכך כל דבר שצריך מעשה לשמו אם עשהו הכותי פסול, ומזוזה אינה צריכה העבדה לשמה.']","Mishneh Torah, Tefillin, Mezuzah and the Torah Scroll 1:11",
הגהות מיימוניות שם:,"['לשון הטור: ה""ר ברוך נסתפק אם צריך שיוציא בשפתיו שמעבדו לשמה או סגי במחשבה שמחשב כך בלבו, וכתב א""א ז""ל טוב שיוציא בשפתיו.']",,
"חידושי ר' חיים על הרמב""ם הלכות סת""ם א, טו:","['ולפי דברינו נראה דהיינו טעמיה דהטור, דשאני דין לשמן של סת""מ דהוא דין כוונה ומחשבה נוספה של לשמן, וע""כ בעינן בזה דיבור כדילפינן לה מפיגול, משא""כ לענין דין כוונה המיוחדת בכתיבת אזכרות וקדושתן דהוא רק שיכתבם בתורת השם, ושיהיו מעשיו וידיעתו מכוונים שכותב את השם. ונמצא דהוא זה רק כוונת וידיעת מעשה הכתיבה בלבד שהוא זה כתיבת השם, ולא חלות דין נוסף של כוונה וע""כ סגי בזה במחשבה לחוד.']","Mishneh Torah, Tefillin, Mezuzah and the Torah Scroll 1:15",
"גיטין כ ע""א–ע""ב:","['תנו רבנן: וכתב - ולא חקק. למימרא, דחקיקה לאו כתיבה היא, ורמינהו: עבד שיצא בכתב שעל גבי טבלא ופינקס - יצא לחירות, אבל לא בכתב שעל גבי כיפא ואנדוכתרי! אמר עולא אמר רבי אלעזר, לא קשיא: הא דחק תוכות, הא דחק יריכות. ותוכות לא? ורמינהו: לא היה כתבו שוקע, אלא בולט כדינרי זהב; והא דינרי זהב תוכות הן! כדינרי זהב ולא כדינרי זהב, כדינרי זהב - דבולט, ולא כדינרי זהב - דאילו התם תוכות, הכא יריכות. אמר ליה רבינא לרב אשי: רושמא, מיחרץ חריץ או כנופי מכניף? אמר ליה: מיחרץ חריץ. איתיביה: לא היה כתבו שוקע, אלא בולט כדינרי זהב; ואי סלקא דעתך מיחרץ חריץ, הא בעינא מכתב וליכא! כדינרי זהב ולא כדינרי זהב, כדינרי זהב - דבולט, ולא כדינרי זהב - דאילו התם מגואי, והכא מאבראי.']",Gittin 20a-72a,
"ר""ן על הרי""ף שבת לז ע""ב ד""ה 'גרסי' בגמ' תנא':","['גרסי\' בגמ\' (דף קד ע""ב): תנא הגיה אות אחת חייב השתא כתב אות אחת פטור הגיה אות אחת חייב אמר רב ששת הכא במאי עסקינן כגון שנטלו לגגו של חי""ת ועשאו שני זיינין רבא אמר כגון שנטלו לגגו של דל""ת ועשהו רי""ש – וכתוב בחדושי הרשב""א דמהא שמעי\' דבכה""ג לא מיקרי חק תוכות שאינו אלא כמפריד בין שני אותיות דבוקות וכן כשנטלו לגגו של דל""ת ועשאו רי""ש אינו אלא כדיו שנפל ע""ג האות. ול""נ דאין מכאן ראיה דלגבי שבת ליכא קפידא בין חק תוכות לחק יריכות דכל היכא דהוי מלאכת מחשבת מיחייב שהרי אפי\' מוחק על מנת לכתוב חייב אבל במידי דבעינן כתיבה (דלחזי כתיבה) כי האי גוונא אין לנו.']",,
"הררי קדם ג, עז:","['האמנם דיל""ע ביסוד החסרון דחק תוכות בגט וס""ת, אם החסרון הוא רק במעשה הכתיבה כיון שהוא אינו עושה שום מעשה כתיבה בגוף האות או דלמא דהחסרון הוא גם בהחפצא של הכתב דכתב שנכתב מאליו לאו כתב הוא כל עיקר ולכאורה מדברי הר""ן הנ""ל מתבאר דס""ל דשפיר חשיב כתב... אכן עיין ברמב""ם בפ""ד מהל\' גירושין הל\' ו... שאין זה כתב ומשמע מלשון הרמב""ם דהחסרון הוא בהחפצא של הכתיבה... ומבואר בסוגית הגמ\' דגם בהכתיבה של ציץ חק תוכות פסול והנה לגבי ציץ לא צינו דין של מעשה כתיבה בתורה... ויש להסתפק לענין שטרי קנין אם הם כשרים כשנכתבו ע""י חק תוכות ולכאורה נראה דגם אם חק תוכות הוא חסרון בגוף הכתיבה מ""מ בכל השטרות לא בעי\' בדוקא חפצא של כתב.']",,
"רש""ר הירש לדברים ו, ט:","['וכתבתם על מזזות – אמיתוֹת אלה תהיינה היסוד לכל מחשבותיך ומעשיך. להן תתמסר בכל ישותך ולהגשמתן תקדיש את כל חייך. להכרתן תשאף ותוריש אותן לבניך. בהן תעסוק השכם והערב, בבית ובדרכים. נמצא, שהן המטביעות את חותמן על מחשבותיך ומעשיך. ואמיתות אלה תהיינה הכתובת במזוזות הכניסה של בתיך ושעריך, וכל המקומות שאתה חי בהן ברשות היחיד וברשות הרבים יהיו קדושים להגשמתן.', 'מצות מזוזה כתובה רק במשנה תורה שנכתב לצורך באי הארץ, ודבר זה מובן יפה; שהרי ""בית ושער"" ניתנו לישראל רק אחרי כיבוש הארץ, וקשה להניח שאהלי הנודדים במדבר היו חייבים במזוזה, שהרי כל עצמם לא היו אלא דירת ארעי (יומא י ע""א–ע""ב).', 'אולם כתובת המזוזה כוללת רק שתיים מתוך ארבע הפרשיות של התפלין: פרשת ""שמע"" ופרשת ""והיה אם שמוע"", שכן בתינו וערינו הם המקומות שהתורה – כפי שהיא נלמדת ב""שמע"" – מבקשת להתקיים בהם, ובהם תתגשם הברכה או הקללה התלויה בשמירת התורה או בעזיבתה, ותלות זו מפורשת בפרשת ""והיה אם שמוע"".']",,
"שו""ת רבי עקיבא איגר קמא סימן ט:","['על שאלת רום מעלת פאר כבוד תורתו, במי שאין ידו משגת לקנות תפילין ולולב או סוכה, וכן מי שאין ידו משגת לקנות מזוזה לפתחו ולולב לצאת בו, הי מנייהו קדים... ולענין מזוזה וסוכה לכאורה נראה דסוכה קודם, אף דמזוזה תדיר מ""מ לפי""מ שבארנו דסוכה הוי חובת הגוף דאי אפשר לו להפטר מחיובו ממנה, ומזוזה לא מקרי חובת הגוף דא""צ לקנות בית ולישב בו ולקבוע מזוזה, וכיון דקיי""ל דתפילין ומזוזה תפילין קודמין דחובת הגוף עדיף מתדיר, ה""נ סוכה קודם למזוזה. אמנם לענ""ד דין זה צ""ע, דהנה ביסוד הדין הא דפסקי\' כר""ה לגבי שמואל עיין בהרא""ש הלכות תפילין שכתב ומסתברא דההלכה כר""ה דמצוה דגופא עדיף, וגם מפרש תלמודא טעמא, ובקרבן עדה הקשה, הא בתלמודא מפרש ג""כ טעמא דשמואל ואדרבה מייתי סייעתא לשמואל, וכתב הוא כיון דמייתי הירושלמי ראיה לדשמואל מהברייתא דקתני תפילין שבלה עושים אותה מזוזה, ומזוזה שבלה אין עושין אותה תפילה א""כ ממילא למה דקיי""ל כתלמודא דידן דאיתא בברייתא בהיפוך דמתפילה אין עושין מזוזה, וממזוזה עושין תפילין דקדושת תפילין חמורה ממזוזה, ממילא הוי סייעתא לר""ה ע""ש, וכבר קדמו בזה בב""י (או""ח סימן לו), וא""כ במזוזה לגבי סוכה ולולב י""ל כי היכי דלהירושלמי דקדושת מזוזה עדיף מתפילין, היה הדין דמזוזה עדיף מתפילין, דקדושה חמורה קודם למצוה שהיא חוה""ג אלא דאנן ס""ל דתפילין עדיף ממזוזה, דאנן קיי""ל דקדושת תפילין חמיר ממזוזה, אבל לענין מזוזה לגבי סוכה ולולב אף דסוכה ולולב הוויין חוה""ג כנ""ל מ""מ מזוזה עדיף דיש בו קדושה וסוכה ולולב אין בהם קדושה, דלענין יסוד זה קיימא סברת הירושלמי דקדושה חמורה עדיף ממעלת מצוה דחוה""ג, ומכ""ש לגבי דבר שאין בו קדושה כלל, ולפ""ז יהיה הדין לכאורה בהיפוך דמזוזה קודם ללולב וסוכה.']",,
"מנחות לד ע""א:","['ת""ר: וכתבתם - יכול יכתבנה על האבנים? נאמר כאן כתיבה ונאמר להלן כתיבה, מה להלן על הספר, אף כאן על הספר; או כלך לדרך זו: נאמר כאן כתיבה ונאמר להלן כתיבה, מה להלן על האבנים, אף כאן על האבנים? נראה למי דומה, דנין כתיבה הנוהגת לדורות מכתיבה הנוהגת לדורות, ואין דנין כתיבה הנוהגת לדורות מכתיבה שאינה נוהגת לדורות, וכמו שנאמר להלן: ויאמר להם ברוך מפיו יקרא אלי את הדברים האלה ואני כותב על הספר בדיו. אמר ליה רב אחא בריה דרבא לרב אשי, רחמנא אמר: על מזוזות, ואת אמרת: נילף כתיבה כתיבה! אמר קרא: וכתבתם, כתיבה תמה, והדר על המזוזות. ומאחר דכתיב [וכתבתם], האי גזירה שוה למה לי? אי לאו גזירה שוה, הוה אמינא ליכתבא אאבנא וליקבעה אסיפא, קמ""ל.']",Menachot 34a,
"רמב""ם הלכות מזוזה ה, ז:","[""וקודם שיקבענה במזוזת הפתח מברך תחלה, ברוך אתה יי' אלהינו מלך העולם אשר קדשנו במצותיו וצונו לקבוע מזוזה, ואינו מברך בשעת כתיבתה שקביעתה זו היא המצוה.""]","Mishneh Torah, Tefillin, Mezuzah and the Torah Scroll 5:7",
שם בכסף משנה:,"['ומברך תחלה וכו\' – כן כתב הרי""ף ז""ל. ומ""ש ואינו מברך בשעת כתיבתה וכו\' מדאמרינן בפרק התכלת (דף מב) כל מצוה שאין עשייתה גמר מצותה אינו מברך אלא בשעת גמר מצותה.']",,
"רמב""ם שם הלכה ו:","['כשכופלין אותה גוללין אותה מסוף השיטה לתחלתה עד שתמצא כשיפתח הקורא לקרות יקרא מראש השיטה לסופה, ואחר שגוללה מניחה בשפופרת של קנה או של עץ או של כל דבר ומחבר אותה אל מזוזת הפתח במסמר או חופר במזוזת הפתח ומכניס בה המזוזה.']","Mishneh Torah, Tefillin, Mezuzah and the Torah Scroll 5:6",
"פתחי תשובה יו""ד רפט ס""ק ב:","['יניחנה בשפופרת – בהנהגת החסיד הגר""א ז""ל כתב לא יכרוך המזוזה בקלף וכדומה שלא יהא חוצץ בין המזוזה למזוזות הבית עכ""ד וצ""ע.']",,
"רש""י מנחות לד ע""א ד""ה 'רחמנא אמר על מזוזת' ואילך:","['רחמנא אמר על מזוזות - דמשמע כתבם על הסף ממש ולא באגרת.', 'כתיבה תמה - ואין כתיבה תמה על העצים ואבנים אלא על הספר.', 'והדר - שימה במזוזות.', 'ג""ש - כתיבה כתיבה.', 'ליכתבא אאבנים - יחקקה בסכין על האבנים דהויא כתיבה תמה.', 'והדר ליקבעה - לאבן אסיפא בצורת הפתח ואיקיים כתיבה תמה והדר על המזוזות.']",Rashi on Menachot 34a:14:1,
"שיטה מקובצת שם אות כ (על רש""י ד""ה 'כתיבה תמה'):",['ואין [כתיבה תמה...] – כתיבת דיו תמה.'],,
"תוספות בבא מציעא קב ע""א ד""ה 'בגובתא':","['בגובתא דקניא – מכאן נראה כמו שפירש רש""י במנחות (דף לג ע""א) שמניחין המזוזה מעומד לכן צריך גובתא דקנה שלא תפול אבל לפר""ת שמניח אותה מיושב כמו ספר תורה מונח בארון ולא מעומד ובמנחות (שם) נמי עשאה כמין נגר פסולה והיינו מעומד דשילהי המוכר פירות (ב""ב דף קא ע""א ושם) אמר על כמין נגר היינו קבורת חמור משמע במעומד קאמר ואם כן גובתא דקניא למה לי ויש לומר שלא תכלה מלחלוחית הכותל.']",Tosafot on Bava Metzia 102a:1:1,
"רמב""ם הלכות מזוזה ה, ז:","[""וקודם שיקבענה במזוזת הפתח מברך תחלה, ברוך אתה ה' אלהינו מלך העולם אשר קדשנו במצותיו וצונו לקבוע מזוזה, ואינו מברך בשעת כתיבתה שקביעתה זו היא המצוה.""]","Mishneh Torah, Tefillin, Mezuzah and the Torah Scroll 5:7",
"ירושלמי ברכות פ""ט ה""ג:","['העושה מזוזה לעצמו אומר, לעשות מזוזה. לאחר, לעשות מזוזה לשמו. כשהוא קובע אומר, ברוך אשר קדשנו במצותיו וציונו על מצות מזוזה.']",Jerusalem Talmud Berakhot 9:3,
"דברי שיר על הרמב""ם הלכות מזוזה ו, ז:",['להירושלמי על הכתיבה של המזוזה נמי יש לברך עליה. לפיכך אין לנו ליחד הברכה דוקא על קביעתה אלא לכלול גם הכתיבה בהברכה.'],"Mishneh Torah, Tefillin, Mezuzah and the Torah Scroll 6:7",
"שו""ת רבי עקיבא איגר קמא סימן ט:","['ונ""ל דגם ההולך מביתו לעסקיו בשוק שעות הרבה ופעמים נוסע מעירו על איזה ימים, דלכאורה הדין דכשחוזר לביתו יברך על המצוה, דהא בנתים שלא היה בדירת ביתו לא היה עליו חובת מזוזה, ומתחיל עתה חיוב חדש... אחר זמן רב בא לידי ספר ברכי יוסף, וראיתי שכתב בפשיטות (באורח חיים סי\' יט) בדין הראשון הנ""ל דשוכר בית שיש בו מזוזה דאינו מברך, דלא תקנו הברכה רק על שעת קביעת המזוזה, וממילא גם בדין הב\' הנ""ל בנוסע מעירו ואח""כ חוזר לביתו אינו מברך, ולדינא צל""ע.']",,
"יומא יא ע""א–ע""ב:","['והתניא: בשעריך - אחד שערי בתים, ואחד שערי חצירות, ואחד שערי מדינות, ואחד שערי עיירות, ורפת, ולולין, ומתבן, ואוצרות יין, ואוצרות שמן - חייבין במזוזה. יכול שאני מרבה אף בית שער אכסדרה ומרפסת? תלמוד לומר בית, מה בית מיוחד לדירה - יצאו אלו שאין מיוחדין לדירה. יכול שאני מרבה אף בית הכסא, ובית הבורסקי, ובית המרחץ, ובית הטבילה? תלמוד לומר, בית, מה בית העשוי לכבוד - אף כל העשוי לכבוד, יצאו אלו שאין עשויין לכבוד. יכול שאני מרבה אף הר הבית והלשכות והעזרות? תלמוד לומר בית, מה בית שהוא חול - אף כל שהוא חול, יצאו אלו שהן קודש.']",Yoma 11a-72a,
"מנחות לג ע""ב:","['אמר רבא: מצוה להניחה בטפח הסמוך לרה""ר. מאי טעמא? רבנן אמרי: כדי שיפגע במזוזה מיד, רב חנינא מסורא אומר: כי היכי דתינטריה. אמר רבי חנינא: בוא וראה שלא כמדת הקדוש ברוך הוא מדת בשר ודם, מדת בשר ודם - מלך יושב מבפנים ועם משמרין אותו מבחוץ, מדת הקדוש ברוך הוא אינו כן, עבדיו יושבין מבפנים והוא משמרן מבחוץ, שנאמר: ה\' שומרך ה\' צלך על יד ימינך.']",Menachot 33b,
"שו""ת דברי יציב יו""ד סימן קצא:","['ואולי י""ל שיש באמת על מצות מזוזה ב\' טעמים. טעם שמירה כר\' חנינא, וגם כמ""ש ברמב""ם פ""ו ממזוזה הי""ג ובטור יו""ד סימן רפה שכל זמן שיכנס ויצא יפגע ביחוד השם שמו של הקב""ה... שלא יחטא... דאם טעמא משום מזיקין אז זה שייך בפתח שסמוך לרשות הרבים... אבל בתוך הבית של ישראל עם קדוש חדר בתוך חדר ח""ו להך טעמא וכיון שהמזוזה בפתח החיצון והשי""ת שומרו כל הבית נשמר ממילא. משא""כ אם נאמר... שייך גם בחדר בתוך חדר שיהיו המלאכים שומרים מן החטא.']",,
"רמב""ם הלכות מזוזה ו, י:","['...חדר שבבית, אפילו חדר בחדר, חייב לעשות מזוזה על שער החדר הפנימי ועל שער החדר החיצון ועל שער הבית, שכולן עשויין לדירה וקבועין.']","Mishneh Torah, Tefillin, Mezuzah and the Torah Scroll 6:10",
"שם כסף משנה ד""ה 'חדר שבבית':","[""חדר שבבית וכו' – כבר כתב דין זה לעיל. ואיני יודע למה נשנה כאן.""]",,
"ברכות מו ע""ב – מז ע""א:","['תנו רבנן: אין מכבדין - לא בדרכים, ולא בגשרים ולא בידים מזוהמות. רבין ואביי הוו קא אזלי באורחא, קדמיה חמריה דרבין לדאביי, ולא אמר ליה ניזיל מר. אמר: מדסליק האי מרבנן ממערבא גס ליה דעתיה. כי מטא לפתחא דבי כנישתא, אמר ליה: ניעל מר. אמר ליה: ועד השתא לאו מר אנא? - אמר ליה, הכי אמר רבי יוחנן: אין מכבדין אלא בפתח שיש בה מזוזה. דאית בה מזוזה אין, דלית בה מזוזה - לא? אלא מעתה, בית הכנסת ובית המדרש דלית בהו מזוזה, הכי נמי דאין מכבדין? אלא אימא: בפתח הראוי למזוזה.']",Berakhot 46b-47a,
"רמב""ם מזוזה ו, ו:","['הר הבית הלשכות והעזרות ובתי כנסיות ובתי מדרשות שאין בהן בית דירה פטורין, לפי שהן קדש...']","Mishneh Torah, Tefillin, Mezuzah and the Torah Scroll 6:6",
"לבוש יו""ד רפו, ג:","['בית הכנסת פטור ממזוזה, שאינה עשויה לדירה.']",,
ספרי דברים פיסקא לו:,"['על מזוזות – שומע אני שתי מזוזות, תלמוד לומר בשניה מזוזות, רבוי אחר רבוי למעט, דברי רבי ישמעאל. רבי יצחק אומר אין צריך, הרי הוא אומר (שמות יב, ז) ולקחו מן הדם ונתנו על שתי המזוזות ועל המשקוף, זה בנה אב, כל מקום שנאמר מזוזות, הרי בכלל אחת עד שיפרוט לך הכתוב שתי מזוזות.', 'ביתך – על ימין בכניסה, אתה אומר על ימין בכניסה או על ימין ביציאה? תלמוד לומר על מזוזות ביתך, על ביאתך, על ימין בכניסה.']",,
"מנחות לג ע""ב:","['ואמר רבא: הני פיתחי שימאי פטורין מן המזוזה. מאי פיתחי שימאי? פליגי בה רב ריחומי ואבא יוסי, חד אמר: דלית להו תקרה, וחד אמר: דלית להו שקופי.']",Menachot 33b,
"רש""י שם ד""ה 'תקרה', 'שקופי'.","['תקרה – אסקופה עליונה.', 'שקפי – מזוזות ל""א תקרה שאין הבית מקורה, שקפי אסקופה עליונה.']",,Rashi on Menachot 33b:8:2
"שו""ת תרומת הדשן סימן עד:","['שאלה: מה שנוהגין בכל המקומות לעשות הלחיים מסיד מחוי בעובי ולא כלום, ובמרדכי משום מהר""ם משמע דבעי כעובי אצבע.', 'תשובה: יראה דאין למחות ולבטל מנהג זה שכבר נתפשט בכל המקומות. וכן שמעתי מאחד מהגדולים, שפ""א בא חד מרבוותא לניאוש""ט, ורצה לשנות הלחיים שהיו שם מקדם, ולעשות כעובי אצבע על פי המרדכי... ונראה דהמדקדק בדברי מור""ם יתבאר לו, דהא דכתב דבעינן כעובי אצבע... משמע דדוקא אענין לחי קאי ולא אצורת הפתח.']",,
"ביצה יז ע""ב:","[""מתני'. חל להיות אחר השבת, בית שמאי אומרים: מטבילין את הכל מלפני השבת, ובית הלל אומרים: כלים מלפני השבת, ואדם בשבת. ושוין שמשיקין את המים בכלי אבן לטהרן, אבל לא מטבילין. ומטבילין מגב לגב ומחבורה לחבורה."", ""גמ'. דכולי עלמא מיהת כלי בשבת לא, מאי טעמא? - אמר רבה: גזרה שמא יטלנו בידו ויעבירנו ארבע אמות ברשות הרבים.""]",Beitzah 17b,
"תוספות שם ד""ה 'שמא'.","['שמא יעבירנו ארבע אמות ברשות הרבים – תימה אמאי לא קאמר שמא יוציאנו מרשות היחיד לרשות הרבים וי""ל שיש היכרא בפתח ובגפופי החצר.']",,Tosafot on Beitzah 17b
"שו""ת חתם סופר ו ליקוטים סימן לד:","['דאף על גב דלחי בעי שיעורא כחוט הסרבל מ""מ בצורת הפתח סגי בסיד מחוי... עיין שם מבואר מזה דסתם פתח ניכרית היא ליוצאים ונכנסים והשתא נימא נהי דצה""פ לאו משום הכירא אלא מחיצה גמורה דאורייתא היא מ""מ כל שאינה ניכרית כלל ליוצאים ונכנסים לא עבדי אינשי כה""ג וכעין דאמרינן פתחא בקרן זויות לא עבדי אינשי אף על גב דפתחא גמורה היא מ""מ כיון דלא עבדי אינשי הכי לא הוה פתחא ה""נ כל פתח שאינה ניכרת לא מקרי פתח והשתא לפ""ז נהי מטעם צה""פ סגי אפי\' בסיד מחוי משני צדדים מ""מ כיון שאין היכר ליוצא ונכנס בבליטה פחות מחוט הסרבל אין ראוי להתיר אהא דהעיד תרומת הדשן דנהגו הקדמונים להתיר בסיד מחוי.']",,
"ספר המצוות לרמב""ם, מצוות עשה ה:","['והמצוה החמישית היא שצונו לעבדו יתעלה. וכבר נכפל צווי זה פעמים, אמר (דברים כג, כה) ועבדתם את ה\' אלהיכם, ואמר (שם יג, ה) ואותו תעבודו, ואמר (שם ו, יג) ואותו תעבוד, ואמר (שם יא, יג) ולעבדו. ואף על פי שזה הצווי הוא גם כן מן הציוויים הכוללים כמו שביארנו בשרש הרביעי, הנה יש בו יחוד, שהוא צוה בתפילה. ולשון ספרי ולעבדו זו תפילה. ואמרו גם כן ולעבדו זה תלמוד. ובמשנתו של רבי אליעזר בנו שלרבי יוסי הגלילי אמרו מנין לעיקר תפילה בתוך המצות, מהכא את ה\' אלהיך תירא ואותו תעבוד. ואמרו עבדהו בתורתו עבדהו במקדשו. כלומר ללכת שם להתפלל בו ונגדו כמו שבאר שלמה עליו השלום (מל""א ח, דה""ב ו).']",,
"שם השגות הרמב""ן:","['ואם אולי יהיה מדרשם בתפלה עיקר מה""ת נמנה אותו במניינו שלהרב ונאמר שהיא מצוה לעת הצרות שנאמין שהוא יתברך ויתעלה שומע תפלה והוא המציל מן הצרות בתפלה וזעקה. והבין זה.']",,
"ברכות כו ע""ב:","[""איתמר, רבי יוסי ברבי חנינא אמר: תפלות אבות תקנום; רבי יהושע בן לוי אמר: תפלות כנגד תמידין תקנום. תניא כוותיה דרבי יוסי ברבי חנינא, ותניא כוותיה דרבי יהושע בן לוי. תניא כוותיה דרבי יוסי ברבי חנינא: אברהם תקן תפלת שחרית - שנאמר וישכם אברהם בבקר אל המקום אשר עמד שם, ואין עמידה אלא תפלה, שנאמר ויעמד פינחס ויפלל; יצחק תקן תפלת מנחה - שנאמר ויצא יצחק לשוח בשדה לפנות ערב, ואין שיחה אלא תפלה, שנאמר תפלה לעני כי יעטף ולפני ה' ישפך שיחו, יעקב תקן תפלת ערבית - שנאמר ויפגע במקום וילן שם, ואין פגיעה אלא תפלה, שנאמר ואתה אל תתפלל בעד העם הזה ואל תשא בעדם רנה ותפלה ואל תפגע בי."", 'ותניא כוותיה דרבי יהושע בן לוי: מפני מה אמרו תפלת השחר עד חצות? שהרי תמיד של שחר קרב והולך עד חצות; ורבי יהודה אומר: עד ארבע שעות, שהרי תמיד של שחר קרב והולך עד ארבע שעות. ומפני מה אמרו תפלת המנחה עד הערב? שהרי תמיד של בין הערבים קרב והולך עד הערב; רבי יהודה אומר: עד פלג המנחה, שהרי תמיד של בין הערבים קרב והולך עד פלג המנחה. ומפני מה אמרו תפלת הערב אין לה קבע? שהרי אברים ופדרים שלא נתעכלו מבערב קרבים והולכים כל הלילה; ומפני מה אמרו של מוספין כל היום? שהרי קרבן של מוספין קרב כל היום; רבי יהודה אומר: עד שבע שעות, שהרי קרבן מוסף קרב והולך עד שבע שעות. ואיזו היא מנחה גדולה? משש שעות ומחצה ולמעלה; ואיזו היא מנחה קטנה? מתשע שעות ומחצה ולמעלה. איבעיא להו: רבי יהודה פלג מנחה קמא קאמר, או פלג מנחה אחרונה קאמר? תא שמע: דתניא, רבי יהודה אומר: פלג המנחה אחרונה אמרו, והיא אחת עשרה שעות חסר רביע. נימא תיהוי תיובתיה דרבי יוסי ברבי חנינא! אמר לך רבי יוסי ברבי חנינא: לעולם אימא לך תפלות אבות תקנום, ואסמכינהו רבנן אקרבנות. דאי לא תימא הכי - תפלת מוסף לרבי יוסי ברבי חנינא מאן תקנה? אלא: תפלות אבות תקנום, ואסמכינהו רבנן אקרבנות.']",Berakhot 26b,
"ברכות כא ע""א–ע""ב:","['ורבי אלעזר אמר: ספק קרא קריאת שמע ספק לא קרא - חוזר וקורא קריאת שמע, ספק התפלל ספק לא התפלל - אינו חוזר ומתפלל. ורבי יוחנן אמר: ולואי שיתפלל אדם כל היום כולו.', 'ואמר רב יהודה אמר שמואל: היה עומד בתפלה ונזכר שהתפלל - פוסק, ואפילו באמצע ברכה. - איני? והאמר רב נחמן: כי הוינן בי רבה בר אבוה, בען מיניה, הני בני בי רב דטעו ומדכרי דחול בשבת, מהו שיגמרו? ואמר לן: גומרין כל אותה ברכה! - הכי השתא! התם - גברא בר חיובא הוא, ורבנן הוא דלא אטרחוהו משום כבוד שבת, אבל הכא - הא צלי ליה. ואמר רב יהודה אמר שמואל: התפלל ונכנס לבית הכנסת ומצא צבור שמתפללין, אם יכול לחדש בה דבר - יחזור ויתפלל, ואם לאו - אל יחזור ויתפלל. וצריכא: דאי אשמעינן קמייתא, הני מילי - יחיד ויחיד, או צבור וצבור, אבל יחיד לגבי צבור כמאן דלא צלי דמי - קמשמע לן; ואי אשמעינן הכא - משום דלא אתחיל בה, אבל התם דאתחיל בה, אימא לא - צריכא.']",Berakhot 21,
"חידושי הרא""ה שם ד""ה 'ור' יוחנן':","[""אלא הכא בהא פליגי דר' אלעזר סבר דאינו דרך כבוד בתפילה... שיבא אדם בכל שעה לפני מלך המלכים... ור' יוחנן סבר הלואי שיתפלל אדם כל היום כלו דרחמי נינהו.""]",,
"ברכות י ע""ב:","['ואמר רבי יוסי ברבי חנינא משום רבי אליעזר בן יעקב: מאי דכתיב: לא תאכלו על הדם? לא תאכלו קודם שתתפללו על דמכם. אמר רבי יצחק אמר רבי יוחנן אמר רבי יוסי ברבי חנינא משום רבי אליעזר בן יעקב: כל האוכל ושותה ואחר כך מתפלל - עליו הכתוב אומר: ואותי השלכת אחרי גויך, אל תקרי גויך אלא גאיך. אמר הקדוש ברוך הוא: לאחר שנתגאה זה - קבל עליו מלכות שמים.']",Berakhot 10b,
"שם כח ע""ב:","['רב אויא חלש ולא אתא לפרקא דרב יוסף. למחר כי אתא, בעא אביי לאנוחי דעתיה דרב יוסף. אמר ליה: מאי טעמא לא אתא מר לפרקא? אמר ליה: דהוה חליש לבאי ולא מצינא. אמר ליה: אמאי לא טעמת מידי ואתית? אמר ליה: לא סבר לה מר להא דרב הונא? דאמר רב הונא: אסור לו לאדם שיטעום כלום קודם שיתפלל תפלת המוספין! - אמר ליה: איבעי ליה למר לצלויי צלותא דמוספין ביחיד, ולטעום מידי ולמיתי! - אמר ליה: ולא סבר לה מר להא דאמר רבי יוחנן: אסור לו לאדם שיקדים תפלתו לתפלת הצבור? - אמר ליה: לאו אתמר עלה: אמר רבי אבא: בצבור שנו? ולית הלכתא; לא כרב הונא ולא כרבי יהושע בן לוי; כרב הונא - הא דאמרן, כרבי יהושע בן לוי - דאמר רבי יהושע בן לוי: כיון שהגיע זמן תפלת המנחה, אסור לו לאדם שיטעום כלום קודם שיתפלל תפלת המנחה.']",Berakhot 28b,
"חידושי הרשב""א שם י ע""ב ד""ה 'כל האוכל':","['כל האוכל ושותה ואח""כ מתפלל עליו הכתוב אומר ואותי השלכת אחרי גוך – ודוקא בשהתחיל לאחר שהגיע זמן תפלה אבל התחיל קודם לכן אינו צריך להפסיק, וכ""כ בתוספות.']",Rashba on Berakhot 10b:1,
"חידושי הרא""ה כח ע""ב ד""ה 'אמר ר' יוחנן':",['אבל לענין תפלת המוספין ודאי מסתברא דדוקא טעימה הוא דשריא אבל סעודה גדולה ודאי אסור דילמא אתי לאימשוכי.'],,
"ברכות לא ע""א:","['תנו רבנן: המתפלל צריך שיכוין את לבו לשמים. אבא שאול אומר, סימן לדבר: תכין לבם תקשיב אזנך. תניא, אמר רבי יהודה: כך היה מנהגו של רבי עקיבא, כשהיה מתפלל עם הצבור - היה מקצר ועולה, מפני טורח צבור, וכשהיה מתפלל בינו לבין עצמו - אדם מניחו בזוית זו ומוצאו בזוית אחרת, וכל כך למה - מפני כריעות והשתחויות.']",Berakhot 31a,
"רמב""ם הלכות תפילה ד, הלכות א, טו–טז:","['א. חמשה דברים מעכבין את התפלה אף על פי שהגיע זמנה, טהרת ידים, וכיסוי הערוה, וטהרת מקום תפלה, ודברים החופזים אותו, וכוונת הלב.', 'טו. כוונת הלב כיצד כל תפלה שאינה בכוונה אינה תפלה, ואם התפלל בלא כוונה חוזר ומתפלל בכוונה, מצא דעתו משובשת ולבו טרוד אסור לו להתפלל עד שתתיישב דעתו, לפיכך הבא מן הדרך והוא עיף או מיצר אסור לו להתפלל עד שתתיישב דעתו, אמרו חכמים ישהה שלשה ימים עד שינוח ותתקרר דעתו ואח""כ יתפלל.', 'טז. כיצד היא הכוונה שיפנה את לבו מכל המחשבות ויראה עצמו כאלו הוא עומד לפני השכינה, לפיכך צריך לישב מעט קודם התפלה כדי לכוין את לבו ואחר כך יתפלל בנחת ובתחנונים ולא יעשה תפלתו כמי שהיה נושא משאוי ומשליכו והולך לו, לפיכך צריך לישב מעט אחר התפלה ואחר כך יפטר, חסידים הראשונים היו שוהין שעה אחת קודם תפלה ושעה אחת לאחר תפלה ומאריכין בתפלה שעה.']",,
"שם י, א:","['מי שהתפלל ולא כיון את לבו יחזור ויתפלל בכוונה, ואם כיון את לבו בברכה ראשונה שוב אינו צריך , מי שטעה באחת משלש ברכות הראשונות חוזר לראש, ואם טעה באחת משלש ברכות אחרונות יחזור לעבודה, ואם טעה באחת מן האמצעיות חוזר לתחלת ברכה שטעה בה ומשלים תפלתו על הסדר, וכן ש""צ שטעה כשהוא מתפלל בקול רם על דרך זו הוא חוזר.']",,
"חידושי ר' חיים שם ד, א:","['והנה בפ""ד גבי כוונת שיודע שהוא מתפלל כתב הרמב""ם ז""ל כוונת הלב כיצד כל תפלה שאינה בכוונה אינה תפלה ואם התפלל בלא כוונה חוזר ומתפלל בכוונה, מצא דעתו משובשת ולבו טרוד אסור לו להתפלל עד שתתישב דעתו, ובפ""י שם לא כתב הרמב""ם רק חד גוונא מי שהתפלל ולא כיון לבו יחזור ויתפלל בכוונה, ואינך תרי בבי שימוד דעתו אם יכול לכוון וכן הא דבלא כיון הוי כלא התפלל השמיט. ונראה דדעת הרמב""ם דשני מחלקות הן בתפלה... ותרי גווני חיובי המה בתפלה, מחויב הוא לכוון שהוא עומד בתפלה משום דלא שניא תפלה משאר המצות, ומחויב הוא בכוונת פירוש הדברים משום חובת כוונה המסוים רק בתפלה. ושני החיובים אין מעכבין זה את זה, אלא דיוצא מזה ממילא, דאם הוא מתעסק או חסר לו דין כוונה של כל המצות א""כ הרי בטל עיקר המצוה, וממילא דהרי הוא כלא התפלל, ואם אינו יכול לכוון אל יתפלל כיון דאין זה תפלה כלל. אכן בחובת כוונה של פירוש הדברים כיון דהויא מסוימת רק בתפלה ע""כ אמרינן דאע""ג דאינו יכול לקיימה מ""מ שפיר חיילא עליה חובת תפלה שיעשה אותה ככל המצות ואית בה דין תפלה.']",,
"ברכות ו ע""א:","[""תניא, אבא בנימין אומר: אין תפלה של אדם נשמעת אלא בבית הכנסת, שנאמר: לשמוע אל הרנה ואל התפלה, במקום רנה שם תהא תפלה. אמר רבין בר רב אדא אמר רבי יצחק: מנין שהקדוש ברוך הוא מצוי בבית הכנסת שנאמר: אלהים נצב בעדת אל; ומנין לעשרה שמתפללין ששכינה עמהם - שנאמר: אלהים נצב בעדת אל; ומנין לשלשה שיושבין בדין ששכינה עמהם - שנאמר: בקרב אלהים ישפוט; ומנין לשנים שיושבין ועוסקין בתורה ששכינה עמהם - שנאמר: אז נדברו יראי ה' איש אל רעהו ויקשב ה' וגו'. מאי ולחושבי שמו? אמר רב אשי: חשב אדם לעשות מצוה ונאנס ולא עשאה - מעלה עליו הכתוב כאילו עשאה. ומנין שאפילו אחד שיושב ועוסק בתורה ששכינה עמו - שנאמר: בכל המקום אשר אזכיר את שמי אבוא אליך וברכתיך. וכי מאחר דאפילו חד - תרי מבעיא? תרי מכתבן מלייהו בספר הזכרונות, חד לא מכתבן מליה בספר הזכרונות. וכי מאחר דאפילו תרי - תלתא מבעיא? מהו דתימא: דינא שלמא בעלמא הוא, ולא אתיא שכינה - קמשמע לן דדינא נמי היינו תורה. וכי מאחר דאפילו תלתא - עשרה מבעיא? עשרה קדמה שכינה ואתיא, תלתא - עד דיתבי.""]",Berakhot 6a,
"רמב""ם הלכות תפילה ח, א–ד:","['א. תפלת הציבור נשמעת תמיד, ואפילו היו בהן חוטאים אין הקדוש ברוך הוא מואס בתפלתן של רבים. לפיכך צריך אדם לשתף עצמו עם הציבור, ולא יתפלל ביחיד כל זמן שיכול להתפלל עם הציבור, ולעולם ישכים אדם ויעריב לבית הכנסת שאין תפלתו נשמעת בכל עת אלא בבית הכנסת, וכל מי שיש לו בית הכנסת בעירו ואינו מתפלל בו עם הציבור נקרא שכן רע.', ""ב. ומצוה לרוץ לבית הכנסת, שנאמר ונדעה נרדפה לדעת את ה', וכשיצא מבית הכנסת אל יפסיע פסיעה גסה אלא ילך מעט מעט, וכשיכנס בבית הכנסת יכנס שיעור שני פתחים ואחר כך יתפלל, לקיים מה שנאמר לשמור מזוזות פתחי."", 'ג. בית המדרש גדול מבית הכנסת, וחכמים גדולים אף על פי שהיו להם בעירם בתי כנסיות הרבה לא היו מתפללין אלא במקום שהיו עוסקין שם בתורה. והוא שיתפלל שם תפלת הציבור.', 'ד. וכיצד היא תפלת הציבור? יהיה אחד מתפלל בקול רם והכל שומעים, ואין עושין כן בפחות מעשרה גדולים ובני חורין, ושליח ציבור אחד מהם, ואפילו היו מקצתן שכבר התפללו ויצאו ידי חובתן משלימין להם לעשרה והוא שיהיו רוב העשרה שלא התפללו, וכן אין אומרים קדושה ולא קוראין בתורה ומברכין לפניה ולאחריה ולא מפטירין בנביאים אלא בעשרה.']","Mishneh Torah, Prayer and the Priestly Blessing 8:1-4",
"מגילה יז ע""א–ע""ב:","['דתניא: קריאת שמע ככתבה דברי רבי, וחכמים אומרים: בכל לשון. מאי טעמא דרבי? אמר קרא: והיו - בהויתן יהו. ורבנן מאי טעמייהו? אמר קרא שמע - בכל לשון שאתה שומע. - ורבי נמי, הא כתיב שמע! ההוא מיבעי ליה: השמע לאזניך מה שאתה מוציא מפיך. ורבנן סברי כמאן דאמר: הקורא את שמע ולא השמיע לאזנו - יצא. ורבנן נמי, הכתיב והיו! ההוא מיבעי ליה שלא יקרא למפרע. ורבי, שלא יקרא למפרע מנא ליה? מדברים הדברים. ורבנן - דברים הדברים לא משמע להו. לימא קסבר רבי כל התורה כולה בכל לשון נאמרה, דאי סלקא דעתך בלשון הקודש נאמרה - למה לי למכתב והיו? אצטריך, סלקא דעתך שמע כרבנן - כתב רחמנא והיו. לימא קסברי רבנן כל התורה בלשון הקודש נאמרה, דאי סלקא דעתך בכל לשון נאמרה - למה לי למכתב שמע? איצטריך, סלקא דעתך אמינא והיו כרבי - כתב רחמנא שמע.']",Megillah 17,
"רש""י שם ד""ה 'בכל לשון נאמרה':","['בכל לשון נאמרה - לקרותה בכל לשון, ולכן איצטריך בקריאת שמע והיו.']",,Rashi on Megillah 17a
"תוספות שם ד""ה 'כל התורה':","['כל התורה בכל לשון נאמרה – פירש הקונטרס שנתנה לקרות בכל לשון שרוצה לקרות בספר תורה וקשה שהרי קריאת התורה אינה מן התורה אלא מדרבנן לבד מפרשת זכור דהוי דאורייתא ונראה דהכי פירושא כל קריאה שבתורה כגון מצות חליצה ופרשת עגלה ערופה וידוי מעשר ובכורים וכל אלו השנויין פרק אלו נאמרין בסוטה (דף לב ע""א ושם).']",,Tosafot on Megillah 17a
"טור או""ח קמה:","['בימי חכמי התלמוד היו רגילין לתרגם כדי שיבינו העם, כי לשונם היה ארמי ואין הקורא רשאי לקרות לתורגמן יותר מפסוק אחד אלא קורא לו פסוק אחד ומתרגמו וחוזר וקורא לו פסוק שני, ואין המתרגם רשאי לתרגם עד שיכלה הפסוק מפי הקורא ואין הקורא רשאי להגביה קולו יותר מן המתרגם ולא המתרגם יותר מהקורא ולא הקורא רשאי לקרות פסוק אחד עד שיכלה התרגום מפי המתרגם והקורא אינו רשאי לסייע למתרגם שלא יאמרו תרגום כתוב בתורה. קטן מתרגם ע""י גדול אבל אינו כבוד לגדול שיתרגם ע""י קטן. כתב רב נטרונאי אלו שאין מתרגמין ואומרים אין אנו צריכים תרגום דרבנן אלא בלשון שלנו בלשון שהציבור מבינין אין יוצאים י""ח אלא חייבים לתרגם אבל אם אינן מתרגמין להכעיס בני עבירה הם ואם מפני שאינן יודעין לתרגמו ילמדו ויתרגמו ואם יש מקום שרוצים לפרש להם יעמוד אחר חוץ מן המתרגם ויפרש להם כרצונם. אבל התוספות כתבו על הא דתניא ר\' חלפתא בן שאול אומר ל""ש אלא במקום שאין תורגמן אבל במקום שיש תורגמן פוסק, משמע שגם בימי חכמי התלמוד היו מקומות שלא היו מתרגמין. מכאן סעד למנהג שלנו שאין אנו רגילין לתרגם. ואמרינן נמי בירושלמי ממה דאנן חמי רבנן תפקי לתעניתא וקראו ולא מתרגמין הדא אמרה שאין התרגום מעכב, ונראה שהם היו רגילין לפרש להמון העם שהיו מדברים ארמית, אבל לדידן מה תועלת בתרגום כיון שאין אנו מבינין אותו, ואין לומר נלמוד מהם לפרש לעם בלשון שיבינו די""ל תרגום שאני שנתקן ברוח הקדש.']","Tur, Orach Chayim 145",
"שו""ת דברי יציב, ליקוטים והשמטות, סימן כא:","['ונראה דתליא בשורש התקנה דקריאת התורה, שאם זה מגדר לימוד התורה צריך שיבין מה שקורא ושומע, ולזה בעי תרגום (ונמצא שהתרגום היה חלק מהתקנה של קריאת התורה, ולזה אף שאין אנו מבינים מ""מ תקנה ראשונה לא זזה ממקומה וכדעת רב נטרונאי, והתוס\' והטור סוברים דלא הוי מגדר לימוד התורה רק חלק מהתפלה [ועיין לעיל חאו""ח סימן קפה] ולזה אין התרגום מעיקר החיוב רק שעשו כדי לפרש להמון וכיון שלדידן אין תועלת בכך אין מתרגמין). וי""ל דרש""י סובר כדעת רב נטרונאי גאון דתרגום מכלל התקנה דקריאת התורה, וז""ש בקריאת התורה בכל לשון כוונתו על התרגום, שאפשר לתרגם בכל לשון שמבינים העם (ואין צריך דוקא התרגום שנתקן ברוח הקדש אליבא דהאי מ""ד דכל התורה בכל לשון נאמרה...']",,
"שו""ת אגרות משה או""ח א סימן קא ד""ה 'ענף ב':","['וצריך לומר דיש שני עניני קריאה חדא דחייבו ללמד התורה ברבים בשבת ובשני ובחמישי ובמנחה בשבת, כמפורש בב""ק דף פ""ב מצד מצות למוד התורה. וכן ביום טוב הוא מצד מצות למוד התורה כדאיתא בסוף מגילה מוידבר משה מצותן שיהיו קורין כל אחד ואחד בזמנו והוא רק למצות למוד בעלמא דלפרסם ולהודיע איך לקיים מצות החג אין שייך אחרי שרוב הלכות החג צריך להכין קודם החג ומחמת זה דורשין בהלכו\' החג ל\' יום קודם החג משום שצריך הכנה הרבה קודם. ומצד מצות למוד תקנו שילמדו סך מנין הקרואים בכל זמן כתקנתם וכל דיני קריאה. ונהגו לחובה לגמור מצד מצות למוד כל התורה בשבתות של כל שנה ושנה.']",,
"שו""ת הר צבי או""ח א סימן עב:","['ומה שדן כת""ר לומר לענין קריאת התורה בכלל, שהקריאה היא רק חובת הצבור שתקרא התורה בבית הכנסת, ואין צריך שיוציא הקורא רבים יד""ח, והביא דברי הגר""ח פאלאג\'י בספר סמיכה לחיים (סימן ב), שכתב דאם קראו בצבור חובת היום אף אם יחידים לא שמעו נתקיים תקנתם וכו\', וגם יש מי שהביא ראיה ע""ז דאל""כ לא היו קטן ואשה יכולים לקרות, וכת""ר הוסיף שה""ה לענין ברכת התורה בצבור שא""צ להוציא את הרבים יד""ח הנה במקום אחר הארכתי בענין זה (והנ""מ היא בבעל קורא שנזדקן וקולו חלש וא""א לשמוע ממנו באופן שלא יחסר אף מלה אחת) וכתבתי שמדברי הראב""ן בתשו\' (סימן עג) מוכח שגם הקריאה וגם הברכה הן להוציא את הרבים יד""ח, וכן מבואר בב""ח או""ח (סימן קלט), עיין שם. וכן משמע בספר גבורת ארי (יומא דף מח ע""ב), שכתב חילוק בין קה""ת דשבת דהוי חיוב על כל יחיד ויחיד ובין מקרא הפרשה דיוה""כ, עיין שם.']",,
"ירושלמי קידושין פ""ד הי""ב בסופה:","[""רבי חזקיה ר' כהן בשם רב עתיד אדם ליתן דין וחשבון על כל שראת עינו ולא אכל. ר' לעזר חשש להדא שמועתא ומצמיח ליה פריטין ואכיל בהון מכל מילה חדא בשתא.""]",Jerusalem Talmud Kiddushin 4:12,
פני משה שם:,"['על כל מה שראת עינו ולא אכל – שנפשו מסתגפת בהתאות על הדבר ונמצא חוטא על הנפש.', 'ר\' אלעזר חשש להדא שמועתא – והיה מאסף לו פרוטות קטנות כדי שיהו מצוין ומוכנין בידו לקנות בהן מכל דבר חדש לפחות פעם אחת בשנה. א""נ הא דקאמר עתיד אדם ליתן דין וחשבון שראת עינו ולא אכל משום שאינו נותן לבו לחזור אחריהן לברך ולהודות השם ב""ה שברא מינים אלו להחיות בהן בני אדם וכמו שאינו נחשב בעיניו טובת יתעלה ב""ה וע""ז קאמר דר\' אלעזר היה חושש לשמועה זו והיה רואה להביא עצמו לידי חיוב לכל הפחות פעם אחת בשנה כדי לברך על כל מין ומין וליתן שבח והודיה לאל יתעלה ברוך הוא ומבורך המשגיח ומפרנס ומכין מזון לכל בריה וצורך כל נפש חיה יתברך שמו ויתעלה זכרו לעד ולנצח נצחים אמן נצח סלה ועד.']",,
"ברכות לה ע""א–ע""ב:","[""מתני'. כיצד מברכין על הפירות? על פירות האילן הוא אומר: בורא פרי העץ חוץ מן היין, שעל היין הוא אומר: בורא פרי הגפן; ועל פירות הארץ הוא אומר: בורא פרי האדמה, חוץ מן הפת, שעל הפת הוא אומר: המוציא לחם מן הארץ; ועל הירקות הוא אומר: בורא פרי האדמה, רבי יהודה אומר: בורא מיני דשאים."", ""גמרא. מנא הני מילי? דתנו רבנן: קדש הלולים לה' - מלמד שטעונים ברכה לפניהם ולאחריהם, מכאן אמר רבי עקיבא: אסור לאדם שיטעום כלום קודם שיברך - והאי קדש הלולים להכי הוא דאתא? האי מיבעי ליה, חד: דאמר רחמנא - אחליה והדר אכליה; ואידך: דבר הטעון שירה - טעון חלול, ושאינו טעון שירה - אין טעון חלול, וכדרבי שמואל בר נחמני אמר רבי יונתן; דאמר רבי שמואל בר נחמני אמר רבי יונתן: מנין שאין אומרים שירה אלא על היין - שנאמר ותאמר להם הגפן החדלתי את תירושי המשמח אלהים ואנשים, אם אנשים משמח - אלהים במה משמח? מכאן, שאין אומרים שירה אלא על היין! הניחא למאן דתני נטע רבעי, אלא למאן דתני כרם רבעי מאי איכא למימר? דאתמר: רבי חייא ורבי שמעון ברבי, חד תני: כרם רבעי, וחד תני: נטע רבעי! ולמאן דתני כרם רבעי - הניחא אי יליף גזרה שוה, דתניא: רבי אומר, נאמר כאן: להוסיף לכם תבואתו, ונאמר להלן: ותבואת הכרם - מה להלן כרם אף כאן כרם, אייתר ליה חד הלול לברכה; ואי לא יליף גזרה שוה - ברכה מנא ליה? ואי נמי יליף גזרה שוה - אשכחן לאחריו, לפניו מנין! הא לא קשיא, דאתיא בקל וחומר: כשהוא שבע מברך - כשהוא רעב לא כל שכן? אשכחן כרם, שאר מינין מנין? דיליף מכרם, מה כרם דבר שנהנה וטעון ברכה - אף כל דבר שנהנה טעון ברכה. - איכא למפרך: מה לכרם שכן חייב בעוללות! קמה תוכיח. מה לקמה - שכן חייבת בחלה! כרם יוכיח. וחזר הדין: לא ראי זה כראי זה ולא ראי זה כראי זה, הצד השוה שבהן - דבר שנהנה וטעון ברכה, אף כל דבר שנהנה טעון ברכה. - מה להצד השוה שבהן - שכן יש בו צד מזבח! ואתי נמי זית דאית ביה צד מזבח. - וזית מצד מזבח אתי? והא בהדיא כתיב ביה כרם, דכתיב: ויבער מגדיש ועד קמה ועד כרם זית! אמר רב פפא: כרם זית - אקרי, כרם סתמא - לא אקרי. מכל מקום קשיא: מה להצד השוה שבהן שכן יש בהן צד מזבח! אלא: דיליף לה משבעת המינין - מה שבעת המינין דבר שנהנה וטעון ברכה, אף כל דבר שנהנה טעון ברכה. מה לשבעת המינין שכן חייבין בבכורים! ועוד: התינח לאחריו, לפניו מנין? הא לא קשיא; דאתי בקל וחומר: כשהוא שבע מברך - כשהוא רעב לא כל שכן. ולמאן דתני נטע רבעי - הא תינח כל דבר נטיעה. דלאו בר נטיעה, כגון בשר ביצים ודגים, מנא ליה? אלא, סברא הוא: אסור לו לאדם שיהנה מן העולם הזה בלא ברכה."", ""תנו רבנן: אסור לו לאדם שיהנה מן העולם הזה בלא ברכה, וכל הנהנה מן העולם הזה בלא ברכה - מעל. מאי תקנתיה - ילך אצל חכם. ילך אצל חכם - מאי עביד ליה? הא עביד ליה איסורא! אלא אמר רבא: ילך אצל חכם מעיקרא וילמדנו ברכות, כדי שלא יבא לידי מעילה. אמר רב יהודה אמר שמואל: כל הנהנה מן העולם הזה בלא ברכה - כאילו נהנה מקדשי שמים, שנאמר: לה' הארץ ומלואה. רבי לוי רמי: כתיב לה' הארץ ומלואה, וכתיב: השמים שמים לה' והארץ נתן לבני אדם! לא קשיא, כאן - קודם ברכה, כאן - לאחר ברכה."", 'אמר רבי חנינא בר פפא: כל הנהנה מן העולם הזה בלא ברכה כאילו גוזל להקדוש ברוך הוא וכנסת ישראל, שנאמר: גוזל אביו ואמו ואומר אין פשע חבר הוא לאיש משחית; ואין אביו אלא הקדוש ברוך הוא, שנאמר הלא הוא אביך קנך; ואין אמו אלא כנסת ישראל, שנאמר: שמע בני מוסר אביך ואל תטוש תורת אמך. מאי חבר הוא לאיש משחית? אמר רבי חנינא בר פפא: חבר הוא לירבעם בן נבט שהשחית את ישראל לאביהם שבשמים.']",Berakhot 35,
"רמב""ם הלכות ברכות א, א–ד:","[""א. מצות עשה מן התורה לברך אחר אכילת מזון שנאמר ואכלת ושבעת וברכת את ה' אלהיך, ואינו חייב מן התורה אלא אם כן שבע שנאמר ואכלת ושבעת וברכת, ומדברי סופרים אכל אפילו כזית מברך אחריו."", 'ב. ומדברי סופרים לברך על כל מאכל תחלה ואח""כ יהנה ממנו, ואפילו נתכוין לאכול או לשתות כל שהוא מברך ואח""כ יהנה, וכן אם הריח ריח טוב מברך ואח""כ יהנה ממנו, וכל הנהנה בלא ברכה מעל, וכן מדברי סופרים לברך אחר כל מה שיאכל וכל מה שישתה, והוא שישתה רביעית והוא שיאכל כזית, ומטעמת אינה צריכה ברכה לא לפניה ולא לאחריה עד רביעית.', 'ג. וכשם שמברכין על ההנייה כך מברכין על כל מצוה ומצוה ואח""כ יעשה אותה, וברכות רבות תקנו חכמים דרך שבח והודיה ודרך בקשה כדי לזכור את הבורא תמיד אף על פי שלא נהנה ולא עשה מצוה.', 'ד. נמצאו כל הברכות כולן שלשה מינים: ברכות הנייה, וברכות מצות, וברכות הודאה שהן דרך שבח והודיה ובקשה כדי לזכור את הבורא תמיד וליראה ממנו.']","Mishneh Torah, Blessings 1:1-4",
"שו""ת דברי יציב, ליקוטים והשמטות, סימן כג:","['ולבאר גם כן מנהג אבוה""ק מזידיטשוב וצאנז, שלא נהגו לברך ברכת שהחיינו על שום פרי... כי הדבר ברור שאם אחד אינו מרגיש טעם במה שאוכל, וכאילו אוכל קש או אדמה, לא שייך בו שיברך ברכת שהחיינו, דבשלמא ברכת הנהנין נקבעה על האכילה וכיון שסוף סוף הוא אוכל יש עליו חיוב לברך, משא""כ ברכת שהחיינו שאינה באה אלא על ההנאה ושמחת הלב. וקדושים הללו שכל אכילתם לא היתה אלא כדי להוציא ניצוצות הקדושה שבמאכלים לא הרגישו שום הנאה גופניית במאכל, ולכן לא היה שייך בהם שיברכו שהחיינו.']",,
"ברכות יב ע""א:","['מקום שאמרו להאריך. פשיטא, היכא דקא נקיט כסא דחמרא בידיה וקסבר דשכרא הוא ופתח ומברך אדעתא דשכרא וסיים בדחמרא - יצא, דאי נמי אם אמר שהכל נהיה בדברו יצא, דהא תנן: על כולם אם אמר שהכל נהיה בדברו - יצא. אלא, היכא דקא נקיט כסא דשכרא בידיה וקסבר דחמרא הוא, פתח ובריך אדעתא דחמרא, וסיים בדשכרא, מאי? בתר עיקר ברכה אזלינן, או בתר חתימה אזלינן? תא שמע: שחרית, פתח ביוצר אור וסיים במעריב ערבים - לא יצא, פתח במעריב ערבים וסיים ביוצר אור - יצא; ערבית, פתח במעריב ערבים וסיים ביוצר אור - לא יצא, פתח ביוצר אור וסיים במעריב ערבים - יצא; כללו של דבר: הכל הולך אחר החתום. שאני התם דקאמר: ברוך יוצר המאורות. הניחא לרב דאמר כל ברכה שאין בה הזכרת השם אינה ברכה - שפיר, אלא לרבי יוחנן דאמר: כל ברכה שאין בה מלכות אינה ברכה, מאי איכא למימר? אלא, כיון דאמר רבה בר עולא: כדי להזכיר מדת יום בלילה ומדת לילה ביום, כי קאמר ברכה ומלכות מעיקרא אתרוייהו קאמר. תא שמע מסיפא, כללו של דבר: הכל הולך אחר החתום. כללו של דבר לאתויי מאי - לאו לאתויי הא דאמרן? לא, לאתויי נהמא ותמרי. היכי דמי? אילימא דאכל נהמא וקסבר דתמרי אכל, ופתח אדעתא דתמרי וסיים בדנהמא - היינו בעיין! לא צריכא: כגון דאכל תמרי וקסבר נהמא אכל, ופתח בדנהמא וסיים בדתמרי - [יצא], דאפילו סיים בדנהמא נמי יצא; מאי טעמא - דתמרי נמי מיזן זייני.']",Berakhot 12a,
"תוספות שם ד""ה 'לא':","['לא לאתויי נהמא - ופירש רב אלפס השתא דלא אפשיטא בעיין אזלינן לקולא ואפילו פתח בחמרא וסיים בשכרא יצא. ור""י הי\' אומר לחומרא דצריך לברך פעם אחרת...']",Tosafot on Berakhot 12a:20:1,
"מגן אברהם או""ח רט ס""ק ג:","['ומ""מ קשה למה פסקו התוס\' לחומרא, הא קי""ל ספק ברכות להקל.']",Magen Avraham 209:3,
"גליון הש""ס על ברכות שם:","['תוס\' ד""ה לא כו\' לחומרא כו\' – ולא שייך הכא לומר ספק ברכות לקולא (ובמגן אברהם סימן ר""ט ס""ק ג\' הקשה כן) דכבר כתב הרש""א בפסחים קב ע""א בפי\' רשב""ם ד""ה להודיעך כחו, דל""ש כן אלא בברכת המצות דהברכות אינן מעכבות. אבל בברכת הנהנין אסור לאכול בלא ברכה, ע""ש. ולא הוי כאן חשש ברכה לבטלה. דאם לא יברך יהא אסור לו לשתות. אח""ז ראיתי באבן העוזר (סימן ריד) שכ""כ מסברא דנפשיה ולא הביא דברי הרש""א. ועיין מ""ש לקמן (מט ע""ב) בתוס\' ד""ה ר""מ.']",,
"ברכות לה ע""ב:","['גופא: אמר רב יהודה אמר שמואל, וכן אמר רבי יצחק אמר רבי יוחנן: שמן זית מברכין עליו בורא פרי העץ. היכי דמי? אילימא דקא שתי ליה - אוזוקי מזיק ליה! דתניא: השותה שמן של תרומה - משלם את הקרן ואינו משלם את החומש, הסך שמן של תרומה - משלם את הקרן ומשלם את החומש!']",Berakhot 35b,
"רש""י שם ד""ה 'אוזוקי':","['אוזוקי מזיק – לגופיה, ואין זו אכילה שטעונה ברכה, דגבי ברכה ואכלת כתיב.']",,Rashi on Berakhot 35b:22:1
"שיטה מקובצת שם ד""ה 'היכי דמי':",['היכי דמי אי דקא שתי ליה – פירוש בעיניה אזוקי קא מזיק ליה. פירוש האי מפסיד השמן הוא וחשוב כמזיק ולא חשיבא הנאה כלל כדתנן לגבי תרומה דמשלם את הקרן ולא חומש. פירוש דאין חומש אלא בנהנה דהתורה אמרה איש כי יאכל קודש פרט למזיק ומן הדין מזיק להקדש פטור אלא דרבנן חייבוהו בקרן כשיש לו בעלים כגון דאתא ליד כהן אבל ודאי אי לא אתא לידא דכהן בלאו הכי נמי פטור דממון שאין לו תובעים הוא.'],Shita Mekubetzet on Berakhot 35b:22:1,
"ברכות לה ע""א:","['אשכחן לאחריו, לפניו מנין! הא לא קשיא, דאתיא בקל וחומר: כשהוא שבע מברך - כשהוא רעב לא כל שכן?']",Berakhot 35a,
"רש""י שם ד""ה 'אשכחן לאחריו':",['אשכחן לאחריו - כדאשכחן בברכת המזון דכתיב ואכלת ושבעת וברכת.'],,Rashi on Berakhot 35a:6:1
"ברכות כ ע""א–ע""ב:","[""מתני'. נשים ועבדים וקטנים פטורין מקריאת שמע ומן התפילין, וחייבין בתפילה ובמזוזה ובברכת המזון."", 'גמרא. [...] אמר ליה רבינא לרבא: נשים בברכת המזון, דאורייתא או דרבנן? למאי נפקא מינה - לאפוקי רבים ידי חובתן. אי אמרת דאורייתא - אתי דאורייתא ומפיק דאורייתא, ואי אמרת דרבנן - הוי שאינו מחוייב בדבר, וכל שאינו מחוייב בדבר - אינו מוציא את הרבים ידי חובתן. מאי?']",Berakhot 20,
"תוספות שם ד""ה 'נשים':","['נשים בברכת המזון דאורייתא או דרבנן – פי\' הקונטרס דסלקא דעתך דלא מחייבי מדאורייתא משום דכתיב על הארץ הטובה ונשים לא נטלו חלק בארץ ומה שנטלו בנות צלפחד חלק אביהם נטלו. ותימה כהנים ולוים נמי תבעי שהרי לא נטלו חלק בארץ וא""כ לא יוציאו אחרים ידי חובתן בברכת המזון אלא י""ל דטעמא משום דכתיב על בריתך שחתמת בבשרנו ועל תורתך שלמדתנו ונשים ליתנהו לא בברית ולא בתורה ואמרינן לקמן (דף מט ע""א) מי שלא אמר ברית ותורה בברכת המזון לא יצא ידי חובתו והשתא קא מבעיא ליה כיון דלא מצו למימר ברית ותורה לא הוו אלא מדרבנן או דלמא כיון דלא שייך בהו הוי שפיר דאורייתא והא דלקמן מיירי באנשים דשייכי בברית ותורה.']",,Tosafot on Berakhot 20a
"ברכות מה ע""א, המשנה (פ""ז מ""א):","['שלשה שאכלו כאחת חייבין לזמן. אכל דמאי, ומעשר ראשון שנטלה תרומתו, מעשר שני והקדש שנפדו, והשמש שאכל כזית, והכותי - מזמנין עליו. אכל טבל, ומעשר ראשון שלא נטלה תרומתו, ומעשר שני והקדש שלא נפדו, והשמש שאכל פחות מכזית, והנכרי - אין מזמנין עליו. נשים ועבדים וקטנים אין מזמנין עליהן. עד כמה מזמנין? עד כזית; רבי יהודה אומר: עד כביצה.']",Berakhot 45a,
"רמב""ם הלכות ברכות א, יט:",['כל האוכל דבר האסור בין בזדון בין בשגגה אינו מברך עליו לא בתחלה ולא בסוף. כיצד? הרי שאכל טבל של דבריהם או שאכל מעשר ראשון שלא נטלו תרומותיו או מעשר שני והקדש שלא נפדו כהלכתן אינו מברך. ואין צריך לומר אם אכל נבלות וטרפות או שתה יין נסך וכיוצא בו.'],"Mishneh Torah, Blessings 1:19",
"השגת הראב""ד שם:","['א""א: טעה בזה טעות גדולה, שלא אמרו שאין מברכין אלא שאין מזמנין עליהם, לומר שאין להם חשיבות קביעות הואיל ואוכלין דבר האסור והוא כעין אכילת פירות שאין להם קבע לזימון. אבל ברכה תחלה וסוף למה לא יברכו הואיל ונהנו? עכ""ל.']",,
"ברכות מה ע""א (בהמשך למשנה שם, המובאת לעיל):","[""גמרא. מנא הני מילי? אמר רב אסי: דאמר קרא גדלו לה' אתי ונרוממה שמו יחדו. רבי אבהו אמר מהכא: כי שם ה' אקרא הבו גודל לאלהינו. אמר רב חנן בר אבא: מנין לעונה אמן שלא יגביה קולו יותר מן המברך - שנאמר: גדלו לה' אתי ונרוממה שמו יחדו. אמר רבי שמעון בן פזי: מנין שאין המתרגם רשאי להגביה קולו יותר מן הקורא - שנאמר: משה ידבר והאלהים יעננו בקול; שאין תלמוד לומר בקול, ומה תלמוד לומר בקול - בקולו של משה. תניא נמי הכי: אין המתרגם רשאי להגביה קולו יותר מן הקורא, ואם אי אפשר למתרגם להגביה קולו כנגד הקורא - ימעך הקורא קולו ויקרא."", 'אתמר: שנים שאכלו כאחת; פליגי רב ורבי יוחנן, חד אמר: אם רצו לזמן מזמנין; וחד אמר: אם רצו לזמן - אין מזמנין.']",Berakhot 45a,
"רש""י שם ד""ה 'שלשה שאכלו':","[""שלשה שאכלו וכו' לזמן – להזדמן יחד לצרוף ברכה בלשון רבים כגון נברך.""]",Rashi on Berakhot 45a:4:1,
"רמב""ם הלכות ברכות ה, ב:","['שלשה שאכלו פת כאחד חייבין לברך ברכת הזימון קודם ברכת המזון. ואי זו היא ברכת הזימון? אם היו האוכלים משלשה עד עשרה, מברך אחד מהם ואומר נברך שאכלנו משלו, והכל עונין ברוך שאכלנו משלו ובטובו חיינו, והוא חוזר ומברך ברוך שאכלנו משלו ובטובו חיינו.']","Mishneh Torah, Blessings 5:2",
בראשית יז:,"[""וַיְהִי אַבְרָם בֶּן תִּשְׁעִים שָׁנָה וְתֵשַׁע שָׁנִים וַיֵּרָא ה' אֶל אַבְרָם וַיֹּאמֶר אֵלָיו אֲנִי אֵל שַׁדַּי הִתְהַלֵּךְ לְפָנַי וֶהְיֵה תָמִים: וְאֶתְּנָה בְרִיתִי בֵּינִי וּבֵינֶךָ וְאַרְבֶּה אוֹתְךָ בִּמְאֹד מְאֹד: וַיִּפֹּל אַבְרָם עַל פָּנָיו וַיְדַבֵּר אִתּוֹ אֱלֹהִים לֵאמֹר: אֲנִי הִנֵּה בְרִיתִי אִתָּךְ וְהָיִיתָ לְאַב הֲמוֹן גּוֹיִם: וְלֹא יִקָּרֵא עוֹד אֶת שִׁמְךָ אַבְרָם וְהָיָה שִׁמְךָ אַבְרָהָם כִּי אַב הֲמוֹן גּוֹיִם נְתַתִּיךָ: וְהִפְרֵתִי אֹתְךָ בִּמְאֹד מְאֹד וּנְתַתִּיךָ לְגוֹיִם וּמְלָכִים מִמְּךָ יֵצֵאוּ: וַהֲקִמֹתִי אֶת בְּרִיתִי בֵּינִי וּבֵינֶךָ וּבֵין זַרְעֲךָ אַחֲרֶיךָ לְדֹרֹתָם לִבְרִית עוֹלָם לִהְיוֹת לְךָ לֵאלֹהִים וּלְזַרְעֲךָ אַחֲרֶיךָ: וְנָתַתִּי לְךָ וּלְזַרְעֲךָ אַחֲרֶיךָ אֵת אֶרֶץ מְגֻרֶיךָ אֵת כָּל אֶרֶץ כְּנַעַן לַאֲחֻזַּת עוֹלָם וְהָיִיתִי לָהֶם לֵאלֹהִים: וַיֹּאמֶר אֱלֹהִים אֶל אַבְרָהָם וְאַתָּה אֶת בְּרִיתִי תִשְׁמֹר אַתָּה וְזַרְעֲךָ אַחֲרֶיךָ לְדֹרֹתָם: זֹאת בְּרִיתִי אֲשֶׁר תִּשְׁמְרוּ בֵּינִי וּבֵינֵיכֶם וּבֵין זַרְעֲךָ אַחֲרֶיךָ הִמּוֹל לָכֶם כָּל זָכָר: וּנְמַלְתֶּם אֵת בְּשַׂר עָרְלַתְכֶם וְהָיָה לְאוֹת בְּרִית בֵּינִי וּבֵינֵיכֶם: וּבֶן שְׁמֹנַת יָמִים יִמּוֹל לָכֶם כָּל זָכָר לְדֹרֹתֵיכֶם יְלִיד בָּיִת וּמִקְנַת כֶּסֶף מִכֹּל בֶּן נֵכָר אֲשֶׁר לֹא מִזַּרְעֲךָ הוּא: הִמּוֹל יִמּוֹל יְלִיד בֵּיתְךָ וּמִקְנַת כַּסְפֶּךָ וְהָיְתָה בְרִיתִי בִּבְשַׂרְכֶם לִבְרִית עוֹלָם: וְעָרֵל זָכָר אֲשֶׁר לֹא יִמּוֹל אֶת בְּשַׂר עָרְלָתוֹ וְנִכְרְתָה הַנֶּפֶשׁ הַהִוא מֵעַמֶּיהָ אֶת בְּרִיתִי הֵפַר: וַיֹּאמֶר אֱלֹהִים אֶל אַבְרָהָם שָׂרַי אִשְׁתְּךָ לֹא תִקְרָא אֶת שְׁמָהּ שָׂרָי כִּי שָׂרָה שְׁמָהּ: וּבֵרַכְתִּי אֹתָהּ וְגַם נָתַתִּי מִמֶּנָּה לְךָ בֵּן וּבֵרַכְתִּיהָ וְהָיְתָה לְגוֹיִם מַלְכֵי עַמִּים מִמֶּנָּה יִהְיוּ: וַיִּפֹּל אַבְרָהָם עַל פָּנָיו וַיִּצְחָק וַיֹּאמֶר בְּלִבּוֹ הַלְּבֶן מֵאָה שָׁנָה יִוָּלֵד וְאִם שָׂרָה הֲבַת תִּשְׁעִים שָׁנָה תֵּלֵד: וַיֹּאמֶר אַבְרָהָם אֶל הָאֱלֹהִים לוּ יִשְׁמָעֵאל יִחְיֶה לְפָנֶיךָ: וַיֹּאמֶר אֱלֹהִים אֲבָל שָׂרָה אִשְׁתְּךָ יֹלֶדֶת לְךָ בֵּן וְקָרָאתָ אֶת שְׁמוֹ יִצְחָק וַהֲקִמֹתִי אֶת בְּרִיתִי אִתּוֹ לִבְרִית עוֹלָם לְזַרְעוֹ אַחֲרָיו: וּלְיִשְׁמָעֵאל שְׁמַעְתִּיךָ הִנֵּה בֵּרַכְתִּי אֹתוֹ וְהִפְרֵיתִי אֹתוֹ וְהִרְבֵּיתִי אֹתוֹ בִּמְאֹד מְאֹד שְׁנֵים עָשָׂר נְשִׂיאִם יוֹלִיד וּנְתַתִּיו לְגוֹי גָּדוֹל: וְאֶת בְּרִיתִי אָקִים אֶת יִצְחָק אֲשֶׁר תֵּלֵד לְךָ שָׂרָה לַמּוֹעֵד הַזֶּה בַּשָּׁנָה הָאַחֶרֶת: וַיְכַל לְדַבֵּר אִתּוֹ וַיַּעַל אֱלֹהִים מֵעַל אַבְרָהָם: וַיִּקַּח אַבְרָהָם אֶת יִשְׁמָעֵאל בְּנוֹ וְאֵת כָּל יְלִידֵי בֵיתוֹ וְאֵת כָּל מִקְנַת כַּסְפּוֹ כָּל זָכָר בְּאַנְשֵׁי בֵּית אַבְרָהָם וַיָּמָל אֶת בְּשַׂר עָרְלָתָם בְּעֶצֶם הַיּוֹם הַזֶּה כַּאֲשֶׁר דִּבֶּר אִתּוֹ אֱלֹהִים: וְאַבְרָהָם בֶּן תִּשְׁעִים וָתֵשַׁע שָׁנָה בְּהִמֹּלוֹ בְּשַׂר עָרְלָתוֹ: וְיִשְׁמָעֵאל בְּנוֹ בֶּן שְׁלֹשׁ עֶשְׂרֵה שָׁנָה בְּהִמֹּלוֹ אֵת בְּשַׂר עָרְלָתוֹ: בְּעֶצֶם הַיּוֹם הַזֶּה נִמּוֹל אַבְרָהָם וְיִשְׁמָעֵאל בְּנוֹ: וְכָל אַנְשֵׁי בֵיתוֹ יְלִיד בָּיִת וּמִקְנַת כֶּסֶף מֵאֵת בֶּן נֵכָר נִמֹּלוּ אִתּוֹ:""]",Genesis 17,
"ויקרא יב, א–ג:","[""וַיְדַבֵּר ה' אֶל מֹשֶׁה לֵּאמֹר: דַּבֵּר אֶל בְּנֵי יִשְׂרָאֵל לֵאמֹר אִשָּׁה כִּי תַזְרִיעַ וְיָלְדָה זָכָר וְטָמְאָה שִׁבְעַת יָמִים כִּימֵי נִדַּת דְּוֹתָהּ תִּטְמָא: וּבַיּוֹם הַשְּׁמִינִי יִמּוֹל בְּשַׂר עָרְלָתוֹ:""]",Leviticus 12:1-3,
"מורה נבוכים ג, מט (תרגום הרב קאפח):",['וכן המילה לדעתי אחד מטעמיה מיעט התשמיש והחלשת האבר הזה כדי שימעט בפעולה זו ויתאפק ככל האפשר... ואותו הנזק הגופני הנעשה באבר זה הוא המטרה אשר לא יתקלקל בו מאומה מן הפעולות שבהן יציבות האדם ולא בטלה בה ההזרעה אבל פחתה בה הלהיטות והתאוותנות המופרזים מכדי הצורך והיות המילה ממעטת כח הקשוי ואפשר אף מיעוט ההנאה הוא דבר שאין בו ספק כי האבר כאשר הוטף ממנו דם והוסר המגן שלו מראשית גדילתו אין ספק שהוא נחלש... ויש במילה לדעתי עוד ענין אחר חשוב מאד והוא שיהו כל בעלי ההשקפה הזו כלומר סוברי יחוד השם להם סימן אחד גופני הכוללם ולא יוכל מי שאינו מהם לטעון שהוא מהם והוא נכרי... ומעשה זה לא יעשהו האדם בעצמו או בבנו אלא מתוך דעה ברורה כי אין זו שריטה בשוק או כויה בזרוע אלא דבר שהיה קשה מאד מאד וידוע גם ערך האהבה והעזרה המתפתחים בין בני אדם אשר כולם באות אחד והיא כעין הברית והמבטח וכך המילה הזו היא הברית אשר כרת אברהם אבינו על הדעה ביחוד השם וכך כל הנמול הרי הוא נכנס בברית אברהם ומתחייב בבריתו להיות בדעה על היחוד להיות לך לאלהים ולזרעך אחריך.'],,
"פסחים ז ע""א–ע""ב:","['אמר רב יהודה: הבודק צריך שיברך. מאי מברך? רב פפי אמר משמיה דרבא: לבער חמץ. רב פפא אמר משמיה דרבא: על ביעור חמץ. בלבער - כולי עלמא לא פליגי דודאי להבא משמע, כי פליגי - בעל ביעור. מר סבר: מעיקרא משמע, ומר סבר: להבא משמע. מיתיבי: ברוך אשר קדשנו במצותיו וצונו על המילה! התם היכי נימא? נימא למול - לא סגיא דלאו איהו מהיל? אבי הבן מאי איכא למימר? אין הכי נמי.']",Pesachim 7a-72a,
"תוספות שם ד""ה 'לא סגי':","['לא סגי דלאו איהו מהיל – דעל האב מוטל, כדפירש הקונטרס. אבל המל גרים מברך למול את הגרים, שהמברך חייב למול כמו האב המל.']",,Tosafot on Pesachim 7a
"שו""ת מהר""ח אור זרוע סימן יא:",['ומענין המילה נראה דאין האב חייב למול בנו בידיו אלא לעסוק שיהא נימול... כל הני עיקר מצוותן אינו העשייה אלא שהמילה חתומה בבשרו... אלא מילה היא מצוה בכל עת.'],Maharach Or Zarua Responsa 11,
"שבת קלז ע""ב:","[""תנו רבנן: המל אומר: אשר קדשנו במצותיו וצונו על המילה. אבי הבן אומר: אשר קדשנו במצותיו וצונו להכניסו בבריתו של אברהם אבינו. העומדים אומרים: כשם שנכנס לברית כך יכנס לתורה לחופה ולמעשים טובים. והמברך אומר: אשר קידש ידיד מבטן, חוק בשארו שם, וצאצאיו חתם באות ברית קדש. על כן בשכר זאת, אל חי חלקנו, צוה להציל ידידות שארינו משחת, למען בריתו אשר שם בבשרנו ברוך אתה ה' כורת הברית.""]",Shabbat 137b,
"שו""ת הרשב""א א סימן רמה:","['שאלה, אם מברכין על המילה... תשובה... אין אומרין זמן... ומיהו אין הטעם מחמת דאית ליה צערא לינוקא... אלא טעמא דמילתא כתב הרב בעל העיטור ז""ל לפי שהיא מצוה שמוטלת על בית דין ואינה כפדיון (הבן) שמוטל על האב.']",,
"שבת קלה ע""א:","['אמר רבי שמעון בן אלעזר: לא נחלקו בית שמאי ובית הלל על נולד כשהוא מהול שצריך להטיף ממנו דם ברית, מפני שערלה כבושה היא.']",Shabbat 135a,
"יבמות עב ע""א:","['טומטום אין אוכל בתרומה, נשיו ועבדיו אוכלין; משוך, ונולד כשהוא מהול - הרי אלו אוכלים; אנדרוגינוס אוכל בתרומה ואין אוכל בקדשים, טומטום אינו אוכל לא בתרומה ולא בקדשים; קתני מיהת: משוך, ונולד כשהוא מהול - הרי אלו אוכלין.']",Yevamot 72a,
מאירי שם:,"[""והנולד כשהוא מהול אינו אוכל בתרומה שהרי צריך להטיף ממנו דם ברית מספק ערלה כבושה וכמו שכתבנו למעלה שמעכב מספק, וברייתא זו דקאמרה אוכל דלא כהלכתא היא וכדעת האומר אין צריך להטיף כו' וגדולי המחברים שפסקו בו שאוכל תמהני עליהם.""]",,
"שולחן ערוך חו""מ שפב, א:","[""היה לו בן למול, ובא אחר ומלו, חייב ליתן לו י' זהובים. אבל נתנו לאחר למול, ובא אחר ומלו, פטור.""]","Shulchan Arukh, Choshen Mishpat 382:1",
קצות החושן שם אות ב:,"['ולכן נראה מדברי הרא""ש שכתב דאם צוה לאחר למולו דאין האחר שקדמו מיחייב לשלם דס""ל דשליח לא הוי כמותו, דאי נימא דשלוחו כמותו א""כ לשלם לאב וכמ""ש. ומה שהקשה בדרכי משה דהא בכל דוכתי קי""ל שלוחו כמותו, נראה לפי מ""ש בתוס\' רי""ד בפרק האיש מקדש (קידושין מב ע""ב ד""ה שאני) וז""ל, יש מקשים א""כ לכל דבר מצוה יועיל השליח ויאמר אדם לחבירו שב בסוכה עבורי הנח תפילין עבורי, ולאו מלתא היא שהמצוה שחייבו המקום לעשות בגופו היאך יפטור הוא ע""י שלוחו והוא לא יעשה כלום, בודאי בקידושין ובגירושין מהני כי הוא המגרש ולא השליח, שכותב בגט אנא פלוני פטרית פלונית, וכן נמי האשה למי היא מקודשת כי אם לו והיא אשתו, וכן בפסח הוא אוכלו ועל שמו ישחט ויזרק הדם, אבל בסוכה ה""נ יכול לומר לשלוחו עשה לי סוכה והוא יושב בה, אבל אם ישב בה חבירו לא קיים הוא כלום, וכן לולב וכן ציצית וכל המצות עכ""ל.', 'ובזה נדחו כל הראיות שהביא בתבואות שור, ומשום דגבי קבע לי מזוזה הו""ל כעושה שליח לעשות לו סוכה והוא יושב בסוכה, וה""נ במזוזה הוא הדר בבית שיש בו מזוזה, אבל במצות כיסוי שהתורה הטילה עליו מי ששפך יכסה אם מכסהו שלוחו לא קיים הוא כלום, והיינו נמי טעמא דמילה, והוא דומה לתפילין וסוכה וציצית דאינו בשליחות וכמ""ש בתוס\' רי""ד.']",,
"במדבר ג, יא–יג:","[""וַיְדַבֵּר ה' אֶל מֹשֶׁה לֵּאמֹר: וַאֲנִי הִנֵּה לָקַחְתִּי אֶת הַלְוִיִּם מִתּוֹךְ בְּנֵי יִשְׂרָאֵל תַּחַת כָּל בְּכוֹר פֶּטֶר רֶחֶם מִבְּנֵי יִשְׂרָאֵל וְהָיוּ לִי הַלְוִיִּם: כִּי לִי כָּל בְּכוֹר בְּיוֹם הַכֹּתִי כָל בְּכוֹר בְּאֶרֶץ מִצְרַיִם הִקְדַּשְׁתִּי לִי כָל בְּכוֹר בְּיִשְׂרָאֵל מֵאָדָם עַד בְּהֵמָה לִי יִהְיוּ אֲנִי ה':""]",Numbers 3:11-13,
"אבן עזרא שם ד""ה 'כי לי':","['כי לי כל בכור – והטעם, כי גם הבכורים לי הם. ביום הכותי – טעמו זמן, וכן רבים. לי יהיו – טעמו לי הם ולי יהיו, כי כל בכור מאדם יפדה, וכן כל בכור הבהמה הטמאה.']",,
"במדבר יח, טו–טז:","[""כָּל פֶּטֶר רֶחֶם לְכָל בָּשָׂר אֲשֶׁר יַקְרִיבוּ לַה' בָּאָדָם וּבַבְּהֵמָה יִהְיֶה לָּךְ אַךְ פָּדֹה תִפְדֶּה אֵת בְּכוֹר הָאָדָם וְאֵת בְּכוֹר הַבְּהֵמָה הַטְּמֵאָה תִּפְדֶּה: וּפְדוּיָו מִבֶּן חֹדֶשׁ תִּפְדֶּה בְּעֶרְכְּךָ כֶּסֶף חֲמֵשֶׁת שְׁקָלִים בְּשֶׁקֶל הַקֹּדֶשׁ עֶשְׂרִים גֵּרָה הוּא:""]",Numbers 18:15-16,
ספר החינוך מצווה שצב (מצוות פדיון בכור אדם):,"['לפדות בכור אדם, כלומר שמצוה על כל איש מישראל שיפדה מן הכהן בנו שהוא בכור לאמו הישראלית, שנאמר (במדבר יח, טו) אך פדה תפדה את בכור האדם...', 'מדיני המצוה מה שאמרו זכרונם לברכה (בכורות מט ע""א) שמצות הפדיון הוא משיש לו שלשים יום ומעלה, שיצא מכלל נפל, שנאמר (במדבר יח, טז), ופדויו מבן חדש תפדה. ומצוה זו מוטלת על האב. עבר האב ולא רצה לפדותו מצוה על הבן לפדות עצמו משיגדיל. והפדיון הוא בין בכסף השוה חמש סלעים בין בשוה כסף מן המטלטלין שגופן ממון, יצאו עבדים וקרקעות ושטרות שאם פדהו בהן אינו פדוי. חמש סלעים של פדיון, האב יכול ליתנם לכהן אחד או לכהנים הרבה.']",,Sefer HaChinukh 392
שם מצווה יח (מצוות קידוש בכורות):,"['משרשי מצוה זו, שרצה השם לזכותנו לעשות מצוה בראשית פרינו, למען דעת כי הכל שלו, ואין לו לאדם דבר בעולם רק מה שיחלק לו השם יתברך בחסדיו. ויבין זה בראותו כי אחר שיגע האדם כמה יגיעות וטרח כמה טרחים בעולמו והגיע לזמן שעשה פרי. וחביב עליו ראשית פריו כבבת עינו, מיד נותנו להקדוש ברוך הוא. ומתרוקן רשותו ממנו ומכניסו לרשות בוראו. ועוד, לזכור הנס הגדול שעשה לנו השם יתברך בבכורי מצרים, שהרגם והצילנו מידם.']",,Sefer HaChinukh 18
מנחת אשר במדבר לה:,['ונראה בזה על פי מה שיש לחקור בכל עיקר מצוה זו האם יש בה גדר פדיון ממש או שמא אין בה אלא מצות נתינת מתנות כהונה לכהן.'],,
"רמב""ם הלכות ביכורים יא, יט:","[""מי שהוא ספק אם חייב בפדיון או לא הרי זה פטור, שהמוציא מחבירו עליו הראיה. מת האב בתוך ל' יום הרי הבן בחזקת שלא נפדה עד שיביא ראיה מאביו שפדהו קודם שימות. מת האב לאחר ל' יום הרי הוא בחזקת פדוי עד שיודיעוהו שלא נפדה.""]","Mishneh Torah, First Fruits and other Gifts to Priests Outside the Sanctuary 11:19",
"שיירי כנסת הגדולה יו""ד שה, כו:","['ומיהו אפשר לומר דלא כתב הרמב""ם דכל מי שהוא ספק אם חייב הוא בפדיה או לא הרי זה פטור דהמע""ה אלא בספק שקול דלצד א\' פטור מכל וכל ולצד א\' חייב בודאי אבל היכא דלצד א\' חייב בודאי ולצד א\' הוי ספק לכ""ע חייבים לפדותו.']","Shulchan Arukh, Yoreh De'ah 305:26",
"תורה תמימה לבמדבר יח, טו הערה נ:","['וכתב בס\' זכרון יוסף דאינו חייב הוא עצמו בזה רק משיגיע לי""ג שנה, ואינו דומה לשאר מצות דמחויב להתחנך בהם משהגיע לשנות חינוך, יען כי כל המצות אף על פי שנתחנך אתם בקטנותו בכ""ז עוד יקיימם בגדלותו, משא""כ מצוה זו שהיא רק פעם אחת בחיים ואם יעשנה בקטנותו לא יכול לקיימה בגדלותו לכן יותר טוב להמתין עד שיגדיל, עכ""ד. והנה אם כי הסברא כשהיא לעצמה מושכלת היא, אבל באמת א""צ לזה, יען כי הלא ענין הפדיון הוא בודאי ערך קנין ומשא ומתן, וקטן אינו יכול לזכות לעצמו ולזכות לאחרים, כי אף על פי דקיי""ל בגיטין נט ע""א הפעוטות מקחן מקח וממכרן ממכר אך הלא מפורש אמרו שם כי זה רק מתקנת חכמים משום כדי חייו, אבל במצוה דאורייתא שאין בה משום תקנה זו בודאי לא אהנו מעשיו.']",,
"שבועות ד ע""ב:","['דתניא, רבי אומר: בכל פודין בכור אדם חוץ מן השטרות, ורבנן אמרי: בכל פודין בכור אדם חוץ מעבדים ושטרות וקרקעות. מאי טעמא דרבי? דריש ריבויי ומיעוטי: ופדויו מבן חדש - ריבה, בערכך כסף חמשת שקלים - מיעט, תפדה - חזר וריבה, ריבה ומיעט וריבה - ריבה הכל, מאי ריבה? כל מילי, ומאי מיעט? מיעט שטרות. ורבנן דרשי כללי ופרטי: ופדויו מבן חדש - כלל, בערכך כסף חמשת שקלים - פרט, תפדה - חזר וכלל, כלל ופרט וכלל אי אתה דן אלא כעין הפרט, מה הפרט מפורש דבר המטלטל וגופו ממון, אף כל דבר המטלטל וגופו ממון, יצאו קרקעות - שאינן מטלטלין, יצאו עבדים, שהוקשו לקרקעות, יצאו שטרות - אף על פי שמטלטלין אין גופן ממון.']",Shevuot 4b,
"תורה תמימה לבמדבר יח, טז הערה ס:","['ובשו""ת חת""ס סי\' קלד כתב דשטרות הממלכה ובתי אוצר בטוחים העוברים לסותר מיד ליד כמטבע מהלכת אין להם דין שטרות אלא ככסף מעליא, לענין קדושין ושומרים ושבועות, אך לענין פדיון הבן נסתפק משום דאפשר לומר דדוקא מה שבדבר שבין אדם לחבירו כל טבעא דסגי בעלמא נקרא מטבע, משא""כ פדה""ב שפודים מהקב""ה והוא קצב הפדיון ה\' סלעים שיש בהם משקל ה\' לאט""ה וקווינ""ט כסף מזוקק, אפשר דכל שאינו כזה ממש אין פודין בו. ואני תמה, שהרי הלכה רווחת קיי""ל דפודין גם בשוה כסף כמבואר במשנה כאן בסוגיא, אם כן מבואר מפורש דלא מטבע כזו ממש צריך אלא שווי מטבע כזו, ואם כן כל מה ששוה לערך כזה בכלל כסף הראוי לפדיון הוא, ודו""ק.']",Numbers 18:16,
"ערוך השולחן יו""ד שה, לד–לז:","['לד. וכתב הטור בתשובות הגאונים הכי איתא תקון גאונים לסדורי מנהגא דפדיונא וברכתא דיליה הכי דמייתי אבוה בריה קמי כהנא ומודיע לו דבכור פטר רחם הוא ולישייליה כהנא מאי בעית טפי ברך בוכרך או חמש סלעים דמחייבת למיפרקי בהו וליהדר ליה ברי בוכרי בעינא טפי והילך ה\' סלעים בפורקניה ובהדי דיהיב ליה בידיה מברך וכו\' על פדיון הבן ושהחיינו והדר מזגא לכהנא כסא דחמרא ומייתי אסא ומברך בפה""ג ובורא עצי בשמים וכו\' ומברך הכהן את הבן ומחזירו לאביו ולאמו וכו\' עכ""ל והנה הטור הביא בשמם ברכה ארוכה לכהן בשם ומלכות וכתב הרא""ש שאין בכחינו לתקן ברכות חדשות ולא נהגו לברכה וגם על הדס אין המנהג אצלנו אבל הנוסחא דמאי בעית טפי הביאה רבינו הרמ""א ונדפסה בסידורים וכן המנהג.', 'לה. ורבים התפלאו על נוסח זה וכי היכן מצינו שהברירה ביד האב ליתן להכהן הבן ולהדיא כתב רבינו הרמ""א דאם האב רוצה להניח הבן לכהן אינו יוצא רק צריך לפדותו עכ""ל אך גם להיפך תמוה דמהו זה לשון פדיון דבכל הפדיונות כהקדש ומעשר שני ופטר חמור הפדיון הוי תמורה מהדבר עצמו דאם לא פדה נשאר הדבר הקדש והמעשר שני מוליך לירושלים והחמור מערפין וכן באמה העבריה דכתיב והפדה הוי תמורת גופה שלא תשתעבד עוד אבל בבכור אדם מה שייך לשון פדיון.', 'לו. ולכן נלע""ד דאין הכוונה במאי בעית טפי ברך בוכרך ליתנו להכהן אלא דה""פ דהנה במצרים נתקדשו בכורי אדם ובכורי בהמה והנה בכורי בהמה נתקדשו לקרבן אבל במה נתקדשו הבכורי אדם ומהו זה מאי דכתיב בבמדבר (יג, יג) הקדשתי לי כל בכור בישראל מאדם עד בהמה לי יהיו וגו\' והנה במדבר היתה קדושתם לעבודת המשכן ונלקחו הלוים תחתם כדכתיב שם קח את הלוים תחת כל בכור וגו\' אבל א""כ מה היא קדושתם לדורות ואין לומר דבאמת אינם קדושים לדורות דא""כ למה צריכים פדיון ועוד דהא גם בהמת הלוים נקדשו תחת בהמתם כמבואר שם ועכ""ז גם לדורות הם קדושים כל בכורי בהמת ישראל וא""כ גם בכורי אדם כן הוא.', 'לז. והאמת כן הוא שהם קדושים לה\' ככל הקדשים שאסור להם לעשות דבר חולין ואכילתם וכל מעשיהם בקדושה וזהו דכתיב בסוף פ\' בא (שמות יג, יב) והעברת כל פטר שגר בהמה וגו\' דפשטא דקרא דוהעברת כל פטר רחם קאי אבכורי אדם וכמו שמסיים על כן אני זובח וגו\' וכל בכור בני אפדה שחשב שניהם וה""נ כן הוא וכן פירש""י בחומש בלשון אחר דוהעברת קאי על בכורי אדם ע""ש ובמכילתא תניא אין והעברת אלא הפרשה ע""ש ולדעתי ה""פ שיהיו מופרשים לה\' וידוע דדבר זה א""א לעמוד בו לזאת נתנה תורה תקנה בפדיון דע""י זה יוצאים מקדושתם וזהו מאמר הכהן במאי בעית טפי אי ברך בוכרך יהיה כולו קודש לה\' כהכוונה הראשונה ביציאת מצרים או חמש סלעים למפרקיה ומודיעו הכהן מהו עניין הפדיון ולהבינו למה הצריכה התורה לפדותו וזהו כאומר אם נשאל לכל אב במה חפצך אם שבנך יהיה קדש ולא יוכל לעשות דבר חול או לפדותו בה\' סלעים ויהיה ביכולתו להתנהג בעולמו ככל בני אדם ובוודאי לא ימצא שום אב שלא יחפוץ לפדותו.']","Arukh HaShulchan, Yoreh De'ah 305:34-37",
"קידושין ו ע""ב:","['אמר רבא: הילך מנה על מנת שתחזירהו לי, במכר - לא קנה, באשה - אינה מקודשת, בפדיון הבן - אין בנו פדוי, בתרומה - יצא ידי נתינה, ואסור לעשות כן, מפני שנראה ככהן המסייע בבית הגרנות. מאי קסבר רבא? אי קסבר מתנה על מנת להחזיר שמה מתנה, אפילו כולהו נמי! ואי קסבר לא שמה מתנה, אפילו תרומה נמי לא! ועוד, הא רבא הוא דאמר מתנה על מנת להחזיר שמה מתנה, דאמר רבא: הילך אתרוג זה על מנת שתחזירהו לי, נטלו והחזירו - יצא, ואם לאו - לא יצא! אלא אמר רב אשי: בכולהו קני, לבר מאשה, לפי שאין אשה נקנית בחליפין. א""ל רב הונא מר בריה דרב נחמיה לרב אשי: הכי אמרינן משמיה דרבא כוותיך.']",Kiddushin 6b,
"רמב""ם הלכות ביכורים יא, ח:","['רצה הכהן להחזיר לו הפדיון מחזיר, ולא יתן לו הוא ודעתו שיחזיר, ואם עשה כן והחזיר לו אין בנו פדוי עד שיגמור בלבו ליתן לו מתנה גמורה, ואם רצה הכהן אחר כך להחזיר יחזיר, וכן אם פירש ונתן לו על מנת להחזיר הרי בנו פדוי.']","Mishneh Torah, First Fruits and other Gifts to Priests Outside the Sanctuary 11:8",
"ערוך השולחן יו""ד שה, כח:","['דמתנה על מנת להחזיר שמה מתנה ועדיפא מנתן ודעתו שיחזור שאין כאן מתנה כלל אבל מתנה על מנת להחזיר הוי מתנה גמורה אלא שעושה עמו תנאי שיחזיר לו והוי כשאר תנאי (הגר""א סקי""ד מרא""ש פ""ד דסוכה) ועוד דמתנה על מנת להחזיר לשעתו הוה מתנה גמורה אך אח""כ תחזירנו לי.']","Arukh HaShulchan, Yoreh De'ah 305:28",
"שמות כ, יב:","[""כַּבֵּד אֶת אָבִיךָ וְאֶת אִמֶּךָ לְמַעַן יַאֲרִכוּן יָמֶיךָ עַל הָאֲדָמָה אֲשֶׁר ה' אֱלֹהֶיךָ נֹתֵן לָךְ:""]",Exodus 20:12,
"רמב""ן שם:","['כבד את אביך – הנה השלים כל מה שאנו חייבין בדברי הבורא בעצמו ובכבודו, וחזר לצוות אותנו בעניני הנבראים, והתחיל מן האב שהוא לתולדותיו כענין בורא משתתף ביצירה, כי השם אבינו הראשון, והמוליד אבינו האחרון, ולכך אמר במשנה תורה (דברים ה, טז) כאשר צויתיך בכבודי כן אנכי מצוך בכבוד המשתתף עמי ביצירתך. ולא פירש הכתוב הכבוד, שהוא נלמד מן הכבוד הנאמר למעלה באב הראשון יתברך, שיודה בו שהוא אביו, ולא יכפור בו לאמר על אדם אחר שהוא אביו, ולא יעבדנו כבן לירושתו, או לענין אחר שיצפה ממנו, ולא ישא שם אביו וישבע בחיי אביו לשוא ולשקר. ויכנסו בכלל הכבוד דברים אחרים, כי בכל כבודו נצטווינו, ומפורשים הם בדברי רבותינו (קדושין לא ע""ב), וכבר אמרו (שם ל ע""ב) שהוקש כבודו לכבוד המקום.', 'וכאשר המצוה הזאת היא בתחתונים, כן נתן שכרה באריכות ימים בארץ אשר יתן לנו. ועל דעת רבותינו (קידושין לט ע""ב) ענין הכתוב למען יאריכון ימיך ועל האדמה, יבטיח כי במצוה הזאת יהיו כל ימותינו ארוכים, כי ימלא השם ימינו בעולם הזה, ויהיו ארוכים בעולם הבא שכלו ארוך, ותהיה ישיבתינו לעד על האדמה הטובה שיתן לנו, ובמשנה תורה (דברים ה, טז) פירש למען יאריכון ימיך ולמען ייטב לך על האדמה, והנה הם שתי הבטחות.']",,
"ויקרא יט, ג:","[""אִישׁ אִמּוֹ וְאָבִיו תִּירָאוּ וְאֶת שַׁבְּתֹתַי תִּשְׁמֹרוּ אֲנִי ה' אֱלֹהֵיכֶם:""]",Leviticus 19:3,
"רשב""ם שם:","['[איש אמו ואביו תיראו] ואת שבתותיי תשמרו – כשם שבעשרת הדיברות נאמר כיבוד אב ואם אצל שמירת שבת שהושוה כיבודם לכבוד המקום, אף כאן סמכן הכתוב לפי פשוטו.']",,
"קידושין ל ע""ב:","['ת""ר, שלשה שותפין הן באדם: הקדוש ברוך הוא, ואביו, ואמו, בזמן שאדם מכבד את אביו ואת אמו, אמר הקדוש ברוך הוא: מעלה אני עליהם כאילו דרתי ביניהם וכבדוני.']",Kiddushin 30b,
ספר החינוך מצווה לג (מצוות כיבוד אב ואם):,"['לכבד האב והאם, שנאמר (שמות כ, יב) כבד את אביך ואת אמך וגו\', ובא הפירוש (קידושין לא ע""ב), אי זהו כיבוד. מאכיל ומשקה, מלביש ומכסה, מכניס ומוציא.', 'משרשי מצוה זו, שראוי לו לאדם שיכיר ויגמול חסד למי שעשה עמו טובה, ולא יהיה נבל ומתנכר וכפוי טובה, שזו מידה רעה ומאוסה בתכלית לפני אלהים ואנשים. ושיתן אל לבו כי האב והאם הם סיבת היותו בעולם, ועל כן באמת ראוי לו לעשות להם כל כבוד וכל תועלת שיוכל, כי הם הביאוהו לעולם, גם יגעו בו כמה יגיעות בקטנותו. וכשיקבע זאת המדה בנפשו יעלה ממנה להכיר טובת האל ברוך הוא, שהוא סיבתו וסיבת כל אבותיו עד אדם הראשון, ושהוציאו לאויר העולם וסיפק צרכו כל ימיו, והעמידו על מתכונתו ושלימות אבריו, ונתן בו נפש יודעת ומשכלת, שאלולי הנפש שחננו האל יהיה כסוס כפרד אין הבין, ויערוך במחשבתו כמה וכמה ראוי לו להזהר בעבודתו ברוך הוא.']",,Sefer HaChinukh 33
מנחת חינוך שם אות ג:,"['ומצות עשה היא ככל מצוות שבתורה לענין תשובה, דתשובה מכפרת. ומכל מקום אני מסופק, לפי המבואר בר""מ פ""ב מתשובה ה""ט ובש""ס [יומא פה ע""ב] דעבירות שבין אדם לחבירו לא מהני תשובה ולא יום הכפורים עד שירצה את חבירו, אם כאן במצוה זו של כיבוד דהוא נוסף, דגזירת הכתוב היא דנוסף על כיבוד כל אדם, דבאדם אחר אין איסור אלא לצערו וכאן מצוה לכבדו, אם לא כיבדו אפשר דהיא רק מצות המקום ברוך הוא ולא בין אדם לחבירו, דבין אדם לחבירו אינו אלא במה שהוא שוה לכל אדם, אבל כאן הוא רק באביו ואמו, אם כן אינו אלא כמצות שבין אדם למקום ברוך הוא. או דלמא כיון שהשי""ת ציוה זו המצוה בין אדם לחבירו, הוי בין אדם לחבירו ולא מהני תשובה אם לא שירצה את אביו ואמו.']",,Minchat Chinuch 33
"כתובות קג ע""א:","['דתניא: כבד את אביך ואת אמך, את אביך - זו אשת אביך, ואת אמך - זו בעל אמך, וי""ו יתירה - לרבות את אחיך הגדול! הני מילי מחיים, אבל לאחר מיתה לא.']",Ketubot 103a,
"שולחן ערוך יו""ד רמ, כב:","['חייב אדם בכבוד אחיו הגדול, בין שהוא אחיו מאביו בין שהוא אחיו מאמו. (ואפילו הקטן הוא ת""ח וגדול בתורה יותר מן הגדול). (כן משמע לו מתשובת הרא""ש שבסעיף שאח""ז וסמ""ג ודלא כיש חולקין בזה).']","Shulchan Arukh, Yoreh De'ah 240:22",
"פתחי תשובה שם ס""ק יח:","['בכבוד אחיו הגדול – עיין בתשובת כנסת יחזקאל סימן כה דף לו ע""ג שהביא דיש פלוגתא בין הרמב""ם והרמב""ן בספר השרשים אם חייב בכבוד אחיו הגדול אף לאחר מיתת אביו ואמו או טעם הכבוד הוא רק משום כבוד אביו ואמו כמו באשת אביו ואינו חייב לכבדו רק כל זמן שאביו ואמו קיימים ע""ש ועיין בד""מ סק""ז.']",,
"כתובות קג ע""א:","['אשת אב נמי דאורייתא היא, דתניא: כבד את אביך ואת אמך, את אביך - זו אשת אביך, ואת אמך - זו בעל אמך, וי""ו יתירה - לרבות את אחיך הגדול! הני מילי מחיים, אבל לאחר מיתה לא.']",Ketubot 103a,
"רמב""ם הלכות ממרים ו, ה:","['וחייב לכבדו אפילו לאחר מותו, כיצד היה אומר דבר שמועה מפיו לא יאמר כך אמר אבא, אלא אומר כך אמר אבא מרי אני כפרת משכבו, במה דברים אמורים בתוך שנים עשר חדש שלאחר מיתתו, אבל לאחר שנים עשר חדש אומר זכרונו לחיי העולם הבא.']","Mishneh Torah, Rebels 6:5",
"מנחת חינוך לג אות א ד""ה 'והנה אף'.","['והנה אף דבאביו ואמו חייב בכבודם גם לאחר מותם, מ""מ נראה פשוט דאשת אביו אם מתה או בעל אמו שמת אינו חייב בכבודם, כיון שמתו אין זה אשת אביו ולא בעל אמו, כמו בנתגרשו. אך אחיו הגדול חייב בכבודו לאחר מיתה גם כן, דמ""מ הוא אחיו, כן נראה לענ""ד.']",,Minchat Chinuch 33
"שו""ת משנה הלכות ד סימן קע:","['לענין כבוד אב ואם שאם יכה אביו ואמו ולפסלו לעדות וכדומה שנוגע בזמננו ג""כ, ואף שכתבו הפוסקים דגם להמגדל צריך לכבד ועיין מהרי""ק שורש ל מ""מ לענין חיוב יש נ""מ.']",,
"קידושין לא ע""ב:","['ת""ר: איזהו מורא, ואיזהו כיבוד? מורא - לא עומד במקומו, ולא יושב במקומו, ולא סותר את דבריו, ולא מכריעו; כיבוד - מאכיל ומשקה, מלביש ומכסה, מכניס ומוציא.']",Kiddushin 31b,
"שם ל ע""ב – לא ע""א:","['תניא, רבי אומר: גלוי וידוע לפני מי שאמר והיה העולם, שבן מכבד את אמו יותר מאביו, מפני שמשדלתו בדברים, לפיכך הקדים הקדוש ברוך הוא כיבוד אב לכיבוד אם; וגלוי וידוע לפני מי שאמר והיה העולם, שהבן מתיירא מאביו יותר מאמו, מפני שמלמדו תורה, לפיכך הקדים הקדוש ברוך הוא מורא האם למורא האב.']",Kiddushin 30b-31a,
ספר החינוך מצווה ריב (מצוות יראת אב ואם):,"['לירא מהאבות, כלומר שיתנהג האדם עם אמו ואביו הנהגה שאדם נוהג עם מי שיירא ממנו, שנאמר (ויקרא יט, ג) איש אמו ואביו תיראו. ולשון ספרא, אי זהו מורא, לא ישב במקומו ולא ידבר במקומו ולא סותר את דבריו.', 'משרשי המצוה, כתבתי במצות כיבוד האבות בפרשת וישמע יתרו.']",,Sefer HaChinukh 212
"חידושי הרשב""א יבמות ו ע""א ד""ה 'מה להנך שכן הכשר מצוה':","['לפי שאין עיקר כבודו אלא במה שיש לו בו הנאה וכדאמרינן בקדושין (לא ע""ב) איזהו כבוד מאכילו ומשקהו מלבישו ומנעילו אבל אמר לו לעשות דבר שאין לו בו הנאה של כלום אין זה כבוד שנצטוה עליה וכבוד כזה אין בו עשה של תורה שידחה אפילו לאו גרידא.']",Rashba on Yevamot 6a:6,
"ספר המקנה ד""ה 'שם איסתייע מילתא':","['אלא שיש לחלק בין כיבוד למורא כמ""ש לעיל דהא דאמר איזהו כיבוד מאכילו ומשקהו היינו דוקא כשלא צוה לו אביו אבל אם אמר לו השקיני זה הוי בכלל מורא דאמר שם דלא יעבור על דבריו.']",,
"יבמות כב ע""א, המשנה (פ""ב מ""ה):","['מי שיש לו אח מכל מקום - זוקק את אשת אחיו ליבום, ואחיו הוא לכל דבר, חוץ ממי שיש לו אח מן השפחה ומן העובדת כוכבים. מי שיש לו בן מכל מקום - פוטר אשת אביו מן היבום, וחייב על מכתו ועל קללתו, ובנו לכל דבר, חוץ ממי שיש לו בן מן השפחה ומן העובדת כוכבים.']",Yevamot 22a,
"שם ע""ב:","['מי שיש לו בן מ""מ - פוטר וכו\'. מכל מקום לאתויי מאי? אמר רב יהודה: לאיתויי ממזר. מאי טעמא? דאמר קרא: ובן אין לו, עיין עליו.', 'וחייב על מכתו. אמאי? קרי כאן: ונשיא בעמך לא תאור, בעושה מעשה עמך! כדאמר רב פנחס משמיה דרב פפא: בעושה תשובה, הכא נמי כשעשה תשובה. והאי בר תשובה הוא? והתנן, שמעון בן מנסיא אומר: איזהו מעוות לא יוכל לתקון? זה הבא על הערוה והוליד ממנה ממזר! השתא מיהא עושה מעשה עמך הוא.']",,
"בבא קמא צד ע""ב:","['באותה שעה אמרו: הגזלנין ומלוי רביות שהחזירו - אין מקבלין מהם, והמקבל מהם - אין רוח חכמים נוחה הימנו. מיתיבי: הניח להם אביהם מעות של רבית, אף על פי שהן יודעין שהן רבית - אין חייבין להחזיר; אינהו הוא דלא, הא אביהם חייב להחזיר! בדין הוא דאביהם נמי אינו חייב להחזיר, והא דקתני בדידהו? משום דקא בעי למתני סיפא: הניח להם אביהם פרה וטלית וכל דבר המסויים - חייבין להחזיר מפני כבוד אביהם, תנא רישא נמי בדידהו. ומפני כבוד אביהם חייבין להחזיר? אקרי כאן ונשיא בעמך לא תאור, בעושה מעשה עמך! כדאמר רב פנחס: בשעשה תשובה, הכא נמי בשעשה תשובה. אי עשה תשובה, מאי בעי גביה? איבעי ליה לאהדורי! שלא הספיק להחזיר עד שמת.']",Bava Kamma 94b,
"רמב""ם הלכות ממרים ה, יב:","['מי שהיו אביו ואמו רשעים גמורים ועוברי עבירות, אפילו נגמר דינן להריגה והם יוצאים ליהרג אסור להכותן ולקללם, ואם קלל או חבל בהן פטור, ואם עשו תשובה הרי זה חייב ונהרג עליהן אף על פי שהרי הן יוצאין למיתה, במה דברים אמורים בבנו אבל אחד שבא והכהו וקלל אחר שנגמר דינו אף על פי שעשה תשובה הרי זה פטור הואיל והוא הולך למיתה, ואם ביישו חייב בקנס המבייש.']","Mishneh Torah, Rebels 5:12",
"שם ו, יא:","['הממזר חייב בכבוד אביו ומוראו אף על פי שהוא פטור על מכתו וקללתו עד שיעשה תשובה, אפילו היה אביו רשע ובעל עבירות מכבדו ומתיירא ממנו, ראהו עובר על דברי תורה לא יאמר לו אבא עברת על דברי תורה אלא יאמר לו אבא כתוב בתורה כך וכך כאילו הוא שואל ממנו ולא כמזהירו.']","Mishneh Torah, Rebels 6:11",
"רי""ף יבמות ה ע""א:","['וחייב על מכתו ועל קללתו וכו\' – קרי כאן ונשיא בעמך לא תאור בעושה מעשה עמך בשעשה תשובה ה""מ לענין חיובא אבל לענין איסורא אפילו לא עשה תשובה אסור לו לבן להכותו לאביו ולקללו דגרסינן בסנהדרין בפרק אלו הן הנחנקין (פה ע""ב) אמר רבה בר רב הונא וכן תנא דבי רבי ישמעאל לכל אין הבן נעשה שליח לאביו לא להכותו ולא לקללו חוץ ממסית ומדיח שהרי אמרה תורה לא תחמול ולא תכסה עליו.']",Rif Yevamot 5a,
"קובץ הערות יז, א:","['ובאמת נראה, שזהו טעמו של הרמב""ם (ממרים פ""ו הי""א) דגם באינו עושה מעשה עמך חייב בכבודו, דגבי כיבוד לא אשכחן קרא למעוטי. והאי דאמר בגמ\' ב""ק (צד ע""ב) גבי הניח אביהן דבר המסוים חייבין להחזיר מפני כבוד אביהן, דדוקא בעשה תשובה, כבר כתבו תוס\' ורא""ש (פ\' הכותב [כתובות] פו ע""א [תוד""ה פריעת בע""ח מצוה ורא""ש סי\' יד]) דהתם לאו דוקא לישנא דכבוד אביהן, דהוי מ""ע שמתן שכרה בצדה דאין בי""ד כופין עליה, אלא משום קלון אביהן, ובזה בעינן עושה מעשה עמך.']",,
"קידושין לב ע""א:","['א""ר יצחק בר שילא א""ר מתנה אמר רב חסדא: האב שמחל על כבודו - כבודו מחול.']",Kiddushin 32a,
"שאילתות דרב אחאי, פרשת משפטים, שאילתא סא:","[""וכן אמרי' האב שמחל על כבודו כבודו מחול, הני מילי כבודו, אבל הכאתו וקללתו לא.""]",Exodus 21:1-24:18,
מנחת חינוך מח אות ב:,"['דיני המצוה וכו\'. עיין ש""ס סנהדרין פד ע""ב ור""מ פ""ה מממרים, ואכתוב הדינים בקיצור כדרכי בעז""ה. הנה המכה חבירו עובר בלאו דלא יוסיף, בין הכאה שיש בו חבורה או אין בה חבורה, ובהכאה שיש בה שוה פרוטה אין לוקה, דריבתה התורה לתשלומין ותרתי לא עבדינן, ובהכאה שאין בה שוה פרוטה לוקה, דכיון שאינו חייב ממון לוקה על הלאו, כמבואר בש""ס כתובות לב ע""ב ור""מ פ""ה מחובל ומזיק ה""ג. וגבי אב ואם גם כן הדין כן, אם הכה הכאה שאין בה חבורה, משלם בששוה פרוטה ובפחות משוה פרוטה לוקה. אך בהכה אב ואם הכאה שיש בה חבורה, חידשה התורה עונש מיתה דהיינו חנק, ואם כן אינו משלם אפילו בהכאה ששוה פרוטה, כי מיתה פוטרת מתשלומין דקים ליה בדרבה מיניה. ואינו חייב מיתה אלא בעדים והתראה כשאר חייבי מיתות, מ""מ אפילו לא התרו בו למיתה אינו משלם, דקיימא לן חייבי מיתות שוגגין פטורין מתשלומין, עיין ר""מ שם פ""ד ה""ז, עי""ש. ואם לא התרו בו למיתה רק למלקות מלאו דלא יוסיף, פטור מתשלומין מחמת חייבי מיתות שוגגין, וחייב מלקות, כי חייבי מיתות שוגגין אין פוטר ממלקות, עיין חולין פא ע""ב ור""מ פי""ב משחיטה ה""ז, עי""ש, וחייב מלקות ככל חובל איש מישראל במקום שאינו חייב בתשלומין, וזה פשוט.', 'ונראה לענ""ד, דזה שחייבה התורה במכה אביו ואמו או בחבירו, היינו דוקא בלא רשות, אבל אם אביו ואמו או חבירו אומרים לו שיכם או שיקללם, אינו עובר בלאו הזה ואינו חייב מלקות ולא מיתה.']",,Minchat Chinuch 48
"קידושין לב ע""א:","['משל מי? רב יהודה אמר: משל בן, רב נתן בר אושעיא אמר: משל אב. אורו ליה רבנן לרב ירמיה, ואמרי לה לבריה דרב ירמיה, כמ""ד משל אב. מיתיבי נאמר: כבד את אביך ואת אמך, ונאמר: כבד את ה\' מהונך, מה להלן בחסרון כיס, אף כאן בחסרון כיס; ואי אמרת משל אב, מאי נפקא ליה מיניה? לביטול מלאכה. ת""ש: ב\' אחים, שני שותפין, האב ובנו, הרב ותלמידו - פודין זה לזה מעשר שני, ומאכילין זה לזה מעשר עני; ואי אמרת משל בן, נמצא זה פורע חובו משל עניים! לא צריכא - להעדפה. אי הכי, היינו דקתני עלה, אמר רבי יהודה: תבא מאירה למי שמאכיל את אביו מעשר עני; ואי להעדפה, מאי נפקא מינה? אפילו הכי זילא ביה מילתא. ת""ש, שאלו את ר""א: עד היכן כיבוד אב ואם? אמר להם: כדי שיטול ארנקי ויזרקנו לים בפניו, ואינו מכלימו; ואי אמרת משל אב, מאי נפקא לי\' מיניה? בראוי ליורשו.']",Kiddushin 32a,
"קידושין לב ע""ב – לג ע""א:","['ת""ר: מפני שיבה תקום - יכול אפילו מפני זקן אשמאי? ת""ל: זקן, ואין זקן אלא חכם, שנאמר: אספה לי שבעים איש מזקני ישראל; רבי יוסי הגלילי אומר: אין זקן אלא מי שקנה חכמה, שנאמר: ה\' קנני ראשית דרכו. יכול יעמוד מפניו ממקום רחוק? ת""ל: תקום והדרת, לא אמרתי קימה אלא במקום שיש הידור. יכול יהדרנו בממון? ת""ל: תקום והדרת, מה קימה שאין בה חסרון כיס, אף הידור שאין בו חסרון כיס. יכול יעמוד מפניו מבית הכסא ומבית המרחץ? ת""ל: תקום והדרת, לא אמרתי קימה אלא במקום שיש הידור. יכול יעצים עיניו כמי שלא ראהו? ת""ל: תקום ויראת, דבר המסור ללב נאמר בו ויראת מאלהיך. רבי שמעון בן אלעזר אומר: מנין לזקן שלא יטריח? ת""ל: זקן ויראת. איסי בן יהודה אומר: מפני שיבה תקום - אפילו כל שיבה במשמע. רבי יוסי הגלילי היינו תנא קמא! איכא בינייהו יניק וחכים, ת""ק סבר: יניק וחכים לא, רבי יוסי הגלילי סבר: אפילו יניק וחכים. מ""ט דרבי יוסי הגלילי? אמר לך: אי ס""ד כדקאמר ת""ק, א""כ, נכתוב רחמנא מפני שיבה זקן תקום והדרת, מ""ש דפלגינהו רחמנא? למימר, דהאי לאו האי והאי לאו האי, ש""מ: אפי\' יניק וחכים. ות""ק? משום דבעי למיסמך זקן ויראת. ותנא קמא מ""ט? אי ס""ד כדקאמר רבי יוסי הגלילי, א""כ, נכתוב רחמנא מפני שיבה תקום והדרת תקום והדרת פני זקן, ומדלא כתב הכי, ש""מ חד הוא. אמר מר: יכול יהדרנו בממון? ת""ל: תקום והדרת, מה קימה שאין בה חסרון כיס, אף הידור שאין בו חסרון כיס. וקימה לית בה חסרון כיס? מי לא עסקינן דקא נקיב מרגניתא, אדהכי והכי קאים מקמיה ובטיל ממלאכתו? אלא אקיש קימה להידור, מה הידור שאין בו ביטול, אף קימה שאין בה ביטול; ואקיש נמי הידור לקימה, מה קימה שאין בה חסרון כיס, אף הידור שאין בו חסרון כיס; מכאן אמרו: אין בעלי אומניות רשאין לעמוד מפני תלמידי חכמים בשעה שעוסקין במלאכתם.']",Kiddushin 32b-33a,
"שם נז ע""א:","[""כדתניא: שמעון העמסוני, ואמרי לה נחמיה העמסוני, היה דורש כל אתין שבתורה, כיון שהגיע לאת ה' אלהיך תירא פירש; אמרו לו תלמידיו: רבי, כל אתין שדרשת מה תהא עליהם? אמר להם: כשם שקבלתי שכר על הדרישה, כך קבלתי על הפרישה; עד שבא רבי עקיבא ולימד: את ה' אלהיך תירא - לרבות תלמידי חכמים.""]",Kiddushin 57a,
"חידושי הגרי""ז בכורות ו, ב:","['והנראה בזה דהנה הרמב""ם בכיבוד אב ואם כתב שני מצות לכבדם ולירא מפניהם, ואף מנאן כן בסה""מ (מצוות רי, ריא), ובהלכות ממרים שם כתב אי זהו מורא ואי זהו כבוד וכו\' היינו משום דדעתו דהם שני מצוות, והנה בריש הל\' ת""ת כתב מצוה לכבד מלמדיה ויודעיה, ואח""כ פירש שם (בפ""ה הל""א) כשם שאדם מצווה בכבוד אביו ואמו ויראתו כך הוא חייב בכבוד רבו ויראתו ע""ש, הרי כלל הן כבוד והן מורא במצוה אחת של לכבד לומדיה, דאף דהויין שני דברים כבוד ומורא מכ""מ נכללין הן במצות כבוד, שמצוה זו מחייב בשני הדברים יחד אצל רבו.']",,
"קידושין לב ע""א:","['א""ר יצחק בר שילא א""ר מתנה אמר רב חסדא: האב שמחל על כבודו - כבודו מחול, הרב שמחל על כבודו - אין כבודו מחול; ורב יוסף אמר: אפי\' הרב שמחל על כבודו - כבודו מחול, שנאמר: ויי\' הולך לפניהם יומם. אמר רבא: הכי השתא, התם הקדוש ב""ה עלמא דיליה הוא ותורה דיליה היא - מחיל ליה ליקריה, הכא תורה דיליה היא? הדר אמר רבא: אין, תורה דיליה היא, דכתיב: ובתורתו יהגה יומם ולילה. איני? והא רבא משקי בי הלולא דבריה, ודל ליה כסא לרב פפא ולרב הונא בריה דרב יהושע וקמו מקמיה, לרב מרי ולרב פנחס בריה דרב חסדא - ולא קמו מקמיה, איקפד ואמר: הנו רבנן - רבנן, והנו רבנן לאו רבנן? ותו, רב פפא הוה משקי בי הלולא דאבא מר בריה, ודלי ליה כסא לר\' יצחק בריה דרב יהודה ולא קם מקמיה, ואיקפד! אפ""ה, הידור מיעבד ליה בעו.']",Kiddushin 32a,
"בבא מציעא לג ע""א, במשנה (פ""ב מי""א):","['אבדתו ואבדת אביו - אבדתו קודמת, אבדתו ואבדת רבו - שלו קודם. אבדת אביו ואבדת רבו - של רבו קודמת, שאביו הביאו לעולם הזה ורבו שלמדו חכמה מביאו לחיי העולם הבא. ואם אביו חכם - של אביו קודמת. היה אביו ורבו נושאין משאוי - מניח את של רבו, ואחר כך מניח את של אביו. היה אביו ורבו בבית השבי - פודה את רבו ואחר כך פודה את אביו. ואם אביו חכם - פודה את אביו ואחר כך פודה את רבו.']",Bava Metzia 33a,
"חידושי המאירי שם ד""ה 'אבדת אביו ואבדת רבו':",['אבדת אביו ואבדת רבו אבדת רבו קודמת שאביו הביאו לחיי העולם הזה ורבו שלמדו תורה הביאו לחיי העולם הבא ודוקא רבו שלמדו בחנם.'],,
"ערוך השולחן יו""ד רמב, ה:","['עוד כתב י""א הא דרבו קודם לאביו היינו שלומד עמו בחנם אבל אם אביו שוכר לו רבו ומלמדו אביו קודם לכל דבר וכן נ""ל עיקר עכ""ל, וכן אחר שנתן שכירות לרבו בעדו אז אבידת בעל הנותן קודמת לרבו (ספר חסידים סי\' תקפה). ומשמע להדיא דרק לעניין זה מגרע השכירות שרבו קיבל שלא תהא אבדתו קודמת אבל בכבודו ומוראו של רבו חייב אף על פי שרבו קיבל שכירות בעדו דסוף סוף קיבל תורה ממנו וכל רבו שבסימן זה מיירי ברבו מובהק שרוב חכמתו ממנו.']","Arukh HaShulchan, Yoreh De'ah 242:5",
"טורי אבן מגילה כח ע""א ד""ה 'אל תקרי':","['וי""ל דאע""ג דהרב רשאי למחול על כבודו הני מילי כגון בקימה והידור רשאי למחול עליהם כיון דתורה דיליה היא אבל לתת כבודו לאחר אם הוא ע""ה כבודו לאחר לא יתן דאיכא משום משנאי כדפירש""י שגורם לבני אדם לשנאותו שהרואה ת""ח שפל לפני עם הארץ אומר אין נחת רוח בתורה. ואיכא זלזול לכבוד התורה ולומדיה. וכה""ג כתב הריב""ש בתשובה סימן (רכ) בשם הראב""ד דאע""ג דהרב שמחל על כבודו מחול דתורה דילי\' היא היינו במידי דלית ביה בזיון אלא באותן דברים שחייב אדם לנהוג כבוד לרבו מחמת תורתו כגון לעמוד מפניו וכיוצא בזה יכול למחול. אבל על בזיונו אינו יכול למחול אדרבה אסור למחול דהתורה מתבזה בכך.']",,
"דברים טו, א–יא:","[""מִקֵּץ שֶׁבַע שָׁנִים תַּעֲשֶׂה שְׁמִטָּה: וְזֶה דְּבַר הַשְּׁמִטָּה שָׁמוֹט כָּל בַּעַל מַשֵּׁה יָדוֹ אֲשֶׁר יַשֶּׁה בְּרֵעֵהוּ לֹא יִגֹּשׂ אֶת רֵעֵהוּ וְאֶת אָחִיו כִּי קָרָא שְׁמִטָּה לַה': אֶת הַנָּכְרִי תִּגֹּשׂ וַאֲשֶׁר יִהְיֶה לְךָ אֶת אָחִיךָ תַּשְׁמֵט יָדֶךָ: אֶפֶס כִּי לֹא יִהְיֶה בְּךָ אֶבְיוֹן כִּי בָרֵךְ יְבָרֶכְךָ ה' בָּאָרֶץ אֲשֶׁר ה' אֱלֹהֶיךָ נֹתֵן לְךָ נַחֲלָה לְרִשְׁתָּהּ: רַק אִם שָׁמוֹעַ תִּשְׁמַע בְּקוֹל ה' אֱלֹהֶיךָ לִשְׁמֹר לַעֲשׂוֹת אֶת כָּל הַמִּצְוָה הַזֹּאת אֲשֶׁר אָנֹכִי מְצַוְּךָ הַיּוֹם: כִּי ה' אֱלֹהֶיךָ בֵּרַכְךָ כַּאֲשֶׁר דִּבֶּר לָךְ וְהַעֲבַטְתָּ גּוֹיִם רַבִּים וְאַתָּה לֹא תַעֲבֹט וּמָשַׁלְתָּ בְּגוֹיִם רַבִּים וּבְךָ לֹא יִמְשֹׁלוּ: ס כִּי יִהְיֶה בְךָ אֶבְיוֹן מֵאַחַד אַחֶיךָ בְּאַחַד שְׁעָרֶיךָ בְּאַרְצְךָ אֲשֶׁר ה' אֱלֹהֶיךָ נֹתֵן לָךְ לֹא תְאַמֵּץ אֶת לְבָבְךָ וְלֹא תִקְפֹּץ אֶת יָדְךָ מֵאָחִיךָ הָאֶבְיוֹן: כִּי פָתֹחַ תִּפְתַּח אֶת יָדְךָ לוֹ וְהַעֲבֵט תַּעֲבִיטֶנּוּ דֵּי מַחְסֹרוֹ אֲשֶׁר יֶחְסַר לוֹ: הִשָּׁמֶר לְךָ פֶּן יִהְיֶה דָבָר עִם לְבָבְךָ בְלִיַּעַל לֵאמֹר קָרְבָה שְׁנַת הַשֶּׁבַע שְׁנַת הַשְּׁמִטָּה וְרָעָה עֵינְךָ בְּאָחִיךָ הָאֶבְיוֹן וְלֹא תִתֵּן לוֹ וְקָרָא עָלֶיךָ אֶל ה' וְהָיָה בְךָ חֵטְא: נָתוֹן תִּתֵּן לוֹ וְלֹא יֵרַע לְבָבְךָ בְּתִתְּךָ לוֹ כִּי בִּגְלַל הַדָּבָר הַזֶּה יְבָרֶכְךָ ה' אֱלֹהֶיךָ בְּכָל מַעֲשֶׂךָ וּבְכֹל מִשְׁלַח יָדֶךָ: כִּי לֹא יֶחְדַּל אֶבְיוֹן מִקֶּרֶב הָאָרֶץ עַל כֵּן אָנֹכִי מְצַוְּךָ לֵאמֹר פָּתֹחַ תִּפְתַּח אֶת יָדְךָ לְאָחִיךָ לַעֲנִיֶּךָ וּלְאֶבְיֹנְךָ בְּאַרְצֶךָ:""]",Deuteronomy 15:1-11,
חזקוני שם פס' יא:,"['כי לא יחדל אביון – ולמעלה שכתב בו ""אפס כי לא יהיה בך אביון"", על תנאי הוא אומר, ""כי לא יהיה בך אביון"" רק אם ""שמוע תשמע"", וכאן שהוא אומר ""כי לא יחדל"" מכאן לשון שמא הוא. בפרשה זו יש ארבע ""כי"" משמשים בד\' לשונות. ""כי יהיה בך אביון"" לשון אם, ""כי פתוח תפתח"" לשון אלא, ""כי בגלל הדבר הזה"" לשון דהא. ""כי לא יחדל אביון"" לשון שמא הוא, שמא לא תכשירו מעשיכם בכל הצורך.']",,
תורה תמימה שם אות לט:,"['[כי לא יחדל וגו\' – אמר שמואל, אין בין העוה""ז לימות המשיח אלא שעבוד מלכיות בלבד, שנאמר כי לא יחדל אביון מקרב הארץ (שבת קנא ע""ב)]', 'ר""ל שלא יהיה להם שעבוד גליות, ולאפוקי ממ""ד דימי המשיח לא יהיה בהם זכות וחובה, לא זכות ממצות צדקה ולא חובה, יען כי לא יהיו עניים כלל, ועל זה אמר דאינו כן, אלא לא יחדל אביון וגו\'.']",,
תנחומא משפטים ט:,"['אמר דוד לפני הקב""ה, רבון העולם ישב עולמך, שנאמר ""ישב עולם לפני אלוהים"" (תהלים סא, ח) תיישר עולמך בשוה העשירים והעניים. א""ל, אם כן ""חסד ואמת מן ינצרוהו"", אם יהיו כולם עשירים או עניים מי יוכל לעשות חסד?']","Midrash Tanchuma, Mishpatim 9",
"תולדות יצחק דברים טו, ז:","['הספק הרביעי, מה זה שאמר כי לא יחדל אביון מקרב הארץ על כן אנכי מצוך לאמר פתוח תפתח, ידוע הוא שאם לא יהיה אביון בקרב הארץ לא יצוה לתת צדקה, שהצדקה אינה לעשירים אלא לעניים.']",Deuteronomy 15:7,
"קובץ שיעורים חלק ב יז, ג:",['ויש לחקור בלקט שכחה ופאה קודם שהגיעו ליד העני אם הן ממון עניים כמו במתנות כהונה קודם שהגיע ליד כהן דהן שייכין לשבט הכהונה או דאינן ממון עניים אלא הפקר לעניים ולא לעשירים.'],,
"סוכה מט ע""ב:","[""אמר רבי אלעזר: גדול העושה צדקה יותר מכל הקרבנות, שנאמר עשה צדקה ומשפט נבחר לה' מזבח. ואמר רבי אלעזר: גדולה גמילות חסדים יותר מן הצדקה, שנאמר זרעו לכם לצדקה וקצרו לפי חסד. אם אדם זורע - ספק אוכל ספק אינו אוכל, אדם קוצר - ודאי אוכל. ואמר רבי אלעזר: אין צדקה משתלמת אלא לפי חסד שבה, שנאמר זרעו לכם לצדקה וקצרו לפי חסד. תנו רבנן: בשלשה דברים גדולה גמילות חסדים יותר מן הצדקה, צדקה - בממונו, גמילות חסדים - בין בגופו בין בממונו. צדקה - לעניים, גמילות חסדים - בין לעניים בין לעשירים. צדקה - לחיים, גמילות חסדים - בין לחיים בין למתים.""]",Sukkah 49b,
"רש""י שם ד""ה 'אלא לפי גמילות', 'זרעו לכם לצדקה':","['אלא לפי גמילות חסדים שבה – הנתינה היא הצדקה, והטורח הוא החסד, כגון מוליכה לביתו או טורח שתעלה לו להרבה, כגון נותן לו פת אפויה או בגד ללבוש, או מעות בעת שהתבואה מצויה, שלא יוציא מעותיו לאיבוד, שנותן לבו ודעתו לטובתו של עני.', 'זרעו לכם לצדקה – הצדקה היא הזריעה שזורע, כדי לקצור לקבל שכר, וקצרו לפי חסד - שתקבלו שכר לפי החסד שבה.']",Rashi on Sukkah 49b:10:1,
"חידושי המהרש""א שם ד""ה 'גדולה גמ""ח':","['גדולה גמ""ח כו\' שנאמר זרעו לכם לצדקה כו\' – מבואר כי השכר ועונש מקרי פרי לפי המעשה אם לטוב אם לרע בכמה מקראות, ולזה המעשה המביא לידי פרי ההוא מקרי לפי דמיון זה זריעה וקצירה. והשתא קאמר דמעשה הצדקה אינה אלא כמעשה הזריעה לפרי, שספק אוכל הפרי, כן הצדקה שבקל יבטל המצוה כמ""ש עבירה מכבה מצוה. משא""כ גמ""ח שהיא גדולה שבמצות, ותבוא לידי אכילת פרי ולא תבטל שכרה בקל.']",,
"ערוך לנר שם ד""ה 'בגמרא ספק אוכל':","['דצדקה ספק אוכל שמא ימות מהרה ולא יאכל שכרו שהוא שכר העה""ז אבל גמ""ח ודאי אוכל שעיקר שכרו לעה""ב אכן לפ""ז יקשה דכי ס""ד שמי שעשה צדקות הרבה ומת מהר שהקב""ה יקפח שכרו לזה בא אידך ר""א לתרץ דודאי ישתלם שכרו לעה""ב אבל לא שכר צדקה אלא לפי החסד שבה שהגמ""ח שבהצדקה ישתלם לו לעתיד כגון מה שטרח עלי\' ומה שנתן בשעתו לעת הצורך אבל לא לפי כמות הצדקה שנתן אם רב או מעט דלעה""ב אין כאן רק שכר גמ""ח ולא של צדקה וזהו כשיטת הפוסקים הובאו ביו""ד (הל\' צדקה סי\' רמז סעיף ד) שבצדקה מותר לנסות הקדוש ברוך הוא שישלם בעה""ז בודאי כי שכרה בעה""ז.']",,
"שו""ת מנחת יצחק ו סימן קב:","['אמנם בנוגע לדברי הש""ס הנ""ל, י""ל דיש לחלק בין מתנות תרומות ומעשרות לשאר צדקה, דשאני מתנות תרומות ומעשרות דאין לבעה""ב רק טובת הנאה, ויש חילוק בין נותן בגורן או בבית, עי\' מתני\' (פאה פ""ח), והרי זה דומה במקצת לגבאי צדקה, ויש חילוק בנתינת צדקה בין גבאי לבשלו, וכדאיתא שם (בסי\' רנז סעי\' י), דהמחלק צדקה צריך לזהר שלא ירבה לקרוביו יותר משאר בני אדם (וכמו שהבאתי לעיל מדברי הגמ\' והמרדכי), וכתב ע""ז הרמ""א דוקא גבאי צדקה, אבל כל אחד מותר ליתן צדקה שלו או מעשר שלו למי שירצה מקרוביו והם קודמין כמו שנתבאר (בסי\' רנא) עכ""ל.']",,
"שו""ת משנה הלכות ד סימן קכג:","['ובדרך אגב נפל מילתא בליבאי טעם חדש למה אין מברכין על מצות צדקה לפמ""ש הב""י או""ח סי\' תלב למה אין מברכין בלשון על ביטול חמץ, ותירץ משום דביטול הוא בלב ואין מברכין על דברים שבלב ולפ""ז י""ל בצדקה כיון דצדקה הוי במחשבה ג""כ אין מברכין על דברים שבלב ואף דאיתא נמי בפה מ""מ כיון דאיתא נמי בלב וכסברת החינוך והמ""מ דנחלקו בסברא זו. וקצת צ""ע מתרומה.']",,
"שו""ת משנה הלכות ט סימן שמה:","['אי בני ישיבות המתפרנסים מהישיבה נקראים עניים ליתן להם צדקה וראיתי למעכהדרג""ק שיצא לחדש בעני שיש לו מי שמפרנסו אף שנקרא עני מ""מ כיון שיש לו מי שיפרנסו אין זה עני ושוב אין חייבין ליתן לו צדקה ולפ""ז תלמידים בני הישיבה אף על פי שאין להם משלהם כלום מ""מ כל זמן שעניניהם מסודרים כל הצורך ע""י הנהלת הישיבה או ע""י ההורים (כפי הראוי למשפחתו והרגלו) י""ל דאין שם חיוב צדקה ומיהו אם אין להם כל סיפוקם כפי צרכם ודאי איכא בהם מצות צדקה דהא באמת עניים הם ודי מחסורו אין לו.']",,
"שו""ת אגרות משה יו""ד ד סימן לז:","['וזהו ממצוות לימוד ועסק בתורה. שאמרה תורה לאלו שאי אפשר להם ללמוד מפני שאינו יודע כלל ללמוד או מפני הטרדות שיש לו – יספיק לאחרים הלומדים, שכתב המחבר בריש סימן רמו, והרמ""א הוסיף ותחשב לו כאילו לומד בעצמו, וכל זה בין לשון המחבר בין לשון הרמ""א הוא מהטור. ואין זה ממצוות צדקה שהוא דווקא כשאין לו שום נכסים ולא מאתים זוז, אלא אף למי שיש לו שדות דמעבדם ויש לו פרנסה כראוי, או שהוא יכול להרוויח בעצמו במלאכה ובסחורה, וליכא מדין צדקה ליתן לו.']",,
"שו""ת אגרות משה יו""ד א סימן קמג:","['ובדבר אם תקנת אושא שאל יבזבז יותר מחומש הוא איסור או רק עצה טובה, הנה מלשון הגמ\' משמע שאסור... והנה לא כתב הרמב""ם הדין דאל יבזבז יותר מחומש אלא בסוף הלכות ערכין ולא בצדקה בהלכות מתנות עניים ובשולחן ערוך מפורש שהמחבר סובר דבידו משגת מחוייב ליתן כפי צורך העניים אף שהוא יותר מחומש משמע שסובר בדעת הרמב""ם שכיון שדין התורה הוא שיתן כפי צורך העניים לא תקנו רבנן לאסור וגם לא לעצה טובה בצדקה רק להקדיש אסרו... עכ""פ הרמ""א שכתב ואל יבזבז יותר מחומש בצדקה פליג וסובר שאסור וכדמוכח מהא דמר עוקבא ודעת הרמב""ם והמחבר צ""ע. עכ""פ למעשה אין לבזבז יותר מחומש אם לא לחשש פקוח נפש. ידידו, משה פיינשטיין.']",,
"בראשית ב, א–ג:",['וַיְכֻלּוּ הַשָּׁמַיִם וְהָאָרֶץ וְכָל צְבָאָם: וַיְכַל אֱלֹהִים בַּיּוֹם הַשְּׁבִיעִי מְלַאכְתּוֹ אֲשֶׁר עָשָׂה וַיִּשְׁבֹּת בַּיּוֹם הַשְּׁבִיעִי מִכָּל מְלַאכְתּוֹ אֲשֶׁר עָשָׂה: וַיְבָרֶךְ אֱלֹהִים אֶת יוֹם הַשְּׁבִיעִי וַיְקַדֵּשׁ אֹתוֹ כִּי בוֹ שָׁבַת מִכָּל מְלַאכְתּוֹ אֲשֶׁר בָּרָא אֱלֹהִים לַעֲשׂוֹת:'],Genesis 2:1-3,
"שמות כ, ח–יא:","[""זָכוֹר אֶת יוֹם הַשַּׁבָּת לְקַדְּשׁוֹ: שֵׁשֶׁת יָמִים תַּעֲבֹד וְעָשִׂיתָ כָּל מְלַאכְתֶּךָ: וְיוֹם הַשְּׁבִיעִי שַׁבָּת לַה' אֱלֹהֶיךָ לֹא תַעֲשֶׂה כָל מְלָאכָה אַתָּה וּבִנְךָ וּבִתֶּךָ עַבְדְּךָ וַאֲמָתְךָ וּבְהֶמְתֶּךָ וְגֵרְךָ אֲשֶׁר בִּשְׁעָרֶיךָ: כִּי שֵׁשֶׁת יָמִים עָשָׂה ה' אֶת הַשָּׁמַיִם וְאֶת הָאָרֶץ אֶת הַיָּם וְאֶת כָּל אֲשֶׁר בָּם וַיָּנַח בַּיּוֹם הַשְּׁבִיעִי עַל כֵּן בֵּרַךְ ה' אֶת יוֹם הַשַּׁבָּת וַיְקַדְּשֵׁהוּ:""]",Exodus 20:8-11,
"שם כג, יב:",['שֵׁשֶׁת יָמִים תַּעֲשֶׂה מַעֲשֶׂיךָ וּבַיּוֹם הַשְּׁבִיעִי תִּשְׁבֹּת לְמַעַן יָנוּחַ שׁוֹרְךָ וַחֲמֹרֶךָ וְיִנָּפֵשׁ בֶּן אֲמָתְךָ וְהַגֵּר:'],,Exodus 23:12
"שם לא, יב–יז:","[""וַיֹּאמֶר ה' אֶל מֹשֶׁה לֵּאמֹר: וְאַתָּה דַּבֵּר אֶל בְּנֵי יִשְׂרָאֵל לֵאמֹר אַךְ אֶת שַׁבְּתֹתַי תִּשְׁמֹרוּ כִּי אוֹת הִוא בֵּינִי וּבֵינֵיכֶם לְדֹרֹתֵיכֶם לָדַעַת כִּי אֲנִי ה' מְקַדִּשְׁכֶם: וּשְׁמַרְתֶּם אֶת הַשַּׁבָּת כִּי קֹדֶשׁ הִוא לָכֶם מְחַלְלֶיהָ מוֹת יוּמָת כִּי כָּל הָעֹשֶׂה בָהּ מְלָאכָה וְנִכְרְתָה הַנֶּפֶשׁ הַהִוא מִקֶּרֶב עַמֶּיהָ: שֵׁשֶׁת יָמִים יֵעָשֶׂה מְלָאכָה וּבַיּוֹם הַשְּׁבִיעִי שַׁבַּת שַׁבָּתוֹן קֹדֶשׁ לַה' כָּל הָעֹשֶׂה מְלָאכָה בְּיוֹם הַשַּׁבָּת מוֹת יוּמָת: וְשָׁמְרוּ בְנֵי יִשְׂרָאֵל אֶת הַשַּׁבָּת לַעֲשׂוֹת אֶת הַשַּׁבָּת לְדֹרֹתָם בְּרִית עוֹלָם: בֵּינִי וּבֵין בְּנֵי יִשְׂרָאֵל אוֹת הִוא לְעֹלָם כִּי שֵׁשֶׁת יָמִים עָשָׂה ה' אֶת הַשָּׁמַיִם וְאֶת הָאָרֶץ וּבַיּוֹם הַשְּׁבִיעִי שָׁבַת וַיִּנָּפַשׁ:""]",,Exodus 31:12-17
"שם לה, א–ג:","[""וַיַּקְהֵל מֹשֶׁה אֶת כָּל עֲדַת בְּנֵי יִשְׂרָאֵל וַיֹּאמֶר אֲלֵהֶם אֵלֶּה הַדְּבָרִים אֲשֶׁר צִוָּה ה' לַעֲשֹׂת אֹתָם: שֵׁשֶׁת יָמִים תֵּעָשֶׂה מְלָאכָה וּבַיּוֹם הַשְּׁבִיעִי יִהְיֶה לָכֶם קֹדֶשׁ שַׁבַּת שַׁבָּתוֹן לַה' כָּל הָעֹשֶׂה בוֹ מְלָאכָה יוּמָת: לֹא תְבַעֲרוּ אֵשׁ בְּכֹל מֹשְׁבֹתֵיכֶם בְּיוֹם הַשַּׁבָּת:""]",,Exodus 35:1-3
"ויקרא יט, ג:","[""אִישׁ אִמּוֹ וְאָבִיו תִּירָאוּ וְאֶת שַׁבְּתֹתַי תִּשְׁמֹרוּ אֲנִי ה' אֱלֹהֵיכֶם:""]",Leviticus 19:3,
"שם כג, א–ג:","[""וַיְדַבֵּר ה' אֶל מֹשֶׁה לֵּאמֹר: דַּבֵּר אֶל בְּנֵי יִשְׂרָאֵל וְאָמַרְתָּ אֲלֵהֶם מוֹעֲדֵי ה' אֲשֶׁר תִּקְרְאוּ אֹתָם מִקְרָאֵי קֹדֶשׁ אֵלֶּה הֵם מוֹעֲדָי: שֵׁשֶׁת יָמִים תֵּעָשֶׂה מְלָאכָה וּבַיּוֹם הַשְּׁבִיעִי שַׁבַּת שַׁבָּתוֹן מִקְרָא קֹדֶשׁ כָּל מְלָאכָה לֹא תַעֲשׂוּ שַׁבָּת הִוא לַה' בְּכֹל מוֹשְׁבֹתֵיכֶם:""]",,Exodus 23:1-3
"דברים ה, יב–טו:","[""שָׁמוֹר אֶת יוֹם הַשַּׁבָּת לְקַדְּשׁוֹ כַּאֲשֶׁר צִוְּךָ ה' אֱלֹהֶיךָ: שֵׁשֶׁת יָמִים תַּעֲבֹד וְעָשִׂיתָ כָּל מְלַאכְתֶּךָ: וְיוֹם הַשְּׁבִיעִי שַׁבָּת לַה' אֱלֹהֶיךָ לֹא תַעֲשֶׂה כָל מְלָאכָה אַתָּה וּבִנְךָ וּבִתֶּךָ וְעַבְדְּךָ וַאֲמָתֶךָ וְשׁוֹרְךָ וַחֲמֹרְךָ וְכָל בְּהֶמְתֶּךָ וְגֵרְךָ אֲשֶׁר בִּשְׁעָרֶיךָ לְמַעַן יָנוּחַ עַבְדְּךָ וַאֲמָתְךָ כָּמוֹךָ: וְזָכַרְתָּ כִּי עֶבֶד הָיִיתָ בְּאֶרֶץ מִצְרַיִם וַיֹּצִאֲךָ ה' אֱלֹהֶיךָ מִשָּׁם בְּיָד חֲזָקָה וּבִזְרֹעַ נְטוּיָה עַל כֵּן צִוְּךָ ה' אֱלֹהֶיךָ לַעֲשׂוֹת אֶת יוֹם הַשַּׁבָּת:""]",Deuteronomy 5:12,
"ישעיה נח, יג–יד:","[""אִם תָּשִׁיב מִשַּׁבָּת רַגְלֶךָ עֲשׂוֹת חֲפָצֶיךָ בְּיוֹם קָדְשִׁי וְקָרָאתָ לַשַּׁבָּת עֹנֶג לִקְדוֹשׁ ה' מְכֻבָּד וְכִבַּדְתּוֹ מֵעֲשׂוֹת דְּרָכֶיךָ מִמְּצוֹא חֶפְצְךָ וְדַבֵּר דָּבָר: אָז תִּתְעַנַּג עַל ה' וְהִרְכַּבְתִּיךָ עַל בָּמֳתֵי אָרֶץ וְהַאֲכַלְתִּיךָ נַחֲלַת יַעֲקֹב אָבִיךָ כִּי פִּי ה' דִּבֵּר:""]",Isaiah 58:13,
"מורה נבוכים ג, מג (תרגום הרב קאפח):","['המצות אשר כללתן הקבוצה השמינית הם המצות אשר מנינום בספר זמנים, וכולן טעמם מפורש בכתוב פרט למעטים.', 'ענין השבת הרי טעמה מפורסם מכדי שיהא צורך לבארו. כבר ידוע ערך מה שיש בה מן המנוחה, ונעשו שביעית חיי כל אחד בעונג ומנוחה מן העמל והיגע אשר לא ינצל מהן קטן ולא גדול, עם השרשת ההשקפה רבת הערך מאד לדורות, והיא הדעה בחדוש העולם.']",,
"עין אי""ה שבת א, טו:","['כי עוד יבא אל גמר תעודתו שלא יהיה צריך לעזר ההטרדה החומרית בעמל המלאכות הרבות שצרכי החיים בצירוף קלקולי הטבע הזקיקו הן לבן אז יהיה לא העונג האמיתי המנוחה למעין יתענג על ד\' ועל טובו... ע""כ הידיעה בתעודת השבת כי על ידה יודע כי ד\' הוא מקדשנו הוא עשה לנו הנפש הזאת שבתורה יש סגולה גנוזה שעם כל נפילתה וערמת דשן החומריות הצבור עליה תתנער ותחגר עז על ידי דרך הקודש ששם לפניה יוצרה בלכתה בתורת ד\'.']",Mishnah Shabbat 1:15,
"שבת עג ע""א, המשנה (פ""ז מ""ב):","['אבות מלאכות ארבעים חסר אחת: הזורע, והחורש, והקוצר, והמעמר, והדש, והזורה, הבורר הטוחן והמרקד, והלש, והאופה. הגוזז את הצמר, המלבנו, והמנפצו, והצובעו, והטווה, והמיסך, והעושה שתי בתי נירין, והאורג שני חוטין, והפוצע שני חוטין, הקושר, והמתיר, והתופר שתי תפירות, הקורע על מנת לתפור [שתי תפירות]. הצד צבי, השוחטו, והמפשיטו, המולחו, והמעבד את עורו, והממחקו, והמחתכו. הכותב שתי אותיות, והמוחק על מנת לכתוב שתי אותיות. הבונה, והסותר, המכבה, והמבעיר, המכה בפטיש, המוציא מרשות לרשות. הרי אלו אבות מלאכות, ארבעים חסר אחת.']",Shabbat 73a,
"שם מט ע""ב:","['הדור יתבי וקמיבעיא להו: הא דתנן אבות מלאכות ארבעים חסר אחת כנגד מי? אמר להו רבי חנינא בר חמא: כנגד עבודות המשכן. אמר להו רבי יונתן ברבי אלעזר כך אמר רבי שמעון ברבי יוסי בן לקוניא: כנגד מלאכה מלאכתו ומלאכת שבתורה - ארבעים חסר אחת. בעי רב יוסף: ויבא הביתה לעשות מלאכתו ממנינא הוא, או לא? אמר ליה אביי: וליתי ספר תורה ולימני! מי לא אמר רבה בר בר חנה אמר רבי יוחנן: לא זזו משם, עד שהביאו ספר תורה ומנאום. אמר ליה: כי קא מספקא לי - משום דכתיב והמלאכה היתה דים ממנינא הוא, והא - כמאן דאמר לעשות צרכיו נכנס, או דילמא: ויבא הביתה לעשות מלאכתו ממנינא הוא, והאי והמלאכה היתה דים - הכי קאמר: דשלים ליה עבידתא? תיקו. תניא כמאן דאמר כנגד עבודות המשכן, דתניא: אין חייבין אלא על מלאכה שכיוצא בה היתה במשכן, הם זרעו - ואתם לא תזרעו, הם קצרו - ואתם לא תקצרו, הם העלו את הקרשים מקרקע לעגלה - ואתם לא תכניסו מרשות הרבים לרשות היחיד. הם הורידו את הקרשים מעגלה לקרקע - ואתם לא תוציאו מרשות היחיד לרשות הרבים, הם הוציאו מעגלה לעגלה - ואתם לא תוציאו מרשות היחיד לרשות היחיד. מרשות היחיד לרשות היחיד, מאי קא עביד? - אביי ורבא דאמרי תרוויהו, ואיתימא רב אדא בר אהבה: מרשות היחיד לרשות היחיד דרך רשות הרבים.']",Shabbat 49b,
"פירוש המשניות לרמב""ם על שבת ז, ב:","['וכל אלו האבות שמנה נקראו אבות, לפי שהיו במעשה המשכן שהונח עליו שם מלאכה. וכל הנתלה באחת מהן נקרא תולדה, כמו שביארנו.']","Mishneh Torah, Sabbath 7:2",
"שבת צו ע""ב:","['ומכדי, אהא מיחייב ואהא מיחייב, אמאי קרי לה האי אב ואמאי קרי לה האי תולדה? - נפקא מינה: דאי עביד שתי אבות בהדי הדדי, אי נמי שתי תולדות בהדי הדדי - מיחייב תרתי, ואי עביד אב ותולדה דידיה - לא מיחייב אלא חדא. - ולרבי אליעזר דמחייב אתולדה במקום אב, אמאי קרו לה אב ואמאי קרו לה תולדה? - הך דהואי במשכן חשיבא - קרי לה אב, הך דלא הואי במשכן חשיבא - לא קרי לה אב.']",Shabbat 96b,
"תוספות שם ד""ה 'ולרבי':","[""...אית דגרסי הך דהוות במשכן חשיבא קרי לה אב והך דלא הוות במשכן חשיבא קרי לה תולדה ולפי זה יש מלאכות דהוו במשכן כגון מנכש ומשקה זרעים דלא חשיבי ולא הוו אבות וכן אי גרסינן דהוות במשכן וחשיבא קרי לה אב אבל אי גרסי' הך דהוות במשכן חשיבא וקרי לה אב הך דלא הוות במשכן לא חשיבא וקרי לה תולדה לפי זה התולדות לא היו במשכן.""]",,Tosafot on Shabbat 96b
"גליוני הש""ס שבת מט ע""ב:","['ובס\' דברי חיים להרה""ק מהר""ח מצאנז ז""ל כתב דטעם הא דבעי\' מלאכות שהיו במשכן מפאת דשביתת שבת הרי הוא זכר למה ששבת השי""ת בשבת ממלאכת בריאת עולמו, והמשכן מבואר בראשונים דהוא עולם קטן ונכלל בו בדקות כל המציאות הנברא כולו, וע""כ אותם המלאכות שהיו במשכן מובן ממילא שהיה עניינם בבריאת עולם הגדול גם כן, וע""כ מהם הוא שצריך שביתה עכ""ד ז""ל.']",Shabbat 49b,
"רש""ר הירש לשמות לה, לג:","['מלאכת מחשבת – כמשמעה: מלאכה שיש בה משום מחשבה. הרי זה הביטוי המיוחד הנותן סימן במהותו העיקרית של מכלול העשייה שבאה לכלל אומנות התקנתו של המשכן, ולפיכך הוא קובע גם את מושג המלאכות האסורות בשבת שמשפטן, כידוע, כמשפט מלאכת המשכן. בכך נקבעת מלאכת האדם, במלוא משמעותה, כהגשמתה הייצרנית המודעת של המחשבה על־ידי תבונת הכפיים של האדם.']",,
"רש""ר הירש, חורב (מהדורת פלדהיים, תשס""ז), פרק כא, קמג–קמד:","[""ובכן, שביתת המלאכה בשבת היא אות וסמל עד סוף כל הדורות, לאמור: ה' האחד והיחיד הוא בורא עולם ואדון הכל, ואתה, האדם, מיועד לעובדו יחד עם כל היקום..."", 'הגדרת המושג ""מלאכה"" האסורה בשבת היא אפוא... ייצור, התקנה ועיבוד של חפץ לצורכי בני אדם, אך לא מאמץ גופני. יכול אדם לעמול כל היום כולו, ואם לא יצר דבר ולא הוציא מן הכוח אל הפועל מחשבה כלשהי בגופו של חפץ – לא עשה שום ""מלאכה"". לעומת זאת, אם גרם בלא שום התאמצות שינוי, ויהא הקל שבקלים, בגופו של חפץ לצורכי בני אדם – כי אז חילל את השבת, גידף את ה\' ושם לאל את ייעודו.']",,
"רמב""ם הלכות שבת א, א:","['שביתה בשביעי ממלאכה מצות עשה שנאמר ""וביום השביעי תשבות"", וכל העושה בו מלאכה ביטל מצות עשה ועבר על לא תעשה, שנאמר ""לא תעשה כל מלאכה"". ומה הוא חייב על עשיית מלאכה? אם עשה ברצונו בזדון חייב כרת, ואם היו שם עדים והתראה נסקל, ואם עשה בשגגה חייב קרבן חטאת קבועה.']","Mishneh Torah, Sabbath 1:1",
"שם כא, א:","['נאמר בתורה ""תשבות"", אפילו מדברים שאינן מלאכה חייב לשבות מהן. ודברים הרבה הן שאסרו חכמים משום שבות, מהן דברים אסורים מפני שהן דומים למלאכות ומהן דברים אסורים גזרה שמא יבוא מהן איסור סקילה...']","Mishneh Torah, Sabbath 21:1",
"שם כד, יב:","['אסרו חכמים לטלטל מקצת דברים בשבת כדרך שהוא עושה בחול. ומפני מה נגעו באיסור זה? אמרו, ומה אם הזהירו נביאים וצוו שלא יהיה הילוכך בשבת כהילוכך בחול ולא שיחת השבת כשיחת החול, שנאמר ""ודבר דבר"", קל וחומר שלא יהיה טלטול בשבת כטלטול בחול, כדי שלא יהיה כיום חול בעיניו ויבוא להגביה ולתקן כלים מפינה לפינה או מבית לבית או להצניע אבנים וכיוצא בהן, שהרי הוא בטל ויושב בביתו ויבקש דבר שיתעסק בו ונמצא שלא שבת ובטל הטעם שנאמר בתורה ""למען ינוח"".']","Mishneh Torah, Sabbath 24:12",
"צפנת פענח על הרמב""ם הלכות שבת כא, א:","['עי\' מש""כ רבינו ז""ל לקמן פ\' כד הל\' יב, והטעם דלגבי שבת הוה העשה מנוחה ולא ביטל מלאכה.']","Mishneh Torah, Sabbath 21:1",
"צפנת פענח על בבא קמא ס ע""א, ד""ה 'גמרא ר""א אומר':","['וזה תליא אי הדישה היא עצם הפעולה או רק מחמת שעי""ז נידש שכן הך עשה דשבת ביום השביעי תשבות היכא דהוה רק גרם אף היכא דהמלאכה היא כן כמו זורה... לשי\' רבינו בהל\' שבת פ""ט ה""א דזהו עיקר הלאו דלא תעשה אתה ובהמתך.']",,
"שבת עה ע""א:","[""הצד צבי וכו'. תנו רבנן: הצד חלזון והפוצעו - אינו חייב אלא אחת, רבי יהודה אומר: חייב שתים. שהיה רבי יהודה אומר: פציעה - בכלל דישה. אמרו לו: אין פציעה בכלל דישה. אמר רבא: מאי טעמא דרבנן - קסברי: אין דישה אלא לגדולי קרקע. וליחייב נמי משום נטילת נשמה! אמר רבי יוחנן: שפצעו מת. רבא אמר: אפילו תימא שפצעו חי, מתעסק הוא אצל נטילת נשמה. והא אביי ורבא דאמרי תרווייהו: מודה רבי שמעון בפסיק רישא ולא ימות! - שאני הכא, דכמה דאית ביה נשמה - טפי ניחא ליה, כי היכי דליציל ציבעיה.""]",Shabbat 75a,
קובץ שיעורים כתובות יח:,"['במחלוקת הערוך ותוס\' בפס""ר דלא ניחא ליה, לכאורה נראה טעם מחלוקת זו דתלוי בטעמא דמודה ר""ש בפס""ר, דיש לפרש בזה שני טעמים: א) כגון בנזיר חופף אבל לא סורק דסריקה היא פס""ר, די""ל כיון שיודע דבסריקתו יתלוש שערות מיקרי מכוין לתלישה, אבל היכא דלא ניחא ליה ע""כ אינו מכוין, ב) כיון דסריקה היא פס""ר לתלישה נמצא דתלישה בכלל סריקה, וסגי במה שמכוין לסריקה אף שאינו מכוין לתלישה דהתלישה נכללת בהסריקה, וא""כ אפילו לא ניחא ליה בתלישה אין לפוטרו משום אינו מתכוין דהא מתכוין לסריקה ותלישה בכלל סריקה כיון דא""א לזו בלא זו, והיינו דא""צ כונה לגוף המלאכה אלא סגי במה שמתכוין להמעשה שהמלאכה נכללת בה בהכרח.']",,
"ביצה כג ע""ב:","[""מתני'. עגלה של קטן טמאה מדרס, ונטלת בשבת, ואינה נגררת אלא על גבי כלים. רבי יהודה אומר: כל הכלים אין נגררין, חוץ מן העגלה, מפני שהיא כובשת."", ""גמ'. ...ואינה נגררת אלא על גבי כלים. על גבי כלים - אין, על גבי קרקע - לא, מאי טעמא - דקא עביד חריץ. מני - רבי יהודה היא, דאמר: דבר שאין מתכוין אסור. דאי רבי שמעון - האמר: דבר שאין מתכוין מותר. דתניא, רבי שמעון אומר: גורר אדם מטה כסא וספסל, ובלבד שלא יתכוין לעשות חריץ.""]",Beitzah 23b,
"סנהדרין סב ע""ב:","['מה שאין כן בשבת, דפטור - שנתכוין להגביה את התלוש וחתך את המחובר פטור. וכדרב נחמן אמר שמואל, דאמר: המתעסק בחלבים ובעריות - חייב, שכן נהנה. המתעסק בשבת - פטור, מלאכת מחשבת אסרה תורה.']",Sanhedrin 62b,
"ראבי""ה חלק ד סימן תתקו, א:","[""וגמרי' לה בפסחי' ובנזיר ממשרת ליתן טעם כעיקר יין בפת. ודוגמתו הכי ואמרי' אמר רב נחמן אמר שמואל המתעסק בחלבים ובעריות חייב שכן נהנה וכו'.""]",,
"כתוב שם לראב""ד, פסחים כה ע""א (מדפי הרי""ף):","['והיכא דכפאוהו ואכל מצה יצא דשניא אכילה משאר מצות הואיל ונהנה, שכן מצינו (כריתות יט ע""א) מתעסק בשבת פטור אבל מתעסק בחלבים ועריות חייב שכבר נהנה. ורבא הוא דיליף לשאר מצות מאכילת מצה.']",,
"ביצה יג ע""ב:","['תנן התם: המקלף שעורין מקלף אחת אחת ואוכל, ואם קלף ונתן לתוך ידו - חייב. אמר רבי אלעזר: וכן לשבת. איני? והא רב מקלפא ליה דביתהו כסי, כסי, ורבי חייא מקלפא ליה דביתהו כסי, כסי! אלא, אי אתמר אסיפא אתמר: המולל מלילות של חטים - מנפח על יד, על יד, ואוכל, ואם נפח ונתן לתוך חיקו - חייב. אמר רבי אלעזר: וכן לשבת. מתקיף לה רבי אבא בר ממל: ורישא, למעשר - אין, לשבת לא? ומי איכא מידי דלענין שבת לא הוי גמר מלאכה, ולמעשר הוי גמר מלאכה? מתקיף לה רב ששת בריה דרב אידי: ולא? והא גרנן למעשר, דתנן: איזהו גרנן למעשר? הקשואין והדלועין משיפקסו, ושלא פקסו - משיעמיד ערמה. ותנן נמי גבי בצלים: משיעמיד ערמה. ואילו גבי שבת - העמדת ערמה פטור! אלא מאי אית לך למימר - מלאכת מחשבת אסרה תורה, הכא נמי: מלאכת מחשבת אסרה תורה.']",Beitzah 13b,
רבנו חננאל שם:,['אלא בשבת מלאכת מחשבת אסרה תורה ולא קא מכוין לפקוסי משום מלאכה אלא לאכשורי אוכלא.'],,
"פסקי הרי""ד שם ד""ה 'תנן':","['ועניין שבת לא חשיב מלאכה דמלאכת מחשבת אסרה תורה, מלאכה הצריכה אומנות, והקילוף אינו חשוב אומנות.']",,
"שבת צג ע""ב, המשנה (פ""י מ""ה):","['המוציא אוכלין פחות מכשיעור בכלי - פטור אף על הכלי, שהכלי טפלה לו. את החי במטה - פטור אף על המטה, שהמטה טפלה לו. את המת במטה - חייב. וכן כזית מן המת, וכזית מן הנבלה, וכעדשה מן השרץ - חייב. ורבי שמעון פוטר.']",Shabbat 93b,
"רש""י שם ד""ה 'ור' שמעון':","[""ור' שמעון פוטר – אפילו במת שלם, דהוי מלאכה שאינה צריכה לגופה, וכל מלאכה שאינה צריכה (לגופה) אלא לסלקה מעליו - הוי מלאכה שאינה צריכה לגופה, דברצונו לא באה לו, ולא היה צריך לה, הלכך לאו מלאכת מחשבת היא לר' שמעון.""]",Rashi on Shabbat 93b:7:3,
"תוספות שם צד ע""א ד""ה 'רבי שמעון':","['רבי שמעון פוטר - נראה לר""י דמלאכה שאינה צריכה לגופה קרי כשעושה מלאכה ואין צריך לאותו צורך כעין שהיו צריכין לה במשכן אלא לענין אחר כי הצורך שהיתה מלאכה נעשית בשבילו במשכן הוא גוף (איסור) המלאכה ושורשו.']",,Tosafot on Shabbat 94a
"שבת קה ע""ב, המשנה (פי""ג מ""ג):","['הקורע בחמתו, ועל מתו; וכל המקלקלין - פטורין. והמקלקל על מנת לתקן - שיעורו כמתקן. שיעור המלבן והמנפץ והצובע והטווה - כמלא רחב הסיט כפול והאורג שני חוטין - שיעורו כמלא הסיט.']",Shabbat 105b,
"שם קו ע""א:","['וכל המקלקלין פטורין. תני רבי אבהו קמיה דרבי יוחנן: כל המקלקלין פטורין, חוץ מחובל ומבעיר. אמר ליה: פוק תני לברא, חובל ומבעיר אינה משנה. ואם תמצא לומר משנה, חובל - בצריך לכלבו, מבעיר - בצריך לאפרו. והאנן תנן כל המקלקלין פטורין! מתניתין - רבי יהודה, ברייתא - רבי שמעון. מאי טעמא דרבי שמעון - מדאיצטריך קרא למישרא מילה, הא חובל בעלמא - חייב, ומדאסר רחמנא הבערה גבי בת כהן - שמע מינה מבעיר בעלמא חייב. ורבי יהודה - התם מתקן הוא, כדרב אשי: דאמר רב אשי: מה לי לתקן מילה, מה לי לתקן כלי, מה לי לבשל פתילה, מה לי לבשל סמנין.']",,
"רמב""ם הלכות שבת א, יז:","['כל המקלקלין פטורין, כיצד? הרי שחבל בחבירו או בבהמה דרך השחתה וכן אם קרע בגדים או שרפן או שבר כלים דרך השחתה הרי זה פטור. חפר גומה ואינו צריך אלא לעפרה הרי זה מקלקל ופטור. אף על פי שעשה מלאכה, הואיל וכוונתו לקלקל, פטור.']","Mishneh Torah, Sabbath 1:17",
"שו""ת אבני נזר או""ח סימן רט, יב:","['ונראה מזה הרמב""ם ס""ל... הנה דהפטור רק משום מקלקל ולא שבעצמותו אינו מלאכה.']",,
"רש""ר הירש, חורב (מהדורת פלדהיים, תשס""ז), פרק כא, קמו:","['כל המקלקלים פטורים – גם כלל זה נובע במישרין ממושג השבת, לאמור: הפעולה תהא יצרנית, תוך הוצאה אל הפועל של מחשבה מסוימת על חפץ מסוים, ולא תהא הרסנית; שכן, כאמור, ביכולתו לקלקל ולהרוס שותף האדם לבהמה.']",,
"שבת קג ע""א, המשנה השנייה (פי""ב מ""ב):","['החורש - כל שהוא, המנכש והמקרסם והמזרד כל שהוא - חייב. המלקט עצים, אם לתקן - כל שהן, אם להיסק - כדי לבשל ביצה קלה. המלקט עשבים, אם לתקן - כל שהוא, אם לבהמה - כמלא פי הגדי.']",Shabbat 103a,
"אגלי טל, סוף הפתיחה:","['אך ברורן של דברים דהנה מלאכה כלאחר יד יש בשני אופנים... יש שהמלאכה עצמה בלתי נפעלת כראוי והיא שינוי באיכות הנפעל כענין הנזרע בעציץ שאינו נקוב שלא נזרע כי אורחיה אף שבאיכות הפועל לא היה שום שינוי. ויש מלאכה כלאחר יד שהוא שינוי באיכות הפועל לבד ולא באיכות הנפעל כגון הכותב בשמאלו אף שהנפעל דהיינו הכתב נעשה כראוי להיות שאימן את ידיו וכתב אותיות מיושרים... והנה באופן הראשון... מצינו בכמה מקומות דשלא כדרכה לאו כלום היא אף זולת מלאכת שבת. וע""כ אכילה שלא כדרכה... אבל באופן השני... ראוי היה להתחייב שהרי מ""מ הפעולה נגמרה כראוי אך מ""מ בשבת פטור עליה דמלאכת מחשבת אסרה תורה.']",,
"רש""ר הירש, חורב (מהדורת פלדהיים, תשס""ז), פרק כא, קמו:","[""דרך הביצוע: המלאכה תהא מבוצעת בדרך המתאימה למיומנות האדם ולא 'כלאחר יד'.""]",,
"שבת עה ע""א:","[""הצד צבי וכו'. תנו רבנן: הצד חלזון והפוצעו - אינו חייב אלא אחת, רבי יהודה אומר: חייב שתים. שהיה רבי יהודה אומר: פציעה - בכלל דישה. אמרו לו: אין פציעה בכלל דישה. אמר רבא: מאי טעמא דרבנן - קסברי: אין דישה אלא לגדולי קרקע. וליחייב נמי משום נטילת נשמה! אמר רבי יוחנן: שפצעו מת. רבא אמר: אפילו תימא שפצעו חי, מתעסק הוא אצל נטילת נשמה. והא אביי ורבא דאמרי תרווייהו: מודה רבי שמעון בפסיק רישא ולא ימות! - שאני הכא, דכמה דאית ביה נשמה - טפי ניחא ליה, כי היכי דליציל ציבעיה.""]",Shabbat 75a,
"כריתות יט ע""א, במשנה (פ""ד מ""ב):","['...א""ר יהודה: אפילו נתכוון ללקוט תאנים וליקט ענבים, ענבים וליקט תאנים, שחורות וליקט לבנות, לבנות וליקט שחורות - ר""א מחייב חטאת, ור\' יהושע פוטר. [אמר ר""ש:] תמיהני אם פטר בה ר\' יהושע. א""כ, למה נאמר אשר חטא בה? פרט למתעסק.']",Keritot 19a,
"שם ע""ב:","['ר\' שמעון שזורי ור""ש אומר: לא נחלקו כו\'; אם כן, מה ת""ל אשר חטא בה? פרט למתעסק. אמר רב נחמן אמר שמואל: מתעסק בחלבים ועריות - חייב, שכן נהנה; מתעסק בשבת - פטור, מלאכת מחשבת אסרה תורה. א""ל רבא לרב נחמן: והא תינוקות דכי מתעסק דמי, ותנן: מי שהיו לו שני תינוקות, אחד למול בשבת ואחד למול אחר השבת, ושכח ומל את של אחר השבת בשבת - רבי אליעזר מחייב חטאת, ורבי יהושע פוטר; עד כאן לא פטר רבי יהושע אלא משום דקסבר: טעה בדבר מצוה ולא עשה מצוה - פטור, אבל מתעסק בדבר דלאו מצוה, אפילו רבי יהושע מחייב! אמר לו: הנח לתינוקות, הואיל ומקלקל בחבורה חייב, מתעסק בחבורה חייב.']",,
"שו""ת רבי עקיבא איגר קמא סימן ח:","['ונ""ל דבר חדש דמה דממעטינן מאשר חטא בה פרט למתעסק לא דמתעסק לא נעשית העבירה כלל אלא דמקרי עבירה בשוגג... אבל מה דממעטינן מטעם דמלאכת מחשבת אסרה תורה היכא דליכא מלאכת מחשבת אינו בכלל מלאכה ולא נעשה העבירה כלל.']",,
קובץ שיעורים פסחים רטו:,"['בהשגות הראב""ד על בעל המאור שילהי פסחים כתב, דשאני מצות אכילה, משאר מצות דצ""כ משום דנהנה, דאמרינן, דמתעסק בחלבים חייב שכן נהנה, ומזה נראה דמתעסק בכל האיסורין מותר, ולא כמ""ש להסתפק בשו""ת הגרע""א, דאינו אלא לענין לפטור מקרבן, דבשלמא אי מתעסק בכל האיסורין שרי לגמרי, ובחלב אסור מטעמא דנהנה, שייך ללמוד מצות מאיסורין, כמו דבאיסורין מתעסק אינו איסור ומ""מ בחלב אסור מטעמא דנהנה, ה""נ במצות מתעסק אינה מצוה ובאכילה הוי מצוה, אבל אם מתעסק אינו אלא גזה""כ לפטור מקרבן ואיסור הוא, אינו שייך כלל ללמוד מזה לענין מצות.']",,
"שבת צב ע""ב:","[""מתני'. המוציא ככר לרשות הרבים - חייב. הוציאוהו שנים - פטורין. לא יכול אחד להוציאו והוציאוהו שנים - חייבין, ורבי שמעון פוטר."", ""גמ'. אמר רב יהודה אמר רב, ואמרי לה אמר אביי, ואמרי לה במתניתא תנא: זה יכול וזה יכול - רבי מאיר מחייב, ורבי יהודה ורבי שמעון פוטרים. זה אינו יכול וזה אינו יכול - רבי יהודה ורבי מאיר מחייבים, ורבי שמעון פוטר. זה יכול וזה אינו יכול - דברי הכל חייב. תניא נמי הכי: המוציא ככר לרשות הרבים - חייב, הוציאו שנים - רבי מאיר מחייב ורבי יהודה אומר: אם לא יכול אחד להוציאו והוציאו שנים - חייבין, ואם לאו - פטורים, ורבי שמעון פוטר. מנא הני מילי - דתנו רבנן: בעשתה העושה את כולה, ולא העושה את מקצתה. כיצד: שנים שהיו אוחזין במלגז ולוגזין, בכרכר ושובטין, בקולמוס וכותבין, בקנה והוציאו לרשות הרבים, יכול יהו חייבין - תלמוד לומר בעשתה - העושה את כולה ולא העושה מקצתה."", 'בעיגול של דבילה והוציאו לרשות הרבים, בקורה והוציאו לרשות הרבים, רבי יהודה אומר: אם לא יכול אחד להוציאו והוציאוהו שנים - חייבין, ואם לאו - פטורין. רבי שמעון אומר: אף על פי שלא יכול אחד להוציאו והוציאוהו שנים - פטורים, לכך נאמר בעשתה - יחיד שעשאה חייב, שנים שעשאוה פטורין.']",Shabbat 92b,
"משנת יעבץ או""ח סימן לט, ד (קכו ע""ב):","['הרי פליגי ת""ק ור""ש בזה אינו יכול וזה אינו יכול, ת""ק סובר שחייבים... והנה כתב רש""י שם דף צג ע""א, בטעמא דת""ק וז""ל, ""וחד יתרא למעוטי אע""פ דעבדי כי הדדי, דהאי עביד כולה והאי עביד כולה, ומיהו זה יכול וזה יכול הוא דממעיט, דלאו אורחיה למעבדה בתרי"". הרי מבואר דהטעם הוא דשנים שעשאוהו פטורין משום ""דלאו אורחיה למעבדה בתרי"" והיינו דהוא דין מסויים במלאכת שבת דבעינן מלאכת מחשבת, ובשנים שעשאוהו לא הוי מלאכת מחשבת ""דלאו אורחיה למעבדה בתרי"", אבל בזה אינו יכול וזה אינו יכול ""דאורחייהו למיעבד בתרי"" כמש""כ רש""י שם בשבת צג ע""א, סובר ת""ק דחייבין משום דיש על זה תורת מלאכת מחשבת גם בשנים שעשאוהו... אולם לר""ש דגם בזה אינו יכול וזה אינו יכול שנים שעשאוהו פטורין, ואע"" דאורחייהו למיעבד בתרי, מ""מ סובר ר""ש דשנים שעשאוהו פטורין, דאין זה דין מסויים במלאכת שבת משום דבעינן מלאכת מחשבת, ואין על זה תורת מלאכה כשעשאוהו שנים... דר""ש סובר דשנים שעשאוהו הוא פטור בגברא העושה את מעשה העבירה, דלא חשיב עושה עבירה.']",,
"שבת עג ע""א, המשנה (פ""ז מ""ב):","['אבות מלאכות ארבעים חסר אחת: הזורע, והחורש, והקוצר, והמעמר, והדש, והזורה, הבורר הטוחן והמרקד, והלש, והאופה. הגוזז את הצמר, המלבנו, והמנפצו, והצובעו, והטווה, והמיסך, והעושה שתי בתי נירין, והאורג שני חוטין, והפוצע שני חוטין, הקושר, והמתיר, והתופר שתי תפירות, הקורע על מנת לתפור [שתי תפירות]. הצד צבי, השוחטו, והמפשיטו, המולחו, והמעבד את עורו, והממחקו, והמחתכו. הכותב שתי אותיות, והמוחק על מנת לכתוב שתי אותיות. הבונה, והסותר, המכבה, והמבעיר, המכה בפטיש, המוציא מרשות לרשות. הרי אלו אבות מלאכות, ארבעים חסר אחת.']",Shabbat 73a,
"הגהת הרש""ש שם ד""ה 'במשנה הזורע':","['במשנה הזורע הן אף כ""ז שלא נשרש כמאן דשדי בכדא דמי – עיין (מנחות סט) מ""מ כיון דע""י זריעתו עתה ישרש אח""כ חייב כמו אופה וצולה דחייב אף על פי שנאפה ונצלה אח""כ מאליו (וע""ש סוף דפים נו ונז) והנה אם לקט הזרע קודם שנשרש נראה דפטור למפרע על מה שזרע כיון דלא נתקיימה מחשבתו ודבר זה יש ללמוד מבעיא דרבב""א בריש מכילתין דאם רודהו קודם שנאפה פטור וגדולה מזו משמע בתוס\' ק""ע בירושלמי דפרקין (ד\' כח ע""א דפוס דעסי) בד""ה כל דבר דאם עקר דבר מגידולו אם שוב שתלו אח""כ פטור וזה ודאי ל""נ כלל דכיון דכבר גמר מלאכת העקירה. (וזה דומה למש""כ הרא""ש בפ""ב דביצה סוף סימן יז ע""ש]. משא""כ הכא היכא דלא נשרש עדיין לא נעשה כלום דכמאן דשדא בכדא דמי והנה בזורע משמע דחייב אף דההשרשה לא תהיה אלא בחול עמש""כ בפ""ב דכלאים מ""ג, וכן הנוטע חייב אף דזמן קליטתו נמשכת ע\' בפ""ב דשביעית מ""ו. ומזה נ""ל דכן האופה בשבת עם חשיכה חייב אף דאין שהות שתגמר אפייתו בעו""י.']",,
מנחת חינוך מצווה רצח אות יד:,"['אך זה אינו דאם נאמר דעיקר הזריעה היינו בהשרשה, א""כ אם זרע בשבת ונשרש אחר כך בחול לא יהיה חייב כמו אופה לעיל, אם כן אמאי מבואר במשנה שבת עג ע""א הזורע חייב, וכן בגמרא הנוטע והמבריך והמרכיב עיין בשבת פרק כלל גדול [שם ע""ב], הא קיימא לן בר""ה י ע""ב ובפסחים נה ע""א פלוגתא, חד אמר דלקליטה צריך שלושים יום וחד אמר ארבעה עשר יום, ור""י סבירא ליה שלשה ימים בעינן. ואנן פסקינן י""ד לקליטה, עיין ר""מ פ""ט ממעשר שני ונטע רבעי ושו""ע סי\' רצד ס""ד, א""כ היאך חייב משום זורע, דממה נפשך אם זרע בחול וזמן הקליטה יהיה בשבת ודאי פטור אליבא דכולי עלמא כמו כל המלאכות דמותר מבעוד יום אף שהמלאכה נעשית בשבת, כמו שכתבתי לעיל, ובודאי מיירי בזרע בשבת, א""כ היאך חייב הא אינו נקלט הזריעה אליבא דכולי עלמא פחות משלשה ימים, וא""כ נקלט בחול אמאי חייב, ועיין ר""ה י ע""ב ובפסחים נה ע""א, א""כ נפל דין זה דזורע ונוטע בבירא, היאך משכחת לה דחייב הא נשרש בחול.', 'עכרחך צריך לומר דיש חילוק, בשלמא מבשל או אופה גמר האפיה או הבישול נקרא בשם אפיה או בישול, אבל קודם שנאפה לא נקרא בשם אפיה כלל אף דנתן לתוך התנור, אבל לשון זריעה חל תיכף כשמנפץ הזרע על גבי קרקע הוי זורע, אף דהוי כמאן דמנח בדיקולי היינו לענין המוזכר לעיל דלא מבואר בקרא זריעה, א""כ אף דהוי זריעה מ""מ אפשר דהוי כתלוש לענין עומר, אבל לשון זריעה שייך שפיר תיכף קודם שנקלט, על כן חייב תיכף בשבת ויום טוב. א""כ לפי זה אם לקט מן הארץ תיכף אחר הזריעה בודאי חייב דהרי נגמרה מלאכתו בזריעה לחוד ועל זה חייבה התורה, והוי כמו כותב ומוחק תיכף או אפילו כותב על מנת למחוק תיכף בודאי חייב, הכא נמי חייב.']",,Minchat Chinuch 298
"שבת עג ע""ב:","['תנא: הזורע והזומר והנוטע והמבריך והמרכיב כולן מלאכה אחת הן. מאי קא משמע לן? [הא קא משמע לן]: העושה מלאכות הרבה מעין מלאכה אחת - אינו חייב אלא אחת. אמר רבי אחא אמר רבי חייא בר אשי אמר רבי אמי: זומר חייב משום נוטע, והנוטע והמבריך והמרכיב חייב משום זורע. משום זורע אין, משום נוטע לא? אימא: אף משום זורע.']",Shabbat 73b,
"רש""י שם ד""ה 'כולן מלאכה', 'זומר חייב':","[""כולן מלאכה אחת הן – דזומר נמי לצמוחי אילנא הוא, ונפקא מינה דאי עבד ליה כולן בהדי זורע - לא מיחייב אלא חדא, דהעושה מלאכות הרבה כו' זורע אב מלאכה, ונוטע נמי אב מלאכה הוא - דהיינו זורע, אלא שזה בזרעים וזה באילנות, וכן מבריך ומרכיב, אבל זומר תולדה."", 'זומר חייב – משום תולדת נוטע, דלצמוחי עביד.']",Rashi on Shabbat 73b:3:1,
"רמב""ם הלכות שבת ז, ג:","['וכן אחד הזורע זרעים או הנוטע אילנות או המבריך אילנות או המרכיב או הזומר, כל אלו אב אחד הן מאבות מלאכות וענין אחד הוא, שכל אחת מהן לצמח דבר הוא מתכוין.']","Mishneh Torah, Sabbath 7:3",
כסף משנה שם הלכה ב:,"['כל אלו המלאכות וכל שהוא מענינם וכו\' – כתב הרמ""ך: תימה הוא אם כל אלו אבות אמאי חשיב ארבעים חסר אחת ה""ל לחשוב יותר מחמשים ועוד דאמרינן מלאכה דהוה במשכן חשיבא קרי לה אב דלא הוה במשכן קרי לה תולדה וחופר וחורץ ומבריך ומרכיב ובוצר ומוסק לא היו במשכן שלא היה צורך המשכן לחפור ולחרוץ וגם לא היו צריכים להבריך ולהרכיב וליטע אילנות ולא לגדור תמרים ולמסוק זיתים וה""פ כולם מלאכה אחת הם וכולן תולדה מזורע ולאשמועינן אתא דאינו חייב אלא אחת על שתי תולדות ועל אב ותולדה וההיא דאמר זומר חייב משום נוטע לא מסייע ליה דמפרשינן ליה כמו שפירשוה המפרשים וצ""ע, עכ""ל.']",,
"תוצאות חיים סימן ח, ג:","['ונראה דיש לפרש דרמב""ם ורש""י לטעמייהו... ונראה דסברת פלוגתתם בהא דיש לחקור בכל מלאכת שבת דבעי מלאכת מחשבת... אם עשה בלא מחשבה אם הוי זה חסרון בשם המלאכה או דהוי רק חסרון בהחיוב דגזירת הכתוב דאף דעשה מלאכה מכל מקום לא נגמר החיוב כל שלא היה מלאכת מחשבת... ונראה דזה טעם רש""י דרק נוטע מבריך ומרכיב הוי אבות ולא זומר וזה דשוני נוטע ומבריך שהם דומים למלאכה שבמשכן בענין זה שהוא מחדש שם המלאכה על הנפעל דהא דומים במעשים זה לזה וליכא חילוק רק בשינוי המינים... אבל זומר דבמעשיו חלוק... ולכן אף דדומה במחשבה לזורע שהרי כוונתו להצמיח... כיון דהמחשבה אינה מעצם שם המלאכה ואין הדמיון במחשבה דמיון בעצם המלאכה... אולם רמב""ם ז""ל דעתו דגם המחשבה הוא המחדשת שם מלאכה בנפעל.']",,
"שבת עג ע""ב:","['והחורש. תנא: החורש והחופר והחורץ כולן מלאכה אחת הן. אמר רב ששת: היתה לו גבשושית ונטלה בבית - חייב משום בונה, בשדה - חייב משום חורש. אמר רבא: היתה לו גומא וטממה בבית - חייב משום בונה, בשדה - משום חורש. אמר רבי אבא: החופר גומא בשבת ואינו צריך אלא לעפרה - פטור עליה. ואפילו לרבי יהודה דאמר מלאכה שאינה צריכה לגופה חייב עליה הני מילי - מתקן, האי - מקלקל הוא.']",Shabbat 73b,
"רש""י שם ד""ה 'מלאכה אחת הן':",['מלאכה אחת הן – אינו חייב אלא אחת דכולהו לרפויי ארעא עבידי.'],Rashi on Shabbat 73b:5:2,
רבנו חננאל שם (שורה אחרונה):,['וכל דבר שהוא להנאת קרקע חייב משום חורש. כך הוא מפורש בירושלמי'],,
"מועד קטן ב ע""ב:","['אתמר, המנכש והמשקה מים לזרעים בשבת, משום מאי מתרינן ביה? רבה אמר: משום חורש, רב יוסף אמר: משום זורע. אמר רבה: כוותי דידי מסתברא, מה דרכו של חורש - לרפויי ארעא, האי נמי מרפויי ארעא. אמר רב יוסף: כוותי דידי מסתברא, מה דרכו של זורע - לצמוחי פירא, הכא נמי מצמח פירא.']",Moed Katan 2b,
"תוספות שם ד""ה 'קא מרפויי':",['קא מרפויי ארעא – דבתר עיקר המלאכה אזלינן ודומה לחורש ורב יוסף אף על גב דעיקר מלאכה דומה לחורש מחשבת הנפש לאו לרפויי ארעא ובהכי פליגי דרבה סבר לבתר המעשה מדמינן לה ולא אחר המחשבה ורב יוסף סבר בתר מחשבה אזלינן דהויא עיקר ולא אזלינן בתר הדמיון.'],,Tosafot on Moed Katan 2b:4:1
"בית יוסף או""ח תקלז, יד:","['אין מכניסין צאן לדיר בחול המועד לזבל השדה וכו\' – בפרק מי שהפך (יב ע""א) תנו רבנן אין מדיירין לא בשבתות ולא בימים טובים ולא בחולו של מועד ואם באו מאליהן מותר ואין מסייעין אותם ואין מוסרין להם שומר לנער צאנם היה שכיר שבת שכיר חודש שכיר שנה שכיר שבוע מסייעין אותן ומוסרים להם שומר לנער את צאנם רבי אומר בשבת בטובה ביום טוב במזונות במועד בשכר אמר רב יוסף הלכה כרבי. ופירש בנמוקי יוסף (ה ע""ב ד""ה אין) אין מדיירין שמכניסין בהמות לשדה ושוכבות שם בלילה ומזבלות אותה וכל הלילה מטיילות ממקום למקום עד שמזדבלת כל השדה ואסור אף על פי שאינו בידים מפני שנראה כמזבל והמזבל מתולדות זורע או חורש הוא.']","Beit Yosef, Orach Chayim 537:14",
"אגלי טל, חורש, א:","['וע""כ לומר דגלי לן קרא דמהני מחשבת האדם על מעשה הבהמה לאשוויי מלאכת מחשבת... והא דחורש ע""י בהמה דחייב משום דחשוב מלאכת עצמו ולא מלאכת בהמה שהבהמה עם האדם ככלי ביד האומן כגון הגרזן ביד האדם בו והמשור ביד מניפו עכת""ד הרמב""ן.']",,
"שבת עג ע""ב:",['והקוצר. תנא: הקוצר הבוצר והגודר והמסיק והאורה - כולן מלאכה אחת.'],Shabbat 73b,
"ירושלמי שבת פ""ז ה""ב:",['רבנן דקיסרין אמרין: ההן דצייד כוורא וכל דבר שאתה מבדילו מחיותו חייב משום קוצר.'],Jerusalem Talmud Shabbat 7:2,
"שבת קז ע""ב:","['אמר שמואל: השולה דג מן הים, כיון שיבש בו כסלע - חייב. אמר רבי יוסי בר אבין: ובין סנפיריו. אמר רב אשי: לא תימא יבש ממש, אלא אפילו דעבד רירי.']",Shabbat 107b,
"<b>שו""ת </b>דבר אברהם א <b>סימן</b> כד <b>ענף </b>ד, יב:","['והשתא אי נימא דס""ל לשמואל להא דרבנן דקסרין אמרין א""כ אפילו בניצוד מבעוד יום נמי ליחייב מיד משום קוצר שמבדילו מחיותו... צ""ל דפליג על רבנן דקיסרין בהא דקרו להבדלת החיות קוצר מיהו סבר דאין קוצר אלא בכורת ממקום חיבור ממש ולא במבדיל ממקום החיות.']",,
"חידושי הרשב""א שבת קז ע""ב ד""ה 'הא דאמרינן':","['הכי נמי בבעלי חיים מיחייב משום עוקר דבר מגדולו דהוא משום נטילת נשמה, דומיא דחובל שהוא משום נטילת נשמה מאבר אחד, וסירכא דלישנא נקט, וכן נראה מדברי הרמב""ם ז""ל בפרק אחד עשר מהלכותיו, ומה שאמרו בירושלמי בפרק כלל גדול רבנן דקסרין אמרין ההיך דצד נונא וכל דבר שהוא מבדילו מחיותו חייב משום קוצר לא אתי כשיטתא דגמ\' דין.']",Rashba on Shabbat 107b:3,
"<b>שו""ת </b>דבר אברהם, <b>שם</b>:","['""אם לא שנחדש לומר דלמאן דבעי גידולי קרקע כסממני משכן ממילא בהא נמי בעינן דומיא דסממנין שיהו מחוברין ממש ולא סגי בהבדלת החיות.']",,
"שבת עג ע""ב:",['והמעמר. אמר רבא: האי מאן דכניף מילחא ממלחתא - חייב משום מעמר. אביי אמר: אין עימור אלא בגידולי קרקע.'],Shabbat 73b,
"<b>מרכבת המשנה שבת ח, ו (הובא ב</b>אגלי <b>ט</b>ל, מעמר, א, ד):","['ומפרש רבנו דשורש מלאכות העימור שקושר אגודת שבלים ועושה עומר לא יתפרדו. וכה""ג במושך חבל בתוך התאנים מדובקים זה לזה דהיינו מסוסלה בקולטה הנ""ל, א""נ העושה עגול דבלה שהוא דבר המתדבק ולא יתפרדו. משא""כ המעמיד ערמת חטים או שאר פירות שאינם מתדבקים לית ביה משום עימור. והוא הדין לנותן הרבה דבלות לתוך הכלי ולא מירחן זה בזה, עד שיתאחזו ויעשו גוף אחד.']",Mishnah Shabbat 8:6,
"שו""ת מהר""ח אור זרוע סימן ריד:",['קסמין שבחצר שאינו מקבצם אלא כדי להדליקם לאלתר אינו מקבצם אלא שטורח לו להדליק כל קיסם או לזרוק כל קיסם לבדו למדורה ולא בשביל תיקון הקסמין ושמירתם מקבצם אין זה מעמר.'],Maharach Or Zarua Responsa 214,
"תוספות רי""ד שבת עג ע""ב ד""ה 'והמעמר':","['והמעמר – פירוש המקבץ השבלים מאחרי הקוצר ועושה אותן עומר. ושיעור המעמר הוא כגרוגרות, דומיא דקצר וטחן, שכל מלאכת האוכלין כגרוגרת. ואי קשיא אם כן נתפזרו לו פירות בחצרו או בשדה וליקטן יתחייב משום מעמר, תשובה אין מעמר אלא בשעת תלישתו מן הקרקע שזה הוא תחלת ליקוטו, אבל פירות שנלקטו כבר ועכשיו נתפזרו אין זה מעמר.']",,
"שבת עג ע""ב:",['והדש. תנא: הדש והמנפץ והמנפט - כולן מלאכה אחת הן.'],Shabbat 73b,
"אגלי טל, דש, ב, א:",['ראוי לבאר במלאכת דש אם הוא דוקא שמפרקה מלבוש... או דילמא אפילו כשאינו מלובש תוך הפסולת כל שמפרקה מפסולת המחובר בה דש הוא.'],,
"קהילות יעקב כתובות ג, ב:","['וע""פ דברי הרמב""ן ז""ל הנ""ל יתבאר דגם במלאכת דש הוי מלאכה הצריכה לגופה בין שצריך לטובת דבר הנידש ובין שצריך המלאכה לטובת תיקון בהגוף שנידש משם כיון דיסוד מלאכה זו דדש הוא הפרדת דבר מדבר ולכל חלק ממנו צריך הוא למלאכת הפרדתו... הוספה: במה שכתבתי... ונראה בזה דמלאכת דישה אינו הפרדת דבר מדבר... אלא הוצאת דבר ממקום גניזתו אל הגלוי... ולכן בעינן שתהא הצריכה לגופה דוקא בדבר הנסחט וכשהמשקה הולך לאיבוד אינו מלאכה להרמב""ן.']",,
"שבת עג ע""ב – עד ע""א:","['הזורה הבורר והטוחן והמרקד. היינו זורה היינו בורר היינו מרקד! אביי ורבא דאמרי תרוייהו: כל מילתא דהויא במשכן, אף על גב דאיכא דדמיא לה - חשיב לה.']",Shabbat 73b-74a,
רבנו חננאל שם:,"[""נמצא זורה והבורר והמרקד כולן מעבירין פסולת המעורבות באוכל ואינה מחוברת (ואינה) כגון קליפה שצריכה פירוק או כגון עפרורית שצריך ניפוץ אלא מעורבת בלבד. וכן אם נטל בידו אדם תבואה בתיבנא ובפסולת שיש בה וניפח בה ברוח פיו ובירר חשוב הוא כזורה. פי' בורר נוטל פסולת מבין האוכל ומשליכה או נוטל האוכל ומניח הפסולת. מרקד שמטיל את האוכל והפסולת בכברה ונשארת האוכל ואם האוכל דק והפסולת עבה כמין תבן יוצא האוכל ונשארת הפסולת בכברה. וכיון דאסיק' כי הזורה והבורר והמרקד כולן מעין מלאכה אחת הן מפריש הפסולת מן האוכל ומשום דהוו במשכן הוו להו תלתא וחייב על כל אחת ואחת.""]",,
"הערוך, ערך 'זר':",['שכולם העברת פסולת שהיא מעורבת באוכל... אלא כל אחת מהן יש לה דרך כל דבר שהוא משלימו להפרחת ברוח הוא חייב עליו משום זורה... והבורר הוא שנוטל הפסולת מבין האוכל ומשליכו... והמרקד שהוא מניח האוכל והפסולת בכלי.'],,
"רש""י שבת עה ע""ב 'הרי הוא אורג':","['הרי הוא אורג – דהיינו אורג ממש, ולא דמי לזורה ובורר ומרקד, דזה בקשין וזה בצרורות וזה בקמח.']",,Rashi on Shabbat 75b:6:5
"שבת עד ע""א:","['תנו רבנן: היו לפניו מיני אוכלין - בורר ואוכל, בורר ומניח. ולא יברור, ואם בירר - חייב חטאת. מאי קאמר? אמר עולא: הכי קאמר: בורר ואוכל - לבו ביום, ובורר ומניח - לבו ביום; ולמחר לא יברור, ואם בירר - חייב חטאת. מתקיף לה רב חסדא: וכי מותר לאפות לבו ביום? וכי מותר לבשל לבו ביום? אלא אמר רב חסדא: בורר ואוכל - פחות מכשיעור, בורר ומניח - פחות מכשיעור. וכשיעור - לא יברור, ואם בירר - חייב חטאת. מתקיף לה רב יוסף: וכי מותר לאפות פחות מכשיעור? אלא אמר רב יוסף: בורר ואוכל - ביד בורר ומניח - ביד. בקנון ובתמחוי - לא יברור, ואם בירר - פטור אבל אסור, ובנפה ובכברה - לא יברור, ואם בירר - חייב חטאת. מתקיף לה רב המנונא: מידי קנון ותמחוי קתני! אלא אמר רב המנונא: בורר ואוכל - אוכל מתוך הפסולת, בורר ומניח - אוכל מתוך הפסולת, פסולת מתוך אוכל - לא יברור, ואם בירר - חייב חטאת. מתקיף לה אביי: מידי אוכל מתוך פסולת קתני! - אלא אמר אביי: בורר ואוכל - לאלתר, ובורר ומניח - לאלתר, ולבו ביום - לא יברור, ואם בירר - נעשה כבורר לאוצר, וחייב חטאת.']",Shabbat 74a,
"רש""י שם ד""ה 'ובורר ומניח':","['ובורר ומניח לאלתר – לאכול לאלתר, שאין זה דרך בוררין.']",,Rashi on Shabbat 74a:4:3
"רבנו חננאל שם ע""ב:","['איתמר המולל מלילות של חיטין (למחר) מנפח על יד על יד ואוכל ואם נפח ונתן לתוך ידו חייב. א""ר אלעזר וכן לשבת. מ""ט, דמלאכת מחשבת אסרה תורה והאי לאו מלאכת מחשבת היא, דלא קא מכוון במלאכה אלא לאכילה בלבד.']",,
"שבת עד ע""ב:",['והטוחן. אמר רב פפא: האי מאן דפרים סילקא - חייב משום טוחן. אמר רב מנשה: האי מאן דסלית סילתי - חייב משום טוחן. אמר רב אשי: אי קפיד אמשחתא - חייב משום מחתך.'],Shabbat 74b,
"רמב""ם הלכות שבת <b>ז</b>, ה:","['התולדה היא המלאכה הדומה לאב מאלו האבות. כיצד. המחתך את הירק מעט לבשלו הרי זה חייב, שזו המלאכה תולדת טחינה, שהטוחן לוקח גוף אחד ומחלקו לגופים הרבה. וכל העושה דבר הדומה לזה הרי זה תולדת טוחן. וכן הלוקח לשון של מתכת ושף אותו כדי ליקח מעפרו, כדרך שעושים צורפי הזהב, הרי זה תולדת טחינה.']","Mishneh Torah, Sabbath 7:5",
<b>מגיד משנה שם הלכה ד</b>:,"['וכן הקוצר תבואה או קטנית וכו\'. תנא הקוצר והבוצר והגודר והמוסק והאורה כלן מלאכה אחת הן. ודע שכוונת רבינו היא שכל מלאכה שהיא דומה לאב בדמיון גמור אלא שחלוקה ממנה באיכות הפעולה או באיכות הנפעל הרי זו אב כמותה אבל מלאכה הדומה לה במקצת זו היא הנקראת תולדה. והמשל בזה הקוצר והבוצר שהם בדמיון גמור אלא שחלוקין הנפעלים וכן הזורע והנוטע וכן החורש והחופר שהם חלוקי איכות הפעולה אבל הם בדמיון גמור. עליהם אמרו כולם מלאכה אחת הם. שאם באנו לחלק בהן נחלק במיני הזרעים גם כן ובמיני הכלים אשר יעשה בהם וכיוצא בזה. אבל בשאין שם אלא קצת דמיון כגון המחתך את הירק שאינו דומה לטחינה רק בהעשות מגוף אחד גופים רבים אע""פ שהטחינה משנה הגוף הראשון לגמרי ואין החתוך כן זו הוא תולדה והיקש זה ניתן לכלן. זהו דעת רבינו. ויש מי שפירש כלן מלאכה אחת הן שהן תולדות לאב אחד ואע""פ שאין לנו בזה אלא שינוי השמות הפירוש הראשון נראה עיקר וזהו חידוש הברייתות.']",,
"מי טל, הטוחן, א:","['הנה במלאכת טוחן יש לחקור ביסוד החיוב דהאי מלאכה אם חיובה משום עשיית בני פירורים שנתהוו ע""י הטחינה.']",,
"חזון איש מועד נח, ט:",['ונראה דכשם שבישולו מפקיעתו ממלאכת טחינה כיון שטחינתו נוחה ואין שם מלאכה עלה.'],,
"כלכלת שבת, טוחן:","['אסור לרסק (קארטאפפעל) מבושלין או שאר מאכל משום טוחן, רק בהיו מרוסקים קצת מותר לגמור רסוקן.']",,
"שבת יז ע""ב – יח ע""א:","[""מתני'. בית שמאי אומרים: אין שורין דיו וסמנים וכרשינין אלא כדי שישורו מבעוד יום, ובית הלל מתירין. בית שמאי אומרים: אין נותנין אונין של פשתן לתוך התנור אלא כדי שיהבילו מבעוד יום, ולא את הצמר ליורה אלא כדי שיקלוט העין, ובית הלל מתירין. בית שמאי אומרים: אין פורסין מצודות חיה ועופות ודגים אלא כדי שיצודו מבעוד יום, ובית הלל מתירין. בית שמאי אומרים: אין מוכרין לנכרי, ואין טוענין עמו, ואין מגביהין עליו אלא כדי שיגיע למקום קרוב, ובית הלל מתירין. בית שמאי אומרים: אין נותנין עורות לעבדן, ולא כלים לכובס נכרי אלא כדי שיעשו מבעוד יום, ובכולן בית הלל מתירין עם השמש. אמר רבן שמעון בן גמליאל: נוהגין היו בית אבא שהיו נותנין כלי לבן לכובס נכרי שלשה ימים קודם לשבת. ושוין אלו ואלו שטוענין קורת בית הבד ועגולי הגת."", ""גמ'. מאן תנא נתינת מים לדיו זו היא שרייתן? אמר רב יוסף: רבי היא, דתניא: אחד נותן את הקמח ואחד נותן את המים - האחרון חייב, דברי רבי. רבי יוסי אומר: אינו חייב עד שיגבל. אמר ליה אביי: ודילמא עד כאן לא קאמר רבי יוסי - אלא בקמח דבר גיבול הוא, אבל דיו דלאו בר גיבול הוא - אימא ליחייב! לא סלקא דעתך, דתניא: אחד נותן את האפר ואחד נותן את המים - האחרון חייב, דברי רבי. רבי יוסי ברבי יהודה אומר: עד שיגבל. ודילמא: מאי אפר - עפר, דבר גיבול הוא. והתניא: אפר, והתניא: עפר! מידי גבי הדדי תניא?""]",Shabbat 17b-18a,
"מי טל, לש, א:","['ביסוד מלאכת לישה מצינו פלוגתא דתנאי... והיינו דאפליגו אם יסוד מלאכת לישה הוי ע""י נתינת המים לתוך הקמח לבד וגם בלא גיבל ולש אותם יחד עד שנעשית עיסה... מדברי הצפנת פענח דיסוד מלאכת לישה היא מה שע""י הלישה נעשה כאן מציאות חדש דהיינו העיסה... האומנם דנראה דכל זה שייך לומר רק לשיטת ר\' יוסי ב""ר יהודא דמלאכת לישה לא הוי אלא עד שיגבל ויעשה העיסה משא""כ לשיטת רבי דמיד שנתן המים בקמח חייב... ובע""כ דלשיטת רבי אם היסוד דמלאכת לישה ההתחדשות דהעיסה... אלא עצם הענין שנתן... תיכף מתערבים המים בהקמח וזה גורם שפירורי הקמח שהיו כל אחת מציאות בפ""ע נתחברו ונתדבקו יחד ע""י ליחות המים.']",,
"שבת קמ ע""א:","['אמר מר זוטרא: לית הלכתא ככל הני שמעתתא, אלא כי הא דאתמר: חרדל שלשו מערב שבת, למחר ממחו בין ביד בין בכלי, ונותן לתוכו דבש. ולא יטרוף אלא מערב. שחליים ששחקן מערב שבת, למחר - נותן לתוכן שמן וחומץ, וממשיך לתוכן אמיתא, ולא יטרוף אלא מערב.']",Shabbat 140a,
"שו""ת תרומת הדשן סימן נג:","['והטעם משום דקיי""ל כרבי גבי רבי יוסי ברבי יודא דסבר נתינת מים או שאר משקין זהו גיבולן ולכן כי יהיב משקה מבעוד יום כבר מוגבל הוא בחול ומאי דערביתו בשבת אין קפידא רק שלא יטרוף אבל אי יהיב משקה בשבת אנתינת משקה הוא דמחייב ולא מהני מידי אי ממחו אח""כ דרך שינוי.']",,
"[שלטי הגבורים מסכת שבת נח ע""א מדפי הרי""ף:","['עושין יינומלין בשבת והוא דבש יין ופלפלין, ומז""ה מתיר אפילו לסננן במסננת, ולי נראה שלא הותר אלא לערבן לאוכלן כמות שהן. ושמא כך היה מנהגם, אבל לטרוף אותן יפה ולסננן כמו שעושין היום [לא], שזה טורח יתר הוא ואומנות גדולה ותקון גדול הוא והרי נאסר לטרוף אפילו בחרדל הנילוש כבר, כמבואר בקונטרס הראיות.]']",,
"שבת עד ע""ב:","['והלש והאופה. אמר רב פפא: שבק תנא דידן בישול סממנין דהוה במשכן, ונקט אופה! תנא דידן - סידורא דפת נקט. אמר רב אחא בר רב עוירא: האי מאן דשדא סיכתא לאתונא - חייב משום מבשל. פשיטא! מהו דתימא - לשרורי מנא קא מיכוין, קא משמע לן: דמירפא רפי, והדר קמיט. אמר רבה בר רב הונא: האי מאן דארתח כופרא - חייב משום מבשל. פשיטא! מהו דתימא: כיון דהדר ואיקושא - אימא לא, קא משמע לן.']",Shabbat 74b,
"אגלי טל, אופה, א, ו–ז:","['אך בירורן של דברים... והיינו דאף שהמעשה מחולק קצת מ""מ הכוונה אחת והתינח בשבת דמלאכת שבת אסרה תורה אזלינן בתר כוונה משא""כ בשביעית... עיי""ש. ולפי""ז ה""נ צולה ומטגן מאחר דלהכשירו לאכילה מתכוין כמו מבשל ע""כ הוויין אב מלאכה... ולפי""ז היינו טעמא דאופה... שכוונתו ג""כ להכשירו לאכילה... אלא דמ""מ יותר הו""ל להתנא לחשוב מבשל דהוה ממש במשכן.']",,
"ר""ן על הרי""ף שבת כב ע""א ד""ה 'והרב ר' יונה':","['והרב ר\' יונה ז""ל כתב בלשון הזה ומכשלה גדולה תחת יד קצת העם שטומנין קומקום של מים חמין ליתן לתוך הקדרה בשבת כשהתבשיל מצטמק ופעמים שהאחד אין יד סולדת בו והאחר יד סולדת בו ומתבשל זה בזה ונמצאו מבשלין בשבת ואפילו אם שניהם יד סולדת בהם איכא מאן דאמר בירושלמי עירוי אינה ככלי ראשון וכשמערין המים לאלתר שיצאו מן הכלי אף על פי שהן רותחין פסק כח רתיחתן מלבשל כדין כלי שני שאינו מבשל ומתבשלין בתוך כלי ראשון ומים מבושלין אם פסקה רתיחתן יש בהן משום בישול אלו דבריו ז""ל ולא ידעתי מנין לו שהרי כל שבא בחמין מלפני השבת שורין אותו בחמין בשבת אף על פי שהוא צונן גמור ולא ידעתי הפרש בין מים מבושלין למבושל אחר וצריך עיון ובדיקה.']",,
"אבן האזל שבת כב, ד:","['ונראה ליישב שיטת רבינו יונה דחלוק באמת דין תבשיל מדין חמין דבחמין האיסור הוא משום חימום המים ולכן שיעורו ביד סולדת דעניין הבישול בחמין הוא חימום המים ולכן אף שכבר נתחממו אם חזרו ונצטננו שייך בהו שוב חימום ואפי\' אי סברינן דאין בישול אחר בישול היינו דוקא בתבשיל דגדר איסור בישולו היינו התקנת האוכל לאכילה ע""י בישול ולכן אם נתבשל כל צרכו תו אין בו משום בישול דהא כבר נתקן.']","Even Ha'azel on Mishneh Torah, Sabbath 22:4",
"שו""ת הרדב""ז א סימן ריג:","['ולענין דבר הנאכל כמו שהוא חי אם יש בו משום מבשל בשבת, לענין מלקות אינו לוקה אבל אסור מדרבנן.']",,
"אגלי טל, אופה, מד, א–ד:","['העתקתי פירש""י טעמא דבחמה עצמו מותר דאין דרך בישול בכך... וכמו שנחשב שינוי בין תולדת האש לתולדת החמה כמו כן נחשב שינוי בין יש בהפת כח חמה בין יש בה כח האש.']",,
"שבת לו ע""ב:","[""מתני'. כירה שהסיקוה בקש ובגבבא - נותנים עליה תבשיל. בגפת ובעצים - לא יתן עד שיגרוף, או עד שיתן את האפר. בית שמאי אומרים, חמין אבל לא תבשיל ובית הלל אומרים, חמין ותבשיל. בית שמאי אומרים, נוטלין אבל לא מחזירין ובית הלל אומרים, אף מחזירין."", ""גמ'. איבעיא להו: האי לא יתן - לא יחזיר הוא, אבל לשהות - משהין אף על פי שאינו גרוף ואינו קטום, ומני - חנניה היא. דתניא, חנניה אומר: כל שהוא כמאכל בן דרוסאי - מותר לשהותו על גבי כירה, אף על פי שאינו גרוף ואינו קטום; או דילמא: לשהות תנן, ואי גרוף וקטום - אין, אי לא - לא, וכל שכן להחזיר.""]",Shabbat 36b,
"רש""י שם ד""ה 'אבל לא תבשיל':","['אבל לא תבשיל – דניחא ליה בישוליה, ואתי לאחתויי, אי נמי, נתקיימה מחשבתו ומיחזי כמבשל.']",,Rashi on Shabbat 36b:3:8
"שבת מז ע""ב, המשנה השנייה (פ""ד מ""א):","['במה טומנין ובמה אין טומנין? אין טומנין לא בגפת, ולא בזבל, לא במלח, ולא בסיד, ולא בחול, בין לחין בין יבשין. ולא בתבן ולא בזגין ולא במוכין ולא בעשבין בזמן שהן לחין, אבל טומנין בהן כשהן יבשין.']",Shabbat 47b,
"שם לד ע""א–ע""ב:","['אמר רבא: מפני מה אמרו: אין טומנין בדבר שאינו מוסיף הבל משחשכה - גזרה שמא ירתיח. אמר ליה אביי: אי הכי, בין השמשות נמי ניגזר! אמר ליה: סתם קדירות רותחות הן. ואמר רבא: מפני מה אמרו אין טומנין בדבר המוסיף הבל ואפילו מבעוד יום - גזירה שמא יטמין ברמץ שיש בה גחלת. אמר ליה אביי: ויטמין! גזירה שמא יחתה בגחלים.']",Shabbat 34a-72a,
"ירושלמי שבת פ""ד ה""א:",['בלפי שהדברים הללו רותחין ומרתיחין והוא נוטלן והן תשים לתוך ידו ומחזירן והן מוסיפין רתיחה לפיכך אסרו לטמון בהן.'],Jerusalem Talmud Shabbat 4:1,
"שבת עד ע""ב:","['הגוזז את הצמר והמלבנו. אמר רבה בר בר חנה אמר רבי יוחנן: הטווה צמר שעל גבי בהמה בשבת - חייב שלש חטאות; אחת משום גוזז, ואחת משום מנפץ, ואחת משום טווה. רב כהנא אמר: אין דרך גזיזה בכך, ואין דרך מנפץ בכך, ואין דרך טווי בכך. ולא? והתניא משמיה דרבי נחמיה: שטוף בעזים וטוו בעזים! אלמא: טוויה על גבי בהמה שמה טוויה! חכמה יתירה שאני. תנו רבנן: התולש את הכנף, והקוטמו, והמורטו - חייב שלש חטאות. אמר רבי שמעון בן לקיש: תולש חייב משום גוזז, קוטם חייב משום מחתך, ממרט חייב משום ממחק.']",Shabbat 74b,
"תוספות בכורות כה ע""א ד""ה 'ואמר ר""ל':","['ואמר ר""ל חייב משום גוזז - תימה מה הוא מקשה אף על גב דלענין בכור לא מחייב ביה משום לא תגוז לענין שבת יש לחייב משום תולדה דגוזז ככל עוקר דבר מגידולו בבעלי חיים.']",Tosafot on Bekhorot 25a:6:1,
"ירושלמי שבת פ""ז ה""ב:","['דתני תלש מן המיתה חייב, תלישתה זו היא גיזתה.']",Jerusalem Talmud Shabbat 7:2,
"אגלי טל, גוזז, ב, א, ט:","['וכתבו התוס\'... משום עוקר דבר מגידולו וקשה לי בדבריהם שהרי בירושלמי ובתוספתא הובא לעיל ס""ק א דתולש מן המתה ואפי\' מן השלח חייב... ולפי מה שביארנו דעת הירושלמי ותוספתא והרמב""ם דהא דמחייבין בגוזז מן המתה או מן העור משום דס""ל דמלאכת גוזז היא מה שמפריד הגיזה מן העור.']",,
"שבת צד ע""ב:","[""מתני'. הנוטל צפרניו זו בזו, או בשיניו, וכן שערו, וכן שפמו, וכן זקנו, וכן הגודלת, וכן הכוחלת, וכן הפוקסת - רבי אליעזר מחייב, וחכמים אוסרין משום שבות."", ""גמ'. אמר רבי אלעזר: מחלוקת ביד, אבל בכלי חייב. - פשיטא, זו בזו תנן! - מהו דתימא: רבנן בכלי נמי פטרי, והא דקתני זו בזו - להודיעך כחו דרבי אליעזר, קא משמע לן.""]",Shabbat 94b,
"תוספות שם ד""ה 'אבל בכלי':","['אבל בכלי ד""ה חייב - היינו כרבי יהודה דמחייב במלאכה שאינה צריכה לגופה.']",,Tosafot on Shabbat 94b:6:1
"חידושי הרמב""ן שבת קו ע""א ד""ה 'כל המקלקלין':","['ומה דומה לזה הנוטל צפרניו בכלי וכן שפמו (צ""ד ב\') שהוא חייב משום תולדה דגוזז ואף על פי שאינו צריך לגוף הצפרנים והשיער מלאכה הצריכה לגופה נקראת.']",Chiddushei Ramban on Shabbat 106a:1,
"רמב""ם הלכות שבת ט, יא:","['המכבס בגדים הרי הוא תולדת מלבן וחייב, והסוחט את הבגד עד שיוציא המים שבו הרי זה מכבס וחייב, שהסחיטה מצרכי כיבוס היא כמו שההגסה מצרכי הבשול, ואין סחיטה בשער וה""ה לעור שאין חייבין על סחיטתו.']","Mishneh Torah, Sabbath 9:11",
"מגיד משנה שם ד""ה 'הסוחט':","['אבל הרמב""ן ז""ל כתב סוף פרק שמונה שרצים כך: ראוי לומר בכל סוחט פירות תולדת מפרק בצריך למשקים ושיעורן כגרוגרת ואין דישה אלא בגידולי קרקע כלומר בפירות וכיוצא בהן. והסוחט בגד תולדת צובע כדרך מלבן.']",,
"שו""ת אבני נזר או""ח סימן קנט, כז:","['תוכן הדברים דסבירא לי\' לרמב""ן מלאכת מלבן הסרת הלכלוך. ולכלוך שסופו להתבטל כאילו אינו ועל כן אינו חייב בסחיטה על הסרת הלכלוך רק על חזרת מראה ראשון וזה כעין צובע. ורמב""ם שכתב שסוחט בכלל מלבן. נראה דסבירא לי\' מלאכת מלבן הוא חזרת מראהו הראשון וחילוק שבין מלבן לצובע שצובע היא עשיית מראה חדשה. ומלבן חזרת מראהו הראשון.']",,
"זבחים צד ע""ב:","['אלא אמר רבא: כל כיבוס דלית ליה כיסכוס לא שמיה כיבוס. והא דאמר רב חייא בר אשי: זימנין סגיאין הוה קאימנא קמיה דרב ושכשיכי ליה מסאניה במיא, שכשוך אין, אבל כבוס לא! אי ברכין וכדברי הכל, אי בקשין וכאחרים. אי הכי, בגד נמי! בגד - שרייתו זהו כיבוסו. רבא לטעמיה, דאמר רבא: זרק סודר למים – חייב.']",Zevachim 94b,
"רמב""ם הלכות שבת כב, יח:","['מנעל או סנדל שנתלכלך בטיט ובצואה מותר לשכשכו במים אבל לכבסו אסור, ואין מגרדין לא מנעלים ולא סנדלים חדשים אבל סכין אותם ומקנחין את הישנים, כר או כסת שהיה עליהן צואה או טנוף מקנחו בסמרטוט, ואם היתה על של עור נותנין עליה מים עד שתכלה.']","Mishneh Torah, Sabbath 22:18",
"השגת הראב""ד שם:","['ואין מגרדין לא מנעלים ולא סנדלים. א""א גם בזה טעה, אבל סכין אותן ומקנחים את הרגלים, מי שנתלכלכה ידו בטיט).']",,
"שו""ת אבני נזר או""ח סימן קנט, ב:","[""ראיתי לעורר אותך על מה שיכשלו בו תמיד וזה הרבה מפתאים כשיפול על מלבוש וכיוצא בו טינוף ירחצו אותו באופן יעברו עליו המים או ינענעו אותו במים עד שיסור אותו טינוף ולא יסחטו אותו וכו' ולא ידמו שיש בזה איסור הואיל ולא יסחט אותו מלבוש.""]",,
"שבת עד ע""ב:","['הגוזז את הצמר והמלבנו. אמר רבה בר בר חנה אמר רבי יוחנן: הטווה צמר שעל גבי בהמה בשבת - חייב שלש חטאות; אחת משום גוזז, ואחת משום מנפץ, ואחת משום טווה. רב כהנא אמר: אין דרך גזיזה בכך, ואין דרך מנפץ בכך.']",Shabbat 74b,
"שו""ת אבני נזר או""ח סימן קע, ב, ז:","['ונראה לי משום דמלאכת הניפוץ הוא כדי שיהיה ראוי לטויה... דאם אין מנפצם כדי לטוות לא הוי מלאכה כלל...', 'ונראה לי דהנה הגיד תחילה חובטים אותו עד שנעשה כמו חוטים ואחר כך מנפצים ביד או במסרק להפריד החוטים זה מזה. ועל כן בחבטה כבר נגמרה מלאכת הטחינה... ואחר כך הפרדת החוטים הוה ליה תולדה דמנפץ.']",,
"פירוש המשניות לרמב""ם שבת ז, ב:",['מנפצו – החובטו בשבט.'],"Mishneh Torah, Sabbath 7:2",
"שו""ת אבני נזר או""ח סימנים קע–קעא:","['ובהכי ניחא לי מה דקשה לי בדברי הרא""ש פרק במה אשה דמותרת לחוף ולפספס שערה בשבת... ולהנ""ל דאין מלאכה כלל אלא על מנת לטוות ניחא... ולכאורה יש לומר כמו שכתב בתוספות רי""ד... במנפץ אין ניפוץ אלא בתחילת הפרדתם אבל שער אדם שסורק להפריד השערות וכששוב נתחברו חזר וסורק להפריד אין זה מנפץ וכיוון שסורק בכל עת אין מנפץ רק בסריקה ראשונה אך הא ליתא... הכא נמי בניפוץ שבמשכן הי\' בתלוש... על כן אין במחובר משום ניפוץ כלל.']",,
"משנה שבת י, ו:",['הנוטל צפרניו זו בזו או בשניו וכן שערו וכן שפמו וכן זקנו וכן הגודלת וכן הכוחלת וכן הפוקסת רבי אליעזר מחייב וחכמים אוסרין משום שבות התולש מעציץ נקוב חייב ושאינו נקוב פטור ורבי שמעון פוטר בזה ובזה.'],Mishnah Shabbat 10:6,
ירושלמי שם:,['הפוקסת חייבת משום צובעת.'],,
"שבת צה ע""א:","['כוחלת משום צובעת, גודלת ופוקסת - משום בונה.']",Shabbat 95a,
"מי טל, צובע, א, ח:","['ועפ""ז נראה לפרש פלוגתת הבבלי והירושלמי אם בפוקסת איכא משום חיובא דצובע והיינו דהבבלי שס""ל שפוקסת אינה חייבת משום צובע היינו טעמא... דצובע הוי רק בדבר המתקיים... משא""כ הירושלמי... הרי זה תלוי ביסוד החקירה במלאכת צובע אם חיובה משום התחדשות הגוון או משום מעשה שינוי הגוון הקודם והיינו דאם נאמר שמלאכת הצביעה יסודה עשיית דבר חדש דהיינו הגוון החדש שצבע הנה לפ""ז מובן דהיכא דהצבע החדש אינו עומד להתקיים אלא יתבטל ממילא אין כאן עשיית דבר חדש וליכא בזה משום צובע משא""כ אם נאמר דמלאכת צובע חיובה משום שינוי מציאות הקודמת דהיינו ביטול הגוון הקודם.']",,
"שבת עה ע""א–ע""ב:","['והשוחטו. שוחט משום מאי חייב? רב אמר: משום צובע, ושמואל אמר: משום נטילת נשמה. משום צובע אין, משום נטילת נשמה לא? אימא: אף משום צובע. אמר רב: מילתא דאמרי - אימא בה מילתא, דלא ליתו דרי בתראי וליחכו עלי. צובע במאי ניחא ליה - ניחא דליתווס בית השחיטה דמא, כי היכי דליחזוה אינשי וליתו ליזבנו מיניה.']",Shabbat 75,
"בית יוסף או""ח שכ, יט–כ:","['כתב בשבלי הלקט (סי\' פו) צריך [עיון] על הכרכום אם יש לחוש עליו משום צובע ולפי דברי בעל היראים דאמר אין דרך צביעה באוכלין מותר וזה לשון [בעל] היראים (סי\' רעד, קלו) ראוי לכל בר ישראל שאוכל תותים או שאר פירות הצובעים שיזהר שלא יגע בידיו צבועות בבגדיו או במפה דהוה ליה תולדת צובע ואם כן יצא דם מן המכה אסור לתת עליה בגד אבל אם צובע פתו במשקה הפירות לית לן בה דאין זה צביעה באוכלין עכ""ל.']","Beit Yosef, Orach Chayim 320:19",
"פרי מגדים אשל אברהם או""ח שכ, כה:",['גם אין צביעה באוכלין שאין מתקיים.'],"Peri Megadim on Orach Chayim, Eshel Avraham 320",
"אור זרוע סימן סג, ו:","[""וההיא דירושלמי דקאמר ההן דעבד חבלין חייב משום טוה לא משמע הכי שלהי המצניע בג' דידן דקאמר גודלת ופוקסת משום בונה ולא בעי למימר משום טוה.""]",,
"מי טל, טווה, א, יא–יג:","['והנראה לומר בזה דזה תלוי ביסוד החקירה במהות מלאכת טווה אם חיובה משום עשיית חוט חדש דהיינו החוט שנתחדש ע""י הך טווי\' הנה לפ""ז נראה שכל זה שייך רק בטווה חוט מנימי צמר... דבר חדש שמקודם היו כאן רק נימין... אכן אם נאמר בצד הב\'... משום מעשה... הנה לפ""ז גם בעשיית חבל מחוטין שייך לומר האי חיובא דהרי גם בזה איכא שינוי.']",,
"שבת עד ע""ב:","['הגוזז את הצמר והמלבנו. אמר רבה בר בר חנה אמר רבי יוחנן: הטווה צמר שעל גבי בהמה בשבת - חייב שלש חטאות; אחת משום גוזז, ואחת משום מנפץ, ואחת משום טווה. רב כהנא אמר: אין דרך גזיזה בכך, ואין דרך מנפץ בכך, ואין דרך טווי בכך. ולא? והתניא משמיה דרבי נחמיה: שטוף בעזים וטוו בעזים! אלמא: טוויה על גבי בהמה שמה טוויה! חכמה יתירה שאני.']",Shabbat 74b,
ספר העיתים רכט:,"['והנה מחזיא מילתא שאין זה מוציאו מכלל מלאכה אע""פ שאין זה דרך כל אדם.']",,
"פירוש המשניות לרמב""ם שבת ז, ב:",['והמיסך – המותח את המסכה כלומר השתי.'],"Mishneh Torah, Sabbath 7:2",
תוספות יום טוב שם:,"['והמיסך – כתב הר""ב, אורדי""ר בלע""ז, וכן פירש רש""י. ולהלן בסוגיא דף עה ע""ב כתב שמסדר חוטי השתי, וז""ל הרמב""ם בפירושו הוא המיסך את השתי נגזר מן המסכה הנסוכה (ישעיה כח), ע""כ. ובחבורו פרק ט מהלכות שבת כתב: מתיחת החוטין כדרך האורגים היא הנסכת המסכת, וזה המותח נקרא מיסך, ע""כ. ועל שתי בלא ערב מיירי התם.']",,
"חידושי המאירי שבת עה ע""ב ד""ה 'דרך האורגים':","['דרך האורגים שמותחין החוטין תחלה על יתדות זו מכאן וזו מכאן כמדת ארך היריעה שהוא רוצה לעשותה או על הכלי העשוי לארוג בו והוא הנקרא מסכת ואח""כ שובט בשבט על החוטין שיתפרקו החוטין זה מזה ויתישרו למקומם החוטין זה בצד זה ושובט זהו תולדת מיסך והמדקדק את החוטין תמיד בשעת האריגה להפרידן בידו זה מזה הוא תולדת אורג.']",,
"רש""י שבת עה ע""ב ד""ה 'שובט הרי הוא':","['שובט הרי הוא בכלל מיסך - דהיינו מיסך ממש, שמסדר חוטי השתי.']",Rashi on Shabbat 75b:6:4,
"שבת קה ע""א:","[""מתני'. רבי אליעזר אומר: האורג שלשה חוטין בתחילה, ואחת על האריג - חייב. וחכמים אומרים: בין בתחילה בין בסוף - שיעורו שני חוטין. העושה שתי בתי נירין בנירין בקירוס, בנפה, בכברה ובסל חייב, והתופר שתי תפירות והקורע על מנת לתפור שתי תפירות."", ""גמ'. ...העושה שני בתי נירין כו'. מאי [בנירין]? אמר אביי: תרתי בבתי נירא, וחדא בנירא. בקירוס. מאי בקירוס? אמר רב: מצוביתא.""]",Shabbat 105a,
"תוספות רי""ד שבת עג ע""ב ד""ה 'העושה שני':","['העושה שני בתי נירין – פי\' המורה שנתן שני חוטין בתוך הבית ניר, ואינו נ""ל, שהכנסת החוטין בתוך הבית ניר הוא בכלל מסיך. גם לשון עשה שני בתי נירין אינו משמע כן, שהיה לו לומר והמכניס שני חוטים בתוך בית ניר. אלא העושה היא פירושו, שמתקן הבית ניר במקום שהוא עתיד להכניס חוטי השתי, ובין כל חוט וחוט של קושרי בתי נירין יקרא בית, ואם תיקן שני בתי נירים הוא חייב אף על פי שאינו נוגע בשתי כלל, והיא מלאכה בפני עצמה.']",,
"שנות אליהו שבת ז, ב ד""ה 'והעושה שתי':","['ובפרק ר""א (דף קה) מפרש בגמ\' מאי בנירין, אמר אביי ב\' בבתי נירא וחדא כו\'. הוא פירוש למאי צריכין הנירין, ומפרש שמרכיב החוט עליהן. אבל על עשיית בתי הנירין לא פריך, דלא פריך מאי העושה בתי נירין.']",,
"רמב""ם הלכות שבת ט, טז:","['העושה שני בתי נירין חייב, העושה נפה או כברה או סל או סבכה או שסרג מטה בחבלים הרי זה תולדת עושה נירין, ומשיעשה שני בתים כאחד מכל אלו חייב. וכן כל העושה שני בתים בדבר שעושין אותו בתים בתים כגון אלו חייב.']","Mishneh Torah, Sabbath 9:16",
"ילקוט פירושים על המשנה (במהדורת ע""ג פירושים), שבת יג, ב, על דברי התוספות יום טוב שם:","['[ועוד ק""ל שהרמב""ם בחיבורו פ""ט לא הזכיר קירוס...] הא ל""ק כלל שהרי כתב שם וכל העושה שתי בתי נירין בדבר שעושין אותו בתים כגון אלו חייב עכ""ל... ולי קשיא טובא על התוי""ט דמפרש אליביה דרש""י דמשנתנו בנותן חוטי השתי בתוך הבית ניר חדא דא""כ הו""ל למימר... אלא ודאי דרש""י נמי מפרש לה בעושה הבתי נירין ממש וכהרמב""ם ולהכי כתב על בנפה וכברה כו\' דהנך לאו נירין ממש... דכיון דעשוים בתים בתים הוי תולדת עושה בתי נירין.']",,
"תוספות יום טוב שם ד""ה 'בנפה':","['פירש""י הנך לאו נירין ממש אלא משרשר ומרכיב חוט אחד בשתי מלמטה ואחד מלמעלה ומעמיד השתי בהן כתקונו.']",,
"שבת קה ע""א:","[""מתני'. רבי אליעזר אומר: האורג שלשה חוטין בתחילה, ואחת על האריג - חייב. וחכמים אומרים: בין בתחילה בין בסוף - שיעורו שני חוטין. העושה שתי בתי נירין בנירין בקירוס, בנפה, בכברה ובסל חייב, והתופר שתי תפירות והקורע על מנת לתפור שתי תפירות."", ""גמ'. כי אתא רבי יצחק תני: שתים. והאנן תנן שלש! - לא קשיא, הא - באלימי, הא - בקטיני. אמרי לה להאי גיסא, ואמרי לה להאי גיסא. אמרי לה להאי גיסא; אלימי, תלתא - לא סתרי, תרי - סתרי. קטיני - תרי נמי לא סתרי. ואמרי לה להאי גיסא; קטיני, תלתא - ידיעי, תרי - לא ידיעי, אלימי - תרי נמי ידיעי. תניא: האורג שלשה חוטין בתחילה, ואחד על האריג - חייב, וחכמים אומרים: בין בתחילה בין בסוף שיעורן שני חוטין ובשפה - שני חוטין ברוחב שלשה בתי נירין, הא למה זה דומה - לאורג צלצול קטן. שני חוטין ברוחב שלשה בתי נירין. והאורג שלשה חוטין בתחילה ואחד על האריג חייב - סתמא כרבי אליעזר. תניא אידך: האורג שני חוטין על הגס ועל האימרא - חייב, רבי אליעזר אומר: אפילו אחד. ובשפה שני חוטין ברוחב שלשה בתי נירין - חייב, הא למה זה דומה - לאורג צלצול קטן, שני חוטין על רוחב שלשה בתי נירין. והאורג שני חוטין על הגס ועל האימרא - חייב, סתמא כרבנן.""]",Shabbat 105a,
"פירוש המשניות לרמב""ם שבת ז, ב (<b>תרגום הרב קאפח)</b>:",['לפי שענין האריגה הוא צירוף חלקים נפרדים וחבורם זה לזה על ידי שלוב.'],"Mishneh Torah, Sabbath 7:2",
"תוספות שבת קג ע""ב ד""ה 'תריץ':","['וי""ל דבאריג שעושה דבר חדש שאינו בעולם מחייב שפיר בשני בתי נירין.']",Tosafot on Shabbat 103b:8:1,
"מי טל, אורג ג, ו–יד:","['ויתכן לומר בזה עכ""פ מה שיש לחקור ביסוד מלאכת אורג דיש לפרש בב\' אופנים הא\' דיסוד מלאכת אורג הוא הענין מה שע""י האריגה מחבר חוטי הערב עם חוטי השתי... ובאופן הב\' י""ל דיסוד מלאכת אורג הוא מה שע""י הכנסת חוטי הערב בין חוטי השתי נתחדש כאן חפצא ושטח דבגד ארוג שמקודם היו כאן חוטין נפרדים ועכשיו יש כאן חפצא דשטח של בגד ארוג... ולכן ס""ל לר""א דבעינן אריגה בשיעור דג\' חוטין דווקא שאז ניכר כאן שטח חדש... משא""כ באורג ב\' חוטין לבד אה""נ שיש כאן הענין דחיבור הני חוטי הערב לחוטי השתי...']",,
"כריתות יט ע""א, המשנה (פ""ד מ""ב):","['חלב ונותר לפניו, ואכל אחד מהן ואינו יודע איזה מהן אכל; אשתו נדה ואחותו עמו בבית, שגג באחת מהן ואינו יודע באיזה מהן שגג; שבת ויום הכיפורים, ועשה מלאכה בין השמשות ואינו יודע באיזה מהן עשה - רבי אליעזר מחייב חטאת, ורבי יהושע פוטר. א""ר יוסי: לא נחלקו על העושה מלאכה בין השמשות שהוא פטור, שאני אומר: מקצת עשה היום ומקצת עשה למחר, על מה נחלקו? על העושה מלאכה בתוך היום ואינו יודע אם בשבת עשה אם ביוה""כ עשה, או על העושה ואינו יודע מעין איזו מלאכה עשה, שרבי אליעזר מחייב חטאת, ורבי יהושע פוטר. אמר רבי יהודה: פוטרו היה רבי יהושע אף מאשם תלוי. רבי שמעון ורבי שמעון שזורי אומרים: לא נחלקו על דבר שהוא משם אחד שהוא חייב, על מה נחלקו – על דבר שהוא משום שני שמות, שרבי אליעזר מחייב חטאת, ורבי יהושע פוטר.']",Keritot 19a,
"שם ע""ב:","['רבי יוסי אומר: לא נחלקו כו\'. תניא, אמר להן רבי יוסי: דקדקתם אחרי. מאי אמרי ליה דאמר להו דקדקתם אחרי? הכי א""ל: הגביה בין השמשות, מהו? אמר להו: דקדקתם אחרי. ונימא להו: מקצת הגבהה היתה מהיום ומקצתה למחר! הכי נמי קאמר להו: דקדקתם אחרי ולא העליתם בידכם כלום. ולרבי יוסי, גמר מלאכה לרבי אליעזר פטור? הא שמענא ליה דמחייב! דתנן, רבי אליעזר אומר: האורג שלשה חוטין בתחלה, ואחד על האריג - חייב! אמר רב יוסף: רבי יוסי אליבא דר""א הכי מתני, רבי אליעזר אומר: האורג שלשה חוטין בתחלה, ושנים על האריג - חייב.']",,
"מי טל, אורג, יב:","['בהא דס""ל לר""א דבתחילת האריגה צ""ל שלשה חוטין כאן מוסיף על הבגד שיעורו בחוט אחד יש לחקור האם פירוש הדבר שבעצם הנה גם באמצע הבגד צריך להיות השיעור דשלשה חוטין אלא דמ""מ חייב בחוט אחד משום ""שנחשב כשלשה חוטין"" או הפירוש הוא דבאמצע האריגה לא בעינן כל השיעור דשלשה חוטין אלא מעיקרא שיעורו בחוט אחד לבד... והיינו דלהטעם משום מלאכה ""הניכרת"" הנה לפ""ז גם באמצע האריגה הי\' צריך בעצם להיות אריגה בשיעור דשלשה חוטין... הנה בחוט אחד חשיב בשלשה... משא""כ להטעם משום מלאכה המתקיימת הנה לפ""ז באמצע האריגה לא בעינן מלכתחילה שיעורא דשלשה חוטין שהרי באמצע האריגה מתקיימת חוט אחד ג""כ.']",,
"שבת עה ע""ב:","['חסר אחת. לאפוקי מדרבי יהודה, דתניא: רבי יהודה מוסיף את השובט והמדקדק. אמרו לו: שובט - הרי הוא בכלל מיסך, מדקדק - הרי הוא בכלל אורג.']",Shabbat 75b,
"רש""י שם ד""ה 'מדקדק', 'הרי הוא':","['מדקדק - כשמותח חוט הערב מכה בכרכר עליו במקומות מקומות ליישבו שלא יהא מתוח יותר מדאי, שהמתיחה מעכבתו מהתחבר יפה עם הארג.', 'הרי הוא אורג - דהיינו אורג ממש, ולא דמי לזורה ובורר ומרקד, דזה בקשין וזה בצרורות וזה בקמח.']",,Rashi on Shabbat 75b:6:5
"רמב""ם הלכות שבת ט, יט:","['המדקדק את החוטין ומפרידן בעת האריגה הרי זה תולדת אורג, וכן הקולע את הנימין הרי זה תולדת אורג ושיעורו משיעשה קליעה באורך שתי אצבעות.']","Mishneh Torah, Sabbath 9:19",
"רמב""ם הלכות שבת ט, כ:","['הבוצע שני חוטין חייב, ובוצע הוא המפריד את הארוג, בין שהוציא הערב מן השתי או שהעביר השתי מעל הערב הרי זה בוצע וחייב, והוא שלא יהא מקלקל אלא יתכוין לתקן כדרך שעושין אלו שמאחין את הבגדים הקלים ביותר שבוצעין ואחר כך מאחין וחוזרין ואורגין חוטין שבצעו עד שיעשו שני הבגדים או שני הקרעים אחד, והסותר את הקליעה לתקן הרי זה תולדת בוצע ושיעורו כשיעור הבוצע.']","Mishneh Torah, Sabbath 9:20",
"השגת הראב""ד שם:","['הבוצע שני חוטין חייב ובוצע הוא המפריד את האריג. א""א, זה הפירוש נוטה לקורע ע""מ לתפור וכבר הוא שנוי במשנה, ואנו מקובלים בוצע כמו פוצע והוא לשון חתוך שחותך שני חוטין, אחר שהשלים אריגתו חותך את הארוג מן המשוייר שבמסכת ואפילו לא חתך ממנו אלא שני חוטין חייב בחתיכה זו.)']",,
מגיד משנה שם:,"['הבוצע שני חוטין וכו\' – במשנה פרק כלל גדול (שם עג) והבוצע שני חוטין. ופירש""י ז""ל מנתק לצורך וזה כדברי רבינו. ובהשגות א""א זה הפירוש נוטה וכו\' חייב בחתיכה זו, עכ""ל. ואני אומר שפירושו נוטה ודומה למכה בפטיש שהוא גמר מלאכה וכבר שנוי במשנה. ומה שאמר שפירוש רבינו נוטה לקורע על מנת לתפור י""ל שאין דומה קורע החוטין עצמן וחותך אחת לשנים לזה שאינו חותכן אלא מפריד הארוג.']",,
"חידושי הר""ן שבת עג ע""א ד""ה 'והפוצע':","['והפוצע שני חוטין – פי\' הרא""ה ז""ל דפוצע הוא שכשחוט אחד ניתק פוצע ראשיהן ושוזרן ביד עד שיהא נארג וקאמר דכשיעשה כן בשני חוטין חייב.']",,
"שבת עד ע""ב:","['הקושר והמתיר. קשירה במשכן היכא הואי? אמר רבא: שכן קושרין ביתדות אהלים. א""ל אביי ההוא קושר על מנת להתיר הוא! אלא אמר אביי: שכן אורגי יריעות שנפסקה להן נימא קושרים אותה. אמר ליה רבא: תרצת קושר, מתיר מאי איכא למימר? וכי תימא: דאי מתרמי ליה תרי חוטי קיטרי בהדי הדדי, שרי חד וקטר חד - השתא לפני מלך בשר ודם אין עושין כן, לפני מלך מלכי המלכים הקדוש ברוך הוא עושין! אלא אמר רבא ואיתימא רבי עילאי: שכן צדי חלזון קושרין ומתירין.']",Shabbat 74b,
"רמב""ם הלכות שבת י, ט:","['התופר שתי תפירות חייב, והוא שקשר ראשי החוט מכאן ומכאן כדי שתעמוד התפירה ולא תשמט, אבל אם תפר יתר על שתי תפירות אף על פי שלא קשר חייב שהרי מתקיימת התפירה, והמותח חוט של תפירה בשבת חייב מפני שהוא מצרכי התפירה.']","Mishneh Torah, Sabbath 10:9",
כסף משנה שם:,"['כתב הרמ""ך התופר שתי תפירות וכו\' תימה למה לא כתב שיהא חייב שתים משום קושר ומשום תופר כדברי הירושלמי שזה בודאי עשה שתי מלאכות קושר ותופר עכ""ל.']",,
מרכבת המשנה שם:,"['ואני אומר דאין ענין לקשירה זו דתפירה למלאכת קושר שכל עיקרה שהוא קושר ומחבר שני דברים נפרדים... נראה משם דלא שייך קשירה בתפירה אלא א""כ קשר שני צדדי החוטין להדדי אבל הקושר צד אחד מכאן וצד אחד מכאן אין זה מלאכת קשירה.']",,
הגהות מיימוניות שם:,"['ופריך בגמרא והא לא קיימא, אמר רבב""ח אר""י והוא שקשרו. מכאן פסק רא""ם שאין נקרא קשר של קיימא אלא קשר על קשר מדאין חייב בכאן משום קושר וכן כתב בס""ה אמנם יש קשרים שמתקיימין בקשר אחד כגון שקושר חבל בראשו ואין קושר שני ראשים ביחד וכן כל כיוצא בזה ע""כ.']",,
"רמב""ם שם הלכה ח:","['הפותל חבלים מן ההוצין ומן החלף או מחוטי צמר או מחוטי פשתן או חוטי שיער וכיוצא בהן, הרי זה תולדת קושר וחייב. ושיעורו כדי שיעמוד החבל בפתילתו בלא קשירה, שנמצאת מלאכתו מתקיימת. וכן המפריד את הפתיל הרי זה תולדת מתיר וחייב, והוא שלא יתכוין לקלקל בלבד, ושיעורו כשיעור הפותל.']","Mishneh Torah, Sabbath 10:8",
אור שמח שם:,"[""אין להקשות מהא דאמר בירושלמי פרק כלל גדול ההין דעביד חבלין ההין דעביד ממזור (פי' מוזר, וכמו משזר) חייב משום טווה.""]",,
"משנה שבת טו, א:",['אלו קשרים שחייבין עליהן קשר הגמלין וקשר הספנין וכשם שהוא חייב על קישורן כך הוא חייב על התירן רבי מאיר אומר כל קשר שהוא יכול להתירו באחת מידיו אין חייבין עליו.'],Mishnah Shabbat 15:1,
"פירוש הרע""ב שם:","['אלו קשרים. קשר הגמלים – שנוקבים לגמל בחוטמו ונותנין בו רצועה וקושרים אותה קשר עולם. וכמו כן נוקבים בראש הספינה נקב ונותנין בו חבל וקושרין אותו קשר של קיימא שאינו מתירו לעולם. והוי דומיא דקושרי חוטי יריעות הנפסקים במשכן. וקשר של קיימא ואינו מעשה אומן, או מעשה אומן ואינו של קיימא, פטור אבל אסור, ואינו חייב עד שיהא של קיימא ומעשה אומן. ושאינו של קיימא ולא מעשה אומן מותר לכתחלה.']",,
"הגהות מיימוניות הלכות שבת י, א (בכוכבית):","['לשון הטור: כל קשר העומד להתקיים לעולם חייבים חטאת על קשירתו והתרתו בין אם הוא של אומן או של הדיוט, עכ""ל.']",,
"ערוך השולחן או""ח שיז, ט–י:","['...וזהו לשיטת הרמב""ם דכל קשר של אומן יש איסור אפילו אינו של קיימא ואין אנו בקיאים איך הוא קשר של אומן ושמא מפני שהאומן קושר בהידוק מאד ושני קשרים הוויין מהודקים מאד ובדבר אחד הוי גם קשר אחד בהידוק...', 'אמנם עיקרי הדברים תמוהים, דאם רק בחוזק תלוי מה זה שאמרו מעשה אומן והרי לא באומנות תליא אלא בחיזוק ורפיון. ועוד כיון שאמרו קשר של קיימא ומעשה אומן וכל קשר של קיימא מסתמא הוא בחוזק, דאיך יעשו קשר של קיימא ברפיון ומעשה אומן נוסף לזה ופשיטא שמעשה אומן הוא שבעצם עשיית הקשר יש איזה אומנות שאין ההדיוט יכול לעשותו...']","Arukh HaShulchan, Orach Chaim 317:9",
"ערוך השולחן או""ח שיז, ב:","['רבותינו בעלי התוס\' (עג ע""א ד""ה הקושר) נסתפקו אם בעינן מתיר על מנת לקשור דוקא כקורע על מנת לתפור אם לאו ודעתם נוטה דבעינן דוקא על מנת לקשור וכ""כ הרא""ש וכן משמע קצת בירושלמי ע""ש אמנם רש""י ז""ל לקמן בריש פרק ואלו קשרים (קיא ע""ב ד""ה כך הוא) דתנן כשם שהוא חייב על קישורן כך חייב על התירן, פירש רש""י דציידי חלזון נצרכים לפרקים להתיר קשרי רשתות הקיימות כדי לקצרן או להרחיבן עכ""ל הרי דבהתרה לבד חייב ודוחק לומר דכונתו לקשרם אח""כ וכ""כ בכלל גדול גבי יריעות המשכן ע""ש. וכן משמע מדברי הרמב""ם שהבאנו בסעיף הקודם שכתב דמפריד את הפתיל חייב ושלא יתכוין לקלקל, ואי ס""ד דדוקא על מנת לקשור לא שייך לומר שלא יתכוין לקלקל כמובן, אלא ודאי דבמתיר לחוד חייב אם אין בזה קלקול, וזהו ההפרש בין קורע דבודאי הוא קלקול, לכן צריך על מנת לתפור, משא""כ במתיר ההתרה עצמה הוי התיקון. ונמצא שדין זה במחלוקת שנויה, דלרש""י והרמב""ם א""צ במתיר על מנת לקשור ולהתוס\' והרא""ש צריך על מנת לקשור, וכן נראה דעת הרע""ב בפי\' למשניות.']","Arukh HaShulchan, Orach Chaim 317:2",
"חזון איש שבת נב, יז:",['כיון דנעשה שלא לדעת ולא ניחא ליה אין זה קשר של קיימא ומותר להתירו... ומשמע דאי אפשר שיהיה בזה מעשה אומן ובעשה עניבה וממילא נעשה קשירה.'],,
"ר' עקיבא איגר על שולחן ערוך או""ח יא, ט (על המגן אברהם ס""ק יג):","['ולפ""ז לא קשה קושי\' הנ""ל דלענין זה דנקשרו הציצית בעצמם בבגד ובשבת דא""י להתירו. בזה אין מהראוי דעשה לדחי לל""ת. כיון דא""י להתירו.']",,
"שבת עד ע""ב:",['והתופר שתי תפירות. והא לא קיימא! אמר רבה בר בר חנה אמר רבי יוחנן: והוא שקשרן.'],Shabbat 74b,
"שו""ת אגרות משה או""ח ב סימן פד:","['הרי חזינן דלא כל החבורין הם שייכים למלאכת תפירה אלא חבור כהא דתפירה דמשווה שני חלקי בגד כבגד אחד ממש... אבל בהא דקשירה... אף שנתחברו ע""י זה שני חלקי הבגד הוא חבור שאינו עושה אותם כבגד אחד אלא לעולם הם שני חלקים אך שנעשו מחוברים זה לזה.']",,
"מי טל, תופר, א:","['והנראה בזה דיסוד החילוק בין הני ב\' מלאכת דתופר וקושר הוא דהגם דשניתן ישנו הענין דחיבור ב\' דברים נפרדים אבל הא מיהת דחלוקים באופן מעשה החיבור ויסוד החילוק הוא דהיכא שמחבר ב\' דברים זה לזה בלי אמצעות דב שלישי המחברם אלא הם בעצמם מתחברים זה לזה... קושר משא""כ היכא שמחבר ב\' דברים יחד ע""י דבר שלישי המחברם והיינו שהדבר השלישי גורם חיבור הב\' דברים... תופר.']",,
"שבת עד ע""ב – ק""ה ע""א:",['הקורע על מנת לתפור. קריעה במשכן מי הוה? רבה ורבי זירא דאמרי תרווייהו: שכן יריעה שנפל בה דרנא קורעין בה ותופרין אותה.'],Shabbat 74b-105a,
"שם קה ע""ב:","['והקורע על מנת לתפור שתי תפירות. היכי משכחת לה? דעבדה כי כיסתא.', ""מתני'. הקורע בחמתו, ועל מתו; וכל המקלקלין - פטורין. והמקלקל על מנת לתקן - שיעורו כמתקן. שיעור המלבן והמנפץ והצובע והטווה - כמלא רחב הסיט כפול והאורג שני חוטין - שיעורו כמלא הסיט."", ""גמ'. ורמינהו: הקורע בחמתו ובאבלו ועל מתו - חייב, ואף על פי שמחלל את השבת - יצא ידי קריעה!"", '...חמתו אחמתו קשיא! חמתו אחמתו נמי לא קשיא, הא - רבי יהודה, הא - רבי שמעון. הא רבי יהודה, דאמר מלאכה שאין צריכה לגופה - חייב עליה, הא רבי שמעון, דאמר מלאכה שאין צריכה לגופה פטור עליה. אימר דשמעת ליה לרבי יהודה במתקן, במקלקל מי שמעת ליה? אמר רבי אבין: האי נמי מתקן הוא, דקעביד נחת רוח ליצרו. וכהאי גוונא מי שרי? והתניא, רבי שמעון בן אלעזר אומר משום חילפא בר אגרא, שאמר משום רבי יוחנן בן נורי: המקרע בגדיו בחמתו, והמשבר כליו בחמתו, והמפזר מעותיו בחמתו - יהא בעיניך כעובד עבודה זרה; שכך אומנתו של יצר הרע, היום אומר לו עשה כך ולמחר אומר לו עשה כך. עד שאומר לו עבוד עבודה זרה והולך ועובד. אמר רבי אבין: מאי קראה - לא יהיה בך אל זר ולא תשתחוה לאל נכר, איזהו אל זר שיש בגופו של אדם - הוי אומר זה יצר הרע. - לא צריכא, דקא עביד למירמא אימתא אאינשי ביתיה.']",Shabbat 105b,
"תוספות ר' עקיבא איגר, משנה שבת ז, ב ד""ה 'הקורע':","['נראה דבטעם דבאינו על מנת לתפור פטור משום דהוי מקלקל, אבל היכא דהוי תיקון חייב אף באינו על מנת לתפור, וראיה לזה... הקורע על מתו... אולם מדברי הב""י סי\' שיז... דכל שאינו על מנת לתפור ממש אף במקום תיקון אינו חייב... הרי מפורש דס""ל דבעצמותו ליכא מלאכה בקריעה אלא בצריך לתפור.']",,Tosafot on Shabbat 105b
"פרי מגדים משבצות זהב או""ח רנג, יח:","['כתב הפר""ח ביור""ד סי\' קיח אות חי... אבל לחתום בנייר ולקרוע בשבת אסור דמקלקל על מנת לתקן חייב מן התורה... ובשו""ת חכם צבי סי\' לט כתב דנהפוך הוא... ונייר מותר לומר לעכו""ם לקרוע.']","Peri Megadim on Orach Chayim, Mishbezot Zahav 253:18",
"אתר ויקיפדיה, ערך 'מלאכת צד':","['מלאכת צד אינה הריגה כפי שאפשר להבין מהשימוש המקובל בעברית המודרנית, אלא עצם לכידת בעל חיים. ציד היא פעולה המכניסה את בעל החי למצב שאינו יכול להמלט... כל פעולה שיש בה משום ציד גם בעקיפין כמו גם הכאת בעל חי ופציעתו באופן שאינו יכול להמלט מפאת חולשתו נחשבת כצידה.']",,
"שבת עה ע""א:","[""הצד צבי וכו'. תנו רבנן: הצד חלזון והפוצעו - אינו חייב אלא אחת, רבי יהודה אומר: חייב שתים. שהיה רבי יהודה אומר: פציעה - בכלל דישה. אמרו לו: אין פציעה בכלל דישה. אמר רבא: מאי טעמא דרבנן - קסברי: אין דישה אלא לגדולי קרקע. וליחייב נמי משום נטילת נשמה! אמר רבי יוחנן: שפצעו מת. רבא אמר: אפילו תימא שפצעו חי, מתעסק הוא אצל נטילת נשמה. והא אביי ורבא דאמרי תרווייהו: מודה רבי שמעון בפסיק רישא ולא ימות! - שאני הכא, דכמה דאית ביה נשמה - טפי ניחא ליה, כי היכי דליציל ציבעיה.""]",Shabbat 75a,
"שבת קז ע""א, המשנה (פי""ד מ""א):","['שמנה שרצים האמורים בתורה, הצדן והחובל בהן - חייב. ושאר שקצים ורמשים, החובל בהן - פטור, הצדן לצורך - חייב, שלא לצורך - פטור. חיה ועוף שברשותו, הצדן - פטור, והחובל בהן - חייב.']",Shabbat 107a,
"רש""י שם ד""ה 'שלא לצורך':","[""שלא לצורך פטור - דאין במינו ניצוד והויא מלאכה שאינה צריכה לגופה ור' שמעון היא כדמוקי לה בגמרא.""]",Rashi on Shabbat 107a:5:6,
"תוספות שם ד""ה 'שלא לצורך':","['שלא לצורך פטור - פירש רש""י דאין במינו ניצוד ואינו נראה דהא מאן דפטר אין במינו ניצוד פוטר אפילו לצורך אלא יש לפרש דאפילו במינו ניצוד פטור משום דהויא מלאכה שאינה צריכה לגופה ור""ת מחקו מן הפירושים.']",Tosafot on Shabbat 107a:5:3,
"תוספות רי""ד שם קז ע""ב ד""ה 'מאן תנא':","['כיון שדרך העולם לצודן אף על פי שהוא א""צ להן מלאכה היא חשובה וחייב ואיזו תקרי מלאכה שא""צ לגופה כגון הוצאת המת שלא היא צריך לו ולא כל העולם צריכין לו שאין צורך לעולם במת אבל אם הוציא בגרוגרת אוכלין אף על פי שלא היה צריך להם חייב הוא כיון דחשיבי לעלמא והה""נ בצידה היכא דצד דבר שבמינו ניצוד וחשיב לעלמא אף על פי שהוא א""צ לו חייב דמלאכה חשובה הויא ולא מיפטר אלא כשצד דבר שאין במינו ניצוד וגם הוא אינו צריך לו.']",,
"חידושי ר""ש שקופ, כתובות סימן ו:","['דצידה עיקר המלאכה היא המעשה לצוד ולא עצם ההכנסה לרשותו את דבר הניצד ומשו""ה אם עיקר כוונתו לשמור את ביתו בכלל אין שם מלאכת צידה בנעילת ביתו ומשו""ה אינו מחויב להסיר התועלת של הצבי הניצוד... שונה משאר מלאכות דלא שייך בזה פסיק רישא.']",,
"ביאור הלכה שטז, ב ד""ה 'או חולה':","['ודע דנסתפקתי לרש""י דס""ל בהדיא דעייפות כזה חשיב כניצוד וע""כ פטור הצודהו אח""כ איך הדין אם רדף אחר איזה חיה ועוף כדי לצודו עד שעשהו עיף שאינו יכול לזוז ממקומו, או שהכהו באיזה דבר עד שנעשה חיגר, אם חייב עבור זה גם משום צידה אף שלא תפסו בידו, או אפשר אין דרך צידה בכך דדרך צידה לטלה אחר שצדה או להכניסה למקום משומר.']",,
"שבת עה ע""א–ע""ב:","['והשוחטו. שוחט משום מאי חייב? רב אמר: משום צובע, ושמואל אמר: משום נטילת נשמה. משום צובע אין, משום נטילת נשמה לא? אימא: אף משום צובע. אמר רב: מילתא דאמרי - אימא בה מילתא, דלא ליתו דרי בתראי וליחכו עלי. צובע במאי ניחא ליה - ניחא דליתווס בית השחיטה דמא, כי היכי דליחזוה אינשי וליתו ליזבנו מיניה.']",Shabbat 75,
"רמב""ם הלכות שבת יא, א:","['השוחט חייב. ולא שוחט בלבד, אלא כל הנוטל נשמה לאחד מכל מיני חיה ובהמה ועוף ודג ושרץ, בין בשחיטה בין בנחירה או בהכאה, חייב. החונק את החי עד שימות הרי זה תולדת שוחט, לפיכך אם העלה דג מספל של מים והניחו עד שמת חייב משום חונק. ולא עד שימות, אלא כיון שיבש בו כסלע בין סנפיריו חייב, שעוד אינו יכול לחיות. הושיט ידו למעי הבהמה ודלדל עובר שבמעיה חייב.']","Mishneh Torah, Sabbath 11:1",
"מרכבת המשנה שם ד""ה 'החונק':","['נ""ל הטעם דנוחר ומעקר הוו אבות כמו שוחט היכא דאיכא נטילת נשמה ממש שהוא רביעית דם שהנפש יוצאת בו משא""כ בחונק שאינו מוציא את הדם הוא הנפש אלא נטילת נשמה רוחנית חשיב תולדה.']",,
"חידושי ר""ש שקופ, כתובות סימן ז:","['ולפ""ז דשייך לומר דבנטילת נשמה עיקר המלאכה בשניהם היינו בין בדם הניטל ובין הדבר שניטל ממנו הדם דנטילת נשמה היא הפרדת כח החיוני וכל הפרדה נעשית המלאכה בשני דברים אשר היו מחוברים ונתפרדו.']",,
"הלכות שבת בשבת ג, נא סעיפים ג–ד:","['הוציאו מהמים סמוך לחשיכה אף אם הוציאו בשבת... ומיתתו במוצ""ש... וכן השוחט אע""פ שמפרכס בשבת ומת במוצ""ש חייב.']",,
"שבת קז ע""א, המשנה (פי""ד מ""א):","['שמנה שרצים האמורים בתורה, הצדן והחובל בהן - חייב. ושאר שקצים ורמשים, החובל בהן - פטור, הצדן לצורך - חייב, שלא לצורך - פטור. חיה ועוף שברשותו, הצדן - פטור, והחובל בהן - חייב.']",Shabbat 107a,
"רש""י שם ד""ה 'והחובל בהן חייב':",['והחובל בהן חייב - דיש להן עור.'],,Rashi on Shabbat 107a:5:3
"שבת קו ע""א:","['וכל המקלקלין פטורין. תני רבי אבהו קמיה דרבי יוחנן: כל המקלקלין פטורין, חוץ מחובל ומבעיר. אמר ליה: פוק תני לברא, חובל ומבעיר אינה משנה. ואם תמצא לומר משנה, חובל - בצריך לכלבו, מבעיר - בצריך לאפרו. והאנן תנן כל המקלקלין פטורין! מתניתין - רבי יהודה, ברייתא - רבי שמעון. מאי טעמא דרבי שמעון - מדאיצטריך קרא למישרא מילה, הא חובל בעלמא – חייב.']",Shabbat 106a,
"רש""י שם ד""ה 'מתניתין ר' יהודה', 'וברייתא ר""ש היא':","[""מתניתין ר' יהודה - דאית ליה מקלקל בחבורה פטור, ולא איתפרש היכא, ולי נראה: מתניתין ר' יהודה היא, דאמר מלאכה שאינה צריכה לגופה חייב עליה, הלכך חיובא דחובל בצריך לכלבו, ומבעיר בצריך לאפרו משכחת לה, דאף על פי דמקלקל הוא אצל מלאכה עצמה - מתקן הוא אצל אחרים, ולר' יהודה כי האי גוונא מלאכה הוא, משום תקון אחרים, אבל מקלקל ואינו מתקן - פטור, ואף על גב דרישא דמתניתין אוקימנא כר' שמעון, דקתני קורע על מתו פטור - סיפא ר' יהודה."", ""וברייתא ר' שמעון היא - דאמר מלאכה שאינה צריכה לגופה פטור עליה, הלכך אין לך חובל ומבעיר שאין מקלקל, ואפילו מבעיר עצים לקדרתו מקלקל הוא אצל עצים, ומה שהוא מתקן אצל אחרים - לר' שמעון לא חשיב, דהא מלאכה שאינה צריכה לגופה היא, אלא משום דמקלקל בחבלה ובהבערה חייב, כדיליף לקמיה.""]",,Rashi on Shabbat 106a
"שו""ת אבני נזר או""ח סימן קצח, ח–ט:","[""ונראה שדעת בעל המאור שתרי גווני חובל... האחד שנוטל מקצת בשר מהחי חייב משום דמה לי קטלה כולה מה לי קטלה פלגא... השני שלא חתך בשר רק הוציא דם דבזה לא שייך טעם הראשון. רק כמו שכתבו התוס' משום שהדם הוא הנפש חשיב נטילת נשמה... מירושלמי דחבורה חייב אפילו שלא לצורך ושחיטה אינו חייב זולת לצורך... רק כשחתך בשר מבהמה""]",,
"שבת קטז ע""ב:","[""תנו רבנן: ארבעה עשר שחל להיות בשבת מפשיטין את הפסח עד החזה, דברי רבי ישמעאל בנו של רבי יוחנן בן ברוקה, וחכמים אומרים: מפשיטין את כולו. בשלמא לרבי ישמעאל בנו של רבי יוחנן בן ברוקה - דהא איתעביד ליה צורך גבוה. אלא לרבנן - מאי טעמא? אמר רבה בר בר חנה אמר רבי יוחנן: דאמר קרא כל פעל ה' למענהו והכא, מאי למענהו איכא? רב יוסף אמר: שלא יסריח. רבא אמר: שלא יהו קדשי שמים מוטלין כנבלה. מאי בינייהו? איכא בינייהו: דמנח אפתורא דדהבא, אי נמי - יומא דאסתנא. ורבי ישמעאל בנו של רבי יוחנן בן ברוקה, האי פעל ה' למענהו מאי עביד ליה? שלא יוציא את האימורין קודם הפשטת העור. מאי טעמא? אמר רב הונא בריה דרב נתן: משום נימין. אמר רב חסדא אמר מר עוקבא: מאי אהדרו ליה חברייא לרבי ישמעאל בנו של רבי יוחנן בן ברוקה - הכי קאמרי ליה: אם מצילין תיק הספר עם הספר - לא נפשיט את הפסח מעורו? - מי דמי? התם - טלטול, הכא - מלאכה!""]",Shabbat 116b,
"שם קיז ע""א:","['אלא אמר מר בר רב אשי: לעולם כדאמרינן מעיקרא, ודקא קשיא לך הכא טלטול והכא מלאכה - כגון דלא קבעי ליה לעור. - והא אביי ורבא דאמרי תרוייהו: מודה רבי שמעון בפסיק רישיה ולא ימות! - דשקיל ליה בברזי.']",Shabbat 117a,
"רש""י שם ד""ה 'ודקשיא לך':","[""ודקשיא לך כו' דלא בעי ליה לעור - אינו צריך לו לעור, ואינו מתכוין להפשיט משום עור, ולא דמי להפשט אילים ותחשים דמשכן.""]",,Rashi on Shabbat 117a:2:8
"רש""י שם ד""ה 'דשקיל':","['דשקיל ליה בברזי - בחתיכות דקות, מפשיט וחותך, דאין דרך הפשטה בכך, ולאו מלאכה הוא אלא שבות.']",,Rashi on Shabbat 117a:2:8
"חידושי המאירי שם קטז ע""ב ד""ה 'ומסקנא כמו' ['לענין ביאור']:",['ושמא תאמר ומה ענין פסיק רישיה בדבר המתכוין ואין כאן אלא טעם מלאכה שאין צריכה לגופה אף הוא כך דעתו לומר והלא אף כשאין מתכוין שמותר בפסיק רישיה מיהא אסור ואף בזו על כרחך אף הוא עושה לצורך גופו שהרי בודאי צריך הוא לעורו.'],,
"ערוך השולחן או""ח שכא, כו:","['המפשיט את העור הוי אב מלאכה והיה במשכן שהפשיטו עורות אלים מאדמים ועורות התחשים ושיעורו שאם הפשיט כדי לעשות קמיע חייב ותולדתו המפרק דוכסוסטוס מעל הקלף (רמב""ם פי""א הל\' ו). ויראה לי דגם הפשטת עור עוף ועור דג הוי אב מלאכה, דלהדיא אמרינן בשבת (קח ע""א) שיש להן עורות, ואין לומר דלפ""ז אחר הבישול ג""כ יהא אסור לפשוט העור מאליהם ולאוכלה, וזהו מעשים בכל יום שבעת האכילה מי שאוהב העור פושטה מעט מעט ואוכלה, די""ל דבעת אכילה לא שייכא הפשטה כמו מלאכת הברירה שאינה בעת האכילה, דקיי""ל בורר אוכל ואוכל בסימן שיט, וה""נ בהפשטה. ועוד, דלאחר בישול הוויין כבשר, אבל קודם בישול נ""ל דאפילו באלו שעורותיהן כבשרן לענין טומאה מ""מ לענין הפשטה בשבת הוה אב מלאכה.']","Arukh HaShulchan, Orach Chaim 321:26",
"הלכות שבת בשבת ג, נב הערה 10:","['ואינו מובן הדמיון, דבבורר הפעולה היא באוכל שמתקנו במה שמוציא ממנו הפסולת ולכן בעת האכילה אין זה בורר אלא דרך אכילה, אבל במפשיט המלאכה היא בעור המופשט ולא בבשר המופשט, וא""כ מה יושיע לו שעת האכילה כיון דהעור שבו נעשית המלאכה אינו נאכל, וצ""ע.']",,
"שבת עה ע""ב:",['והמולחו והמעבדו. היינו מולח והיינו מעבד! רבי יוחנן וריש לקיש דאמרי תרוייהו: אפיק חד מינייהו ועייל שירטוט.'],Shabbat 75b,
"רש""י שם ד""ה 'היינו מולח':",['היינו מולח היינו מעבד - אטו מליחה לאו צורך עיבוד הוא?'],Rashi on Shabbat 75b:2:1,
"פירוש המשניות לרמב""ם שבת ז, ב:","['וענין העבוד הוא חזוק הדברים הרכים כדי שלא ימהרו להתקלקל. והבן ענין זה והתבונן בו תמיד כשתראה מלאכה מן המלאכות שתדע תולדת איזה אב היא, ולא תתחלף לך מלאכה שהיא כאב מן האבות בתולדה כמו שביארתי לך. ואמרו המולחו והמעבדו, אינן שתי מלאכות, לפי שמליחת העור היא מין ממיני העבוד, והזכירו להשמיעך שהמליחה עבוד היא.']","Mishneh Torah, Sabbath 7:2",
מנחת חינוך מצווה לב (מוסך השבת) אות לא:,"['המעבד – לשון הר""מ פי""א ה""ה, המעבד מן העור כדי לעשות קמיע חייב, ואחד המולח ואחד המעבד שהמליחה מן עיבוד היא. ואח""ז בהל\' ו כתב, הדורס על העור ברגלו עד שיתקשה או המרככו בידו ומושכו ומשוה אותו וכו\', הרי זה תולדת מעבד וחייב, ע""כ. ובפרק כלל גדול עה ע""ב דאמרינן שם היינו מולח והיינו מעבד, ופירש""י אטו מליחה לאו צורך עיבוד הוא, וכוונתו אף דבמלח לבד אינו מתעבד מ""מ כיון דצורך [עיבוד] הוא הוי מעבד.']",,Minchat Chinuch 32
"שבת עה ע""ב:","['אמר רבה בר רב הונא: האי מאן דמלח בישרא - חייב משום מעבד. רבא אמר: אין עיבוד באוכלין. אמר רב אשי: ואפילו רבה בר רב הונא לא אמר אלא דקא בעי ליה לאורחא, אבל לביתא - לא משוי איניש מיכליה עץ.']",Shabbat 75b,
"מגן אברהם או""ח שכא ס""ק ז:","['בשר או דג חי אסור למלחו בשבת כדי שלא יסריח עיין סוף סי\' תק דמשמע אפילו במקום הפסד אסור (ב""י בשם ש""ל ע""ש) והתוס\' והרא""ש בחולין דף יד כתבו דאפילו רוצה לאוכלו כך חי אסור למלחו ואף על גב דאין עיבוד באוכלין כמ""ש סוף סי\' תק, מ""מ אסור דמיחזי כעיבוד וכ""כ הר""ן בחולין, לפי שהמלח מכשיר האוכל ומתקנו כדאמרי\' גבי פוגלא, וכ""ש דאיכא למיסר מליחת בשר חי דהא מתקן ליה, וכ""ש אי אסרת ליה בלא מליחה דהוי תיקון טפי (ועמ""ש רסי\' שיד), עכ""ל. וכ""כ הרשב""א בית ג ש""ג וע""ש שכתבו דמולח בשר להצניעו לדרך חייב חטאת, וצ""ע דבגמרא משמע דהלכה כרבא דפטור דבתרא הוא וכ""פ הרמב""ם פי""א.']",Magen Avraham 321:7,
"רמב""ם הלכות שבת יא, ה:","['המפשיט מן העור כדי לעשות קמיע חייב, וכן המעבד מן העור כדי לעשות קמיע חייב, ואחד המעבד ואחד המולח, שהמליחה מין עיבוד היא ואין עיבוד באוכלין. וכן המוחק מן העור כדי לעשות קמיע חייב. ואיזה הוא מוחק, זה המעביר שיער או הצמר מעל העור אחר מיתה עד שיחליק פני העור.']","Mishneh Torah, Sabbath 11:5",
"מגיד משנה שם ד""ה 'המפשיט'.","['המפשיט מן העור לעשות קמיע חייב וכו\' – משנה פ\' המוציא (שם עח ע""ב), עור כדי לעשות קמיע. ובגמרא (שם עט) לעבדו בכמה לא שנא, והסוגיא מוכחת שהוא הדין בהפשטתו וכל המלאכות הנעשות בעור כך שיעורן כשם שהמלאכות הנעשות בצמר יש להם שיעור אחד.']",,
"תוספות יום טוב שבת ז, ב ד""ה 'המולחו':","['המולחו – פירש הר""ב עייל שרטוט וכו\', וכתב הרמב""ם [וזכר המולחו ללמדך כי המליחה עבוד והשלים מנין הל""ט במלאכת השרטוט] ופשע התנא בזכירתה בשעת הכתיבה ושם אותה מעניני הכותב.']",,
"רש""י שבת עה ע""ב ד""ה 'ועייל שרטוט':","['ועייל שירטוט - לפי שדרך הרצענין כשהוא בא לחתכו משרטטו תחלה כפי מה שהוא רוצה להאריך ולהרחיב ולקצר החיתוך, ואחר כך מעביר הסכין דרך השירטוט, וכן בעורות המשכן כשחתכום.']",Rashi on Shabbat 75b:2:2,
"רמב""ם הלכות שבת יא, יז:",['...המשרטט כדי לכתוב שתי אותיות תחת אותו שירטוט חייב. חרשי העצים שמעבירין חוט של סקרא על גבי הקורה כדי שינסור בשוה הרי זה תולדת משרטט...'],"Mishneh Torah, Sabbath 11:17",
"חידושי הרש""ש שבת שם:","['רש""י ד""ה ועייל שירטוט – עיין כה""ד, אבל הרמב""ם בפירושו ובחבורו ספי""א מפרשו כשירטוט דבכל הש""ס, דהיינו שמשרטט לצורך הכתיבה.']",,
"הלכות שבת בשבת ג, נו:","['שרטט ביד שמאל צ""ע אם חייב.', '[הערה 3 שם:] אם דינו ככותב לרמב""ם דהוא כהכנה לכתיבה אם כן דמי לכותב... אך לרש""י לאו משום כותב הוא כלל שהוא לצורך החיתוך ונראה דכיון דהשרטוט צריך שיהא כשר בצמצום... פטור דאי אפשר לכוין הקו בשמאלו שדרך מלאכה זו בדקדוק רב.']",,
"רש""י שבת עג ע""א ד""ה 'ממחקו':",['ממחקו - מגרר שערו.'],Rashi on Shabbat 73a:8:3,
"שבת עה ע""ב:","['והממחקו והמחתכו. אמר רבי אחא בר חנינא: השף בין העמודים בשבת - חייב משום ממחק. אמר רבי חייא בר אבא: שלשה דברים סח לי רב אשי משמיה דרבי יהושע בן לוי: המגרר ראשי כלונסות בשבת - חייב משום מחתך, הממרח רטיה בשבת - חייב משום ממחק.']",Shabbat 75b,
"רש""י שם ד""ה 'השף':","['השף בין העמודים - כגון עמודי אכסדראות שעשוים חלונות חלונות, ונסמכין בחלונות בין עמוד לעמוד, והשף שם בקרקעית הבנין שנשענין עליו כדי שיהא חלק - חייב משום ממחק.']",,Rashi on Shabbat 75b:6:5
"מגן אברהם או""ח תקיד ס""ק ו:","['אסור לחמם נר של שעוה לדבקו במנורה משום דהוי ממרח כמ""ש סי\' שיד, וכתוב בספר הזכרונות דאסור ליגע בשעוה שמא ימרח.']",Magen Avraham 514:6,
"הלכות שבת בשבת ג, נד, הערה 35:","['מעשה רוקח על הרמב""ם פכ""ב הי""ג דסבון הוי ממרח... עי\' דע""ת למהרש""ם שם דבמה שמבליע אותו בגוף אין בו משום ממחק.']",,
"שבת עד ע""ב:",['אמר רב מנשה: האי מאן דסלית סילתי - חייב משום טוחן. אמר רב אשי: אי קפיד אמשחתא - חייב משום מחתך.'],Shabbat 74b,
"רש""י שם עג ע""א ד""ה 'מחתכו':",['מחתכו - מקצעו ומחתכו לרצועות וסנדלים.'],,Rashi on Shabbat 73a:8:4
"פירוש המשניות לרמב""ם שבת ז, ב:","['והמחתכו, המחתך את העור לפי מדה.']","Mishneh Torah, Sabbath 7:2",
"חידושי המאירי שבת עד ע""ב, ד""ה 'המחתך':",['ואם הוא קפיד על מדתו כגון שהיה צריך למדת טפח וזה העץ עבה או ארוך יותר מטפח וממעטו כדי להתקינו לצורכו חייב משום מחתך האמור בעור.'],,
"הלכות שבת בשבת ג, נה הערה 10:","['דהרי הרמב""ם סיים וכתב אבל אם יחתך בלא כונה למדתו אלא כמתעסק פטור הרי דלא פטר רק אם חתך כמתעסק ולא באופן שלא כיון למדה בצמצום... לא נזכר שצריך חיתוך בקפידא דוקא ואף אם מעט יותר או פחות סגי ליה חייב.']",,
הלכות שבת בשבת שם סעיף ז:,"['כשאינו גומר החיתוך- אין חיוב מחתך אא""כ גומר החיתוך"" והערה 14 שם ""דמחתך היינו מלאכת תיקון הכלי.']",,
"שבת קג ע""א, המשנה השנייה (פי""ב מ""ג):","['הכותב שתי אותיות, בין בימינו בין בשמאלו, בין משם אחד בין משתי שמות, בין משתי סמניות, בכל לשון - חייב. אמר רבי יוסי: לא חייבו שתי אותיות אלא משום רושם, שכך כותבין על קרשי המשכן, לידע איזו בן זוגו. אמר רבי יהודה: מצינו שם קטן משם גדול; שם משמעון ומשמואל, נח מנחור, דן מדניאל, גד מגדיאל.']",Shabbat 103a,
"רש""י שם ד""ה 'משום רושם':","[""משום רושם - סימן, שהיו עושים בקרשי המשכן, מפני שמפרקין אותו, ולכשיקימוהו לא יחלפו סדר הקרשים, ואתא ר' יוסי למימר דאפילו לא כתב, אלא רשם שני רשימות בעלמא לסימן - חייב.""]",Rashi on Shabbat 103a:8:5,
"מי טל, כותב, א, יט:","[""ונראה לומר בזה דהנה ביסוד פלוגתת ר' יוסי וחכמים, אם רושם לסימן בעלמא חייב, נראה דפליגי ביסוד מלאכת כותב, דלדעת חכמים יסוד מלאכת כותב הוא עצם מעשה כתיבת האותיות לבד... ולדעת ר' יוסי... לא משום עצם כתיבת האותיות אלא משום מעשה התחדשות הך תוכן הענין הכלול בהני אותיות שכותב.""]",,
"שבת קג ע""א:","['בשלמא אימין ליחייב - משום דדרך כתיבה בכך, אלא אשמאל אמאי? הא אין דרך כתיבה בכך! אמר רבי ירמיה: באטר יד שנו. ותהוי שמאל דידיה כימין דכולי עלמא, ואשמאל - ליחייב, אימין - לא ליחייב! אלא אמר אביי: בשולט בשתי ידיו. רב יעקב בריה דבת יעקב אמר: הא מני - רבי יוסי היא, דאמר: לא חייבו שתי אותיות אלא משום רושם. והא מדסיפא רבי יוסי היא, רישא לאו רבי יוסי! - כולה רבי יוסי היא.']",Shabbat 103a,
"רש""י שם ד""ה 'בכל לשון':","['בכל לשון - של כל כתבים, וגופן של כל אומה ואומה.']",Rashi on Shabbat 103a:8:4,
אור זרוע סימן עו:,"[""והר' יואל בר יצחק הלוי מבון פי' שכתב כומרים או שאר כתבים לבד מאשורית ויונית אם כתבו ישראל בשבת פטור מן התורה דאינה כתיבה ואינה חשובה מלאכה.""]",,
"הלכות שבת בשבת ג, נח, סעיף ד:","['מוחק שלא ע""מ לכתוב.. ואין כונתו לקלקל כגון שמוחק דבר שאינו נכון... י""א דהואיל ותיקן במחיקתו חייב וי""א שאין החיוב אלא ע""מ לכתוב כמו במשכן.']",,
שם סעיף ה:,"['מחיקה בשמאל... י""א שפטור כמו בכותב בשמאל וי""א שחייב כמו בשאר מלאכות בשמאל כיון שא""צ אומנות לזה כמו בכתיבה.']",,
"רמב""ם הלכות שבת י, יג:","['העושה אהל קבוע הרי זה תולדת בונה וחייב, וכן העושה כלי אדמה כגון תנור וחבית קודם שישרפו הרי זה תולדת בונה וחייב, וכן המגבן את הגבינה הרי זה תולדת בונה, ואינו חייב עד שיגבן כגרוגרת, המכניס יד הקרדום בתוך העין שלו הרי זה תולדת בונה וכן כל כיוצא בו, וכן התוקע עץ בעץ בין שתקע במסמר בין שתקע בעץ עצמו עד שנתאחד הרי זה תולדת בונה וחייב.']","Mishneh Torah, Sabbath 10:13",
"נשמת אדם צג, א:","['ונ""ל ע""פ מה שכתב המ""א בסימן שמ דמגבן חייב משום בונה היינו במכוין לייפותו ולהשוותו... וא""כ הא תינח כשעושה גבינה ומשוה אותו לבעל תמונה עגול או ארוך דבזה שייך בנין אבל כשנותן לתוכו דבר שיתקבץ רק החלב ויתייבש מעט דזהו משום בורר.']",,
"שבת עד ע""ב:",['אמר רבא: האי מאן דעבד חביתא - חייב משום שבע חטאות.'],Shabbat 74b,
"רש""י שם ד""ה 'שבע חטאות':","['שבע חטאות - טוחן הרגבים ושוחקן הדק - הוי טוחן, ובורר הצרורות הגסות מתוכן - הרי שתים, ומרקידן בנפה ומגבל הטיט - דהיינו לש, וממרח הטיט כשעושה הגולם שיהא חלק - הרי ממחק, ומבעיר את האור בכבשן ומצרפו בתוכו - הרי מבשל, חיובא דחופר ליכא, דאינו צריך אלא לעפרה.']",,Rashi on Shabbat 74b:5:2
"הגהות מיימוניות על הרמב""ם שם:","['ודלא כרש""י שפירש התם האי מאן דעביד חביתא חייב ז\' חטאות תנורא ח\', אבל משום בנין אינו חייב דאין בנין בכלים, ובהבונה נמי גרסי\' האי מאן דעייל שופתא בקופינא דמרא רב אמר חייב משום בונה, וכ""פ התוס\' וכן ס""ה, ודלא כרא""מ שכתב דלא אמר רב הכי לחייבו משום בונה דאין בנין בכלים ואין סתירה בכלים...']",,
"אבן האזל על הרמב""ם שם הלכה יז (בפסקה 'והנה הרמב""ם' [הראשונה]):","['והענין שאע""פ שאמרו אין בנין בכלים זהו בכלים שנתפרקו להחזירן... אבל העושה כלי מתחלתו אין לך בנין גדול מזה ואין נקרא זה בנין בכלים שהרי אינו כלי אלא עושה כלי.']",,
ובהמשך שם (בפסקה 'ועכשיו מיושב' בסופה) – מהפך:,"['מחבר דבר אל דבר ועושהו גוף אחד ובזה אמרינן יש בנין בכלים כמו שכתבנו. אבל מנפח בכלי זכוכית דלא הוי מחבר ולא מקבץ, אלא שבהנפוח עושה הכלי, אף שעושה כלי מחדש מ""מ לא חייב משום בונה כמו שבארנו דגם עשה כלי מחדש ליכא תורת בנין.']",,
"רמב""ם הלכות שבת י, טו:","['הסותר כל שהוא חייב, והוא שיסתור על מנת לבנות, אבל אם סתר דרך השחתה פטור, הסותר אהל קבוע או שפרק עץ תקוע הרי זה תולדת סותר וחייב והוא שיתכוין לתקן.']","Mishneh Torah, Sabbath 10:15",
מנחת חינוך מצווה לב (מוסך השבת) אות כו:,"['הסותר – לשון הר""מ פ""י הט""ו, הסותר כל שהוא חייב והיא שיסתור על מנת לבנות, ע""כ. הכלל, כל שמחייב משום בונה, הסותר דבר זה חייב משום סותר. ונראה פשוט דלאו דוקא על מנת לבנות, אלא העיקר שלא יהיה דרך השחתה שהוא מקלקל, כמבואר לפני זה בהל\' י גבי הקורע על מנת לתפור והוא הדין הקורע בחמתו חייב, וכן נראה מסוף דבריו שכתב סתם והוא שיתכוין לתקן, היינו איזה תיקון שיהיה.']",,Minchat Chinuch 32
"שבת עג ע""ב:","['אמר רבא: היתה לו גומא וטממה בבית - חייב משום בונה, בשדה - משום חורש. אמר רבי אבא: החופר גומא בשבת ואינו צריך אלא לעפרה - פטור עליה. ואפילו לרבי יהודה דאמר מלאכה שאינה צריכה לגופה חייב עליה הני מילי - מתקן, האי - מקלקל הוא.']",Shabbat 73b,
"רש""י שם ד""ה 'פטור עליה':",['פטור עליה - ואין כאן משום בנין בבית דקלקול הוא ולזריעה נמי לא חזיא אבל אם היה צריך לה חייב משום בונה.'],Rashi on Shabbat 73b:6:2,
"רמב""ם הלכות שבת א, יז:","['כל המקלקלין פטורין. כיצד, הרי שחבל בחבירו או בבהמה דרך השחתה וכן אם קרע בגדים או שרפן או שבר כלים דרך השחתה, הרי זה פטור. חפר גומה ואינו צריך אלא לעפרה, הרי זה מקלקל ופטור. אף על פי שעשה מלאכה, הואיל וכוונתו לקלקל, פטור.']","Mishneh Torah, Sabbath 1:17",
"מי טל, סותר, ג, כ:","['דחופר גומא ואין צריך אלא לעפרה פטור משום דהוי מקלקל אע""פ שעשה מלאכה אין כוונתו למלאכת בונה אלא כוונתו בהאי עשה מלאכה שעשה מלאכת סותר בהאי חפירת הגומא ופטור על זה כיון שהוי סותר בדרך קלקול.']",,
"תוספות יום טוב שבת ז, ב ד""ה 'המכבה והמבעיר':","['המכבה והמבעיר – הכא לא קשיא דליתני מבעיר ברישא דשאני לעיל בחורש וזורע דלעיל כל סדורא דפת נקט כסדר חוץ מחורש כ""כ התוס\' (ולי אכתי קשה דהא בכל אינך בסידורי בגד ועור שמר ג""כ התנא הסדר ואף בכתיבה ובבנין נקט העשייה קודם הסתירה. ולכן נראה בעיני דמשום כך איחר הבערה לומר שבהבערה איכא מאן דס""ל שאין בה חיוב חטאת שאינה אלא בלאו והוא רבי יוסי שאמר הבערה ללאו יצאת בפסוק לא תבערו אש וגו\' כדאיתא בסוגיא [דף ע]).']",,
"עץ החיים (ר""י חאגיז), מלאכת המכבה והמבעיר, ה:","['ולי הצעיר נראה דבכולהו נקט המתקן ברישא הבונה והסותר וכו\' ומשום דמבעיר הוי מקלקל... והמבעיר ע""מ לכבות לעשות פחמים או תיקון אחר כגון בישל סמנין ולא מבעיר להשחתה.']",,
"תוספות שבת צד ע""א ד""ה 'רבי שמעון':",['במקלקלים כגון מכבה וסותר וקורע מסתברא דצריך שיהא על מנת לתקן כמו במשכן.'],,Tosafot on Shabbat 94a
"רש""ר הירש שמות לה, ג:","['לא תבערו אש וגו\' – הבערת אש אינה לכאורה פעולה יוצרת אלא פעולה הרסנית. מאידך, דווקא הוצאת האש המלאכותית היא הכוח המביא ומבטיח לאדם את שלטונו האמיתי על העולם הגשמי. רק על ידי האש עושה לו האדם את כלי מלאכתו וחודר אל תוך תוכם של החומרים, מפרידם ומעצבם. לפיכך אנחנו מבינים, מדוע הוציא הכתוב את ההבערה, כסוג של מלאכה, מכל שאר אבות המלאכות. לפי דעת אחת (שבת ע ע""א) ""הבערה ללאו יצאת"", כלומר הבערה אינה אלא ""לאו"", ואינה כלולה בין שאר המלאכות שלפי דברי הפסוק הקודם עונשם מיתה. לפי דעה אחרת (שם), שנתקבלה להלכה, ""הבערה לחלק יצאת"", כלומר הבערה היא דוגמה לכל שאר המלאכות.']",,
"שו""ת אבני נזר או""ח סימן רלח, א:","['כתב הרב מלאדי בשלחן ערוך שלו סימן תצה בקונטרס אחרון וזה לשונו: הנה אף על פי והמבעיר אינו חייב אלא אם כן צריך לאפר, אף על פי כן עיקר החיוב אינו משום שריפת וכליון העצים אלא משום ריבוי האש. ומילתא דפשיטא למרן זצללה""ה מיבעיא לי... ויש להביא ראי\' דעיקר הבערה כילוי הדבר... וכן נראה לי שהמלאכה בשמן המתבער.']",,
"מי טל, מבעיר, ו:","['הנה יש להסתפק היכא שישנו אש גדולה והאדם עושה מעשה הגורמת להקטין האש ועי""ז יהי\' האש דולק זמן מרובה יותר... והאדם לוקח ומפריד העצים מהמדורה וכוונתו כדי שעי""ז יתקטן האש ולא יבער במהירות כ""כ... והנראה לומר בזה דדבר זה תלוי ביסוד החקירה במלאכת הבערה אם חיובה משום מעשה התחדשות האש או משום מעשה ביטול מציאות דבר הנשרף דאם נאמר דחיוב הבערה הוא משום ביטול וכליון העצים שנעשה ע""י האש הנה לפי זה נראה בפשטות דבנדו""ד ליכא משום הבערה [דאורייתא] דאף שגרם שיהי\' האש דולק יותר זמן אבל מ""מ הרי לא הוסיף על ידי זה שום כליון וביטול העצים יותר... משא""כ אם נאמר דחיובה דמלאכת הבערה... הוא משום מעשה התחדשות האש שנתחדש ונתוסף ע""י ההבערה... דהרי ע""י מעשה האדם... גורם שיהיה האש דולק יותר זמן.']",,
"מי טל, מכבה, ג:",['יש לעיין היכא דישנו נר הדולק ובו פתילה אחת והאדם מוסיף בהנה עוד פתילות כדי להגדיל האש ועל ידי זה יהיה נשרף השמן שבנר יותר במהירות וכוונתו בזה כדי שהנר יכבה יותר במהירות.'],,
"תוספות יום טוב שבת ז, ב ד""ה 'והמכה בפטיש':","['והמכה בפטיש – פירש הר""ב שכן אומן מכה בסדן בשעת גמר מלאכה וכו\'. וכן פירש רש""י, וכתב הר""ן ולא מיחוור דהא בפ\' הבונה (דף ע) תנן המסתת והמכה בפטיש ועלה קתני סיפא [רשב""ג אומר] אף המכה בקורנס על הסדן בשעת גמר מלאכה אלמא דלאו היינו המכה בפטיש אלא עיקרן של דברים כפירוש רבינו חננאל ז""ל שפי\' וכו\' עכ""ל ולפירש""י והר""ב דבריש פרק יב ומ""ש שם בשם התוס\' נמי ניחא.']",,
"מי טל, מכה בפטיש, ב:","['שנתבאר בדברינו שישנם ב\' דינים במכה בפטיש. הא\' מכה בפטיש דהוי גמר מלאכה בהנפעל בהחפצא דהכלי וכיו""ב... והב\' דין מכה בפטיש שלא נפעל כלום בהעולם [היינו בדפוס] אבל יסודו רק דין גמר מלאכה בנוגע להגברא לבד והיינו דכיון שהדרך הוא לעשות כך לראות היאך נזדמנה תכלית פעולתו.']",,
"שבת עה ע""ב:","['אמר רבי שמעון בן לקיש: הצר צורה בכלי, והמנפח בכלי זכוכית - חייב משום מכה בפטיש.']",Shabbat 75b,
"מי טל, מכה בפטיש, כב:","['והיינו דאזלי בזה לשיטתייהו דרבינו חננאל ז""ל ס""ל דיסוד החיוב בניפוח הראשון שנעשה כלי עי""ז הוא משום מלאכת בונה כיון שזה הוי עיקר בנין הכלי ובע""כ דהגמרא דמחייב לה משום מכה בפטיש מיירי מניפוח האחרון אחר שנעשה כלי ולכן פירש דיסוד חיובו משום חלות שם גמר מלאכה דבזה. משא""כ הגאון ז""ל ורבינו האי גאון ז""ל דס""ל שאין חיוב בונה על עשיית הכלי אלא הרי זה נכלל בהתולדה דמכה בפטיש כיון שדומה להאב בהך פעולה דלמתח ולהמשך הכלי ולכן שפיר פירשו דהוי גם בניפוח הראשון יסוד חיובו לא משום שם גמר מלאכה אלא משום שדומה להאב בעצם הפעולה.']",,
"שבת ב ע""א, המשנה (פ""א מ""א):","['יציאות השבת שתים שהן ארבע בפנים ושתים שהן ארבע בחוץ, כיצד: העני עומד בחוץ ובעל הבית בפנים, פשט העני את ידו לפנים ונתן לתוך ידו של בעל הבית, או שנטל מתוכה והוציא - העני חייב ובעל הבית פטור. פשט בעל הבית את ידו לחוץ ונתן לתוך ידו של עני, או שנטל מתוכה והכניס - בעל הבית חייב והעני פטור. פשט העני את ידו לפנים ונטל בעל הבית מתוכה, או שנתן לתוכה והוציא - שניהם פטורין. פשט בעל הבית את ידו לחוץ ונטל העני מתוכה, או שנתן לתוכה והכניס - שניהם פטורין.']",Shabbat 2a,
"שם צו ע""ב:","[""הוצאה גופה היכא כתיבא? אמר רבי יוחנן: דאמר קרא ויצו משה ויעבירו קול במחנה. משה היכן הוה יתיב - במחנה לויה, ומחנה לויה רשות הרבים הואי, וקאמר להו לישראל: לא תפיקו ותיתו מרשות היחיד דידכו לרשות הרבים. וממאי דבשבת קאי, דילמא בחול קאי, ומשום דשלימא לה מלאכה? כדכתיב והמלאכה היתה דים וגו'. גמר העברה העברה מיום הכפורים. כתיב הכא ויעבירו קול במחנה וכתיב התם והעברת שופר תרועה, מה להלן - ביום אסור, אף כאן - ביום אסור. אשכחן הוצאה, הכנסה מנלן? סברא היא, מכדי מרשות לרשות הוא, מה לי אפוקי ומה לי עיולי? מיהו, הוצאה - אב, הכנסה - תולדה.""]",Shabbat 96b,
"ירושלמי שבת פ""א ה""א:","['אמר רבי יוסי: עני ועשיר אחד הן ומנו אותן חכמים שנים, הכנסה והוצאה אחד הן ומנו אותן חכמים שנים.']",Jerusalem Talmud Shabbat 1:1,
"יפה עינים שבת צו ע""ב ד""ה 'הכנסה מנלן':","['ועי\' רשב""א ריש שבת דכתב דר""פ דאמר האי תנא הכנסה הוצאה קרי לה ס""ל דהכנסה ג""כ הוי אב כהירושלמי, ורבא דאמר רשויות קתני ס""ל כסוגי\' דר""פ הזורק דהכנסה תולדה. ובחדושי כתבתי דהירושלמי לשיטתו דס""ל תחומין י""ב מיל מן התורה, א""כ קרא דאל יצא לתחומין אתי, ואין כאן קרא מיותר להוכיח מזה דהוצאה מלאכה גרוע היא ע""כ שמעינן מקרא דהוצאה גם הכנסה, משא""כ להבבלי.']",,
"תוספות שבת ב ע""א ד""ה 'פשט':","['פשט בעה""ב את ידו כו\' - תימה לר""י אמאי צריך למתני תרתי דעני ודבעה""ב וכן בריש שבועות דמפרש בגמרא (דף ג ע""א ושם) שתים דעני ודבעל הבית מה שייך לקרותו שתים מה לי עני מה לי עשיר ונראה לר""י דאיצטריך לאשמעי\' משום דהוצאה מלאכה גרועה היא דמה לי מוציא מרה""י לרה""ר מה לי מוציא מרה""י לרה""י ולא הוה גמרינן הוצאה דעני מבעה""ב ולא בעה""ב מעני.']",Tosafot on Shabbat 2a:4:1,
"חידושי הרשב""א שם ד""ה 'וכי תימא':","['וכי תימא קרא נמי למאי פלגינהו, איכא למימר משום שהיא מלאכה גרועה שאילו פינה מזוית לזוית משא גדול פטור והוציא קצת מיניה מרשות לרשות חייב, מה שאין כן בשאר כל המלאכות שאינן אסורות אלא מצד עצמן באיזה רשות שתעשה, והיינו נמי דלא גמרינן לה ממשכן כדגמרינן כולהו שאר מלאכות.']",,
אור זרוע סימן פב:,"['דמלאכה שאינה חשובה [היא], דמה מלאכה עשה, שהוציא מרשות מעיקר חפץ והשתא נמי חפץ.']",,
"רש""ר הירש לשמות לה, ב:","['רק האחרונה מבין ל""ט מלאכות, ההוצאה מרשות לרשות, מרשות היחיד לרשות הרבים ולהיפך, וכן המעביר ד\' אמות ברשות הרבים, ""מלאכה גרועה"" היא וקשה לכלול אותה במושג המלאכות היצרניות. מלאכה זו לא היתה נלמדת ממלאכת המשכן, אלמלא נדרשה בדרשה מיוחדת, ולא רק לגבי סוג - המלאכה בכללו, אלא גם לגבי התולדות הנגררות אחריו (עי\' תוספות שבת ב ע""א ד""ה פשט). אף על פי כן, דווקא מלאכה זו, שהיא ""גרועה"" כל כך בחיצוניותה הממשית, רבה חשיבותה עד כדי כך, שירמיהו הנביא, כאשר נצטווה בימי אחרית המדינה היהודית לבשר על דבר ישועתה, אף פריחתה ושגשוגה, בזכות שמירת השבת – תבע, מלבד השמירה הכללית של מצוות השבת, לשמור במיוחד על איסור ההוצאה. ""כה אמר ה\' אלי"", נאמר שם יז, יט ואילך, ""הלך ועמדת בשער בני העם אשר יבאו בו מלכי יהודה ואשר יצאו בו ובכל שערי ירושלם. ואמרת אליהם: שמעו דבר ה\' מלכי יהודה וכל יהודה וכל ישבי ירושלם הבאים בשערים האלה. כה אמר ה\': השמרו בנפשותיכם ואל תשאו משא ביום השבת והבאתם בשערי ירושלם. ולא - תוציאו משא מבתיכם ביום השבת וכל מלאכה לא תעשו וקדשתם את יום השבת כאשר צויתי את אבותיכם. ולא שמעו ולא הטו את אזנם ויקשו את ערפם לבלתי שמֹע ולבלתי קחת מוסר. והיה אם שמע תשמעון אלי נאם ה\' לבלתי הביא משא בשערי העיר הזאת ביום השבת ולקדש את יום השבת לבלתי עשות בו כל מלאכה, ובאו בשערי העיר הזאת מלכים ושרים ישבים על כסא דוד רכבים ברכב ובסוסים המה ושריהם איש יהודה וישבי ירושלם ומארץ בנימין ומן השפלה ומן ההר ומן הנגב מבאים עלה וזבח ומנחה ולבונה ומבאי תודה בית ה\'. ואם לא תשמעו אלי לקדש את יום השבת ולבלתי שאת משא ובא בשערי ירושלם ביום השבת, והצתי אש בשעריה ואכלה ארמנות ירושלם ולא תכבה"".', 'העתקנו כאן את כל דברי הנביא כדי להמחיש את המשקל הגדול שהנביא משווה לאיסור ההוצאה בשבת, ובמיוחד כדי שניווכח שאיסור הוצאה נראה כאן לא כחלק בלתי נפרד מאיסור מלאכה, כי אם כמושג העומד בצידו של איסור מלאכה הכולל. שמירת השבת מקיפה לדברי הנביא איסור הוצאה ואיסור מלאכה: ""ולא תוציאו משא מבתיכם... וכל מלאכה לא תעשו"" (פסוק כב). אם נבקש את המושג הכולל את כל שאר המלאכות, הרי כולן מציינות את מעמד השליט של האדם כלפי הדברים שבעולם הגשמי. ואילו עניין ההוצאה הוא אך ורק בתחום החברתי. דומה שאין לתאר את מלוא חיי המדינה תאור שלם יותר מאשר זה: יחס היחיד אל כלל החברה, יחס כלל החברה אל היחיד, כלומר תרומת היחיד לטובת הכלל ותרומת הכלל לטובת היחיד, ולבסוף קידום ענייני החברה בתחום החברה. הרי אלה יחסים הבאים לידי ביטוי קולע בהוצאה ובהכנסה מרשות הרבים לרשות היחיד ומרשות היחיד לרשות הרבים, ובהעברה ד\' אמות ברשות הרבים. לפיכך, אם איסור שאר מלאכות משעבד את האדם לה\' במעמדו בעולם הגשמי, הרי נראה שאיסור הוצאה מבטא את שיעבודו של האדם לה\' במעמדו בעולם החברתי.']",,
"שו""ת אבני נזר או""ח סימן קפט, ז:","[""דשניא מלאכת צידה משאר מלאכות שיש בהן שינוי בדבר שנעשה בו המלאכה ואפי' הוצאה מרשות לרשות נשתנה במה שהוא ברשות אחר אבל צידה אין שום שינוי בגוף החי' רק אצל האדם שנעשה ברשותו.""]",,
"דברות משה, שבת, סימן א, ענפים ב–ד:","['(ב) והנכון לע""ד דהנה יש לרש במלאכה דהוצאה בשני דרכים או דהחיוב הוא על עצם המשא שנושא חפץ ממקום למקום הוא המלאכה ומה שהחיוב הוא דוקא מרה""י לרה""ר ואיפכא הוא מטעם שכל המלאכות נידונים בחשיבות מלאכה על מה שיצא ונעשה איזה ענין ממעשיו ולא החשיבה תורה שנעשה בהחפץ ענין משא... ולהאדם הנושאו יש צורך דוקא למקום זה שהביאו ולא במקום שהיה מונח...והנה אם נימא כדרך א\' דעצם המשא הוא המלאכה לענין הרשויות הוא משום שבל""ז אין להחשיב שנעשה ענין משא בהחפץ הוא ודאי ענין מלאכה...', 'ואם נימא כדרך הב\' דהמשא בעצמה אינה המלאכה אלא הנטילה מרה""י והנחתו ברה""ר היא המלאכה, אין הוצאה כמו כל מלאכות דהרי המעשה הפשוטה שעושה אינו מעשה מלאכה כלל, אך שמ""מ כיון שיצא מזה שנטל והניח שהחפץ שהיה ברה""י הוא עתה ברה""ר אף שלא היה על מעשיו שעשה חשיבות מלאכה נמי הוא בחיוב מלאכה כיון שהוא עכ""פ עשה שיהיה החפץ עתה ברה""ר שונה מלאכת הוצאה מכל המלאכות...', 'ונראה דג""כ תלוי בב\' דרכים דלדרך הא\' שבעצם הוא מלאכה ככל המלאכות דנשיאת משא הוא מלאכה ומה שהוא דוקא מרשות לרשות הוא משום דלא נחשב שנעשה מלאכת משא בהחפץ כשהוא באותו הרשות, הרי אין זה אלא חדוש... אבל אם זה טעם להחשיב מחמת זה גריעותא בחשיבות המלאכה...', 'ולדרך הב\' הוי החדוש זה עצמו דאיכא גם ענין כזה החשיבות מלאכה אף שעל מלאכה הפשוטה ליכא חשיבות מלאכה... דלכן כיון שמשונה מלאכת הוצאה משאר מלאכות שהוא על מה שנעשה, אף בלא חשיבות מלאכה על עצם הפעולה... משום דגרעון ממש לא חזינן מזה כיון שמה שנאסר שהוא מה שהונח ברה""ר דבר שהיה ברה""י לא הוגרע ליפטר באיזה פרט...', '(ג) והנה הכנסה תלוי בשני הדרכים אם הוא נחשב ענין אחד או הוא ענין אחר דלדרך הא\' שהמשא היא המלאכה ורק שלא נעשה עוד המשא בהחפץ כשהוא באותו הרשות הויא הכנסה ממש אותו ענין המלאכה דמשא שנעשה בהוצאה דהרי ג""כ נישא מרשות לרשות...', 'ולדרך הב\' שאין האיסור והחיוב על המשא אלא על מה שנעשה מעשיו שהחפץ שהיה ברה""י הונח ברה""ר הרי אין להחשיב סברא זו ששוה ממש להוצאה דהא אפשר דהקפידא לאיסור ולחיוב הוא רק על מה שיצא מרה""י והונח ברה""ר...', '(ד) והנה החלוק שהיה שייך לומר בין הוצאה דעני ובין הוצאה דבעה""ב...', 'שהוצאת בעה""ב חשובה יותר מלאכה שהרי הוציאו ממנו שלא כדרך החפץ שנוטלין אותו להשתמש בו והוצאת העני שנוטלו לעצמו אינה חשובה כל כך לענין מלאכה אבל אפשר לומר דלענין דרך המלאכה עדיף הוצאה דעני שמוציא לעצמו... אבל הוצאה דבעה""ב גרוע לענין דרך הוצאה מאחר שאינו נושא לעצמו...', 'ולדרך ב\' אין סברא לחלק בין הוצאה דבעה""ב להוצאה דעני לא בעצם המלאכה דהיא בתרוייהו נעשה בשינוי רשויות על החפץ ואם לא מצד שאינו כדרך הוצאה כל כך דלענין מה שנעשה אין טעם לחלק מאחר שעכ""פ נעשה.']",,
"שבת ח ע""ב – ט ע""א:","['אמר מר ובלבד שלא יטול מבעל הבית ונותן לעני, מעני ונותן לבעל הבית, ואם נטל ונתן - שלשתן פטורין. לימא תיהוי תיובתא דרבא, דאמר רבא: המעביר חפץ מתחילת ארבע לסוף ארבע ברשות הרבים, אף על פי שהעבירו דרך עליו - חייב! - התם לא נח, הכא - נח.']",Shabbat 8b-9a,
"רש""י שם ד""ה 'דרך עליו', 'חייב', 'לא נח':","['דרך עליו - שהגביהו למעלה מעשרה, דלא שליט ביה אויר רשות הרבים, והוי מקום פטור.', 'חייב - כי הדר אנחיה, ואף על גב דדרך מקום פטור אזל.', 'לא נח - במקום פטור, והויא ליה עקירה מרשות הרבים והנחה ברשות הרבים.']",,Rashi on Shabbat 8b
"תוספות שם ד""ה 'לימא':","['לכך נראה כפי\' ר""ח דמפ\' שהעבירו דרך עליו שהעבירו לפניו נגד גופו דה""א כיון שהגיע כנגדו הוי כמונח ונמצא שלא העביר ד\' אמות יחד ומשני התם לא נח דאין זה הנחה [דרך עצמו].']",Tosafot on Shabbat 8b:15:1,
"רמב""ם הלכות שבת יב, יד:",['...המעביר חפץ מתחלת ארבע לסוף ארבע ברשות הרבים אף על פי שהעבירו למעלה מראשו חייב.'],"Mishneh Torah, Sabbath 12:14",
"השגת הראב""ד שם:","['א""א אין זה הפירוש נכון למה שאמרו (שבת ט) דרך עליו, אלא כך פירושו: האדם עומד במקומו ונוטל חפץ מצד ימינו ומניחו בצד שמאלו לסוף ארבע אמות, אף על פי שכשהגיע כנגד עצמו הרי הוא כמי שהניחו באמצע, שהוא מקום פטור, כיון שלא הניחו חייב, ואם הניחו או שעכבו בידו שם מעט פטור, כמו שאמרו (שם ח) אדם עומד על האסקופה נוטל מבעה""ב וכו\').']",,
"שבת ו ע""א:","['תנו רבנן, ארבע רשויות לשבת: רשות היחיד, ורשות הרבים, וכרמלית. ומקום פטור. ואיזו היא רשות היחיד - חריץ שהוא עמוק עשרה ורחב ארבעה, וכן גדר שהוא גבוה עשרה ורחב ארבעה - זו היא רשות היחיד גמורה. ואיזו היא רשות הרבים - סרטיא ופלטיא גדולה, ומבואות המפולשין זו היא רשות הרבים גמורה. אין מוציאין מרשות היחיד זו לרשות הרבים זו, ואין מכניסין מרשות הרבים זו לרשות היחיד זו; ואם הוציא והכניס, בשוגג - חייב חטאת, במזיד - ענוש כרת, ונסקל. אבל ים ובקעה ואיסטוונית והכרמלית - אינה לא כרשות הרבים ולא כרשות היחיד, ואין נושאין ונותנין בתוכה, ואם נשא ונתן בתוכה - פטור; ואין מוציאין מתוכה לרשות הרבים ולא מרשות הרבים לתוכה, ואין מכניסין מרשות היחיד לתוכה, ולא מתוכה לרשות היחיד, ואם הוציא והכניס - פטור. חצרות של רבים ומבואות שאינן מפולשין, עירבו - מותרין, לא עירבו - אסורים. אדם עומד על האיסקופה, נוטל מבעל הבית ונותן לו, נוטל מעני ונותן לו, ובלבד שלא יטול מבעל הבית ונותן לעני, מעני ונותן לבעל הבית, ואם נטל ונתן - שלשתן פטורים. אחרים אומרים: איסקופה משמשת שתי רשויות, בזמן שהפתח פתוח - כלפנים, פתח נעול - כלחוץ. ואם היתה איסקופה גבוהה עשרה ורחבה ארבעה - הרי זו רשות לעצמה.']",Shabbat 6a,
"שבת ו ע""ב:","['אמר מר: זו היא רשות הרבים, למעוטי מאי? למעוטי אידך דרבי יהודה; דתנן, רבי יהודה אומר: אם היתה דרך רשות הרבים מפסקתן - יסלקנה לצדדין, וחכמים אומרים; אינו צריך. ואמאי קרו ליה גמורה? איידי דתנא רישא גמורה, תנא נמי סיפא גמורה. ולחשוב נמי מדבר, דהא תניא: איזו היא רשות הרבים - סרטיא ופלטיא גדולה, ומבואות המפולשין, והמדבר! אמר אביי: לא קשיא, כאן - בזמן שישראל שרויין במדבר, כאן - בזמן הזה.']",Shabbat 6b,
"תוספות שם ד""ה 'כאן':","['כאן בזמן שישראל שרויין במדבר - משמע קצת דאינה ר""ה אלא א""כ מצויין שם ששים רבוא כמו במדבר.']",,Tosafot on Shabbat 6b:5:1
"רש""י שם ע""א ד""ה 'סרטיא', 'פלטיא', 'ומבואות', 'המפולשין':","['סרטיא - מסילה שהולכין בה מעיר לעיר.', 'פלטיא - רחבה של עיר, ששם מתקבצין לסחורה.', 'ומבואות - של עיר, רחבים שש עשרה אמה.', 'המפולשין - משני ראשיהן לפלטיא.']",,Rashi on Shabbat 6b
"רש""י עירובין ו ע""ב ד""ה 'ירושלים':","['ירושלים - רשות הרבים שלה מכוון משער לשער, ומפולש, ויש בה דריסת ששים ריבוא ורחב שש עשרה אמה, ואילמלא שנועלין דלתותיה בכל לילה - חייבין עליה בשבת משום רשות הרבים, אבל נעילת דלתות משויא לה כחצר של רבים, ומערבין את כולה, וכל זמן שלא עירבו - הויא כרמלית ולא מיחייבי עלה, והכי נמי אמרינן בפרק בתרא (עירובין קא ע""א) דירושלים כרמלית היא.']",Rashi on Eruvin 6b:2:1,
"הררי קדם ג סימן יז, א:","['דרש""י בסוגיין מחלק בזה בין הסרטיא ופלטיא עצמם להמבואות המפולשין צריך דבסרטיא ופלטיא עצמם דהן החפצא של רה""ר בעי\' סרטיא ופלטיא של ס\' ריבוא אבל במבואות המפולשין להך לא בעי\' ס\' ריבוא כלל... ע""י הפילוש להפלטיא שהוא המקום של הרבים ע""כ גם הן נעשין לחלק מרה""ר.']",,
"שבת ו ע""א–ע""ב:","['אמר מר: זו היא רשות היחיד. למעוטי מאי? - למעוטי הא דרבי יהודה; דתניא, יתר על כן אמר רבי יהודה: מי שיש לו שני בתים בשני צדי רשות הרבים, עושה לחי מכאן ולחי מכאן, או קורה מכאן וקורה מכאן, ונושא ונותן באמצע. אמרו לו: אין מערבין רשות הרבים בכך. ואמאי קרו ליה גמורה? - מהו דתימא: כי פליגי רבנן עליה דרבי יהודה דלא הוי רשות היחיד - הני מילי לטלטל, אבל לזרוק מודו ליה, קא משמע לן.']",Shabbat 6a-72a,
"רש""י שם ד""ה 'קמ""ל גמורה':","[""קא משמע לן גמורה - כלומר: זו היא שנגמרו מניין מחיצות שלה, שיש לה מחיצות מכל צד, כגון חריץ, וכן גדר, דאמרינן מארבעה צדדין גוד אסיק פני המחיצה על ראשו, ונמצא ראשו מוקף מארבעה צדדין וחללו ארבעה, אבל דר' יהודה - לא נגמרו מחיצות שלה למניינן, ולאו רשות היחיד היא כלל.""]",,Rashi on Shabbat 6a
"רש""י סוכה ב ע""א ד""ה 'מבוי שהוא גבוה'.","['מבוי שהוא גבוה - מבוי שהוא סתום משלש צדדין וראשו פתוח לרשות הרבים, וחצירות פתוחות לו ויוצאות ובאות לרשות הרבים - הרי הוא רשות היחיד לבני חצירות, ואסרו חכמים להוציא מרשותו לרשות חבירו בלא עירוב, שהחצירות כל אחת רשות לעצמה, והמבוי רשות לכולן, והצריכו בו שיתוף - להשתתף כל החצירות בפת או ביין, ולהניח השיתוף באחת מן החצירות, ולפי שאין לו מחיצה רביעית, וקרוב הוא להיות דומה לרשות הרבים - הצריכו היכר בראשו הפתוח לרשות הרבים: או לחי זקוף, או קורה מכותל לכותל, ואם גבוה הקורה מעשרים אמה.']",Rashi on Sukkah 2a:3:1,
"הררי קדם ג סימן יז, ב:","['וא""כ צ""ב מ""ט הצריך רש""י כאן ד\' מחיצות... ובאופן נוסף נראה לומר דבאמת חפצא של רשות המוקפת מחיצות הוא רק כשהרשות מוקפת מד\' צדדים... והא דמהני גם היקף מג\' רוחות היינו משום שגם בההיקף של ג\' מחיצות סגי לההפסק של רגל רבים.']",,
"שבת ז ע""א:","['והכרמלית אטו כולהו נמי לאו כרמלית נינהו? כי אתא רב דימי אמר רבי יוחנן: לא נצרכה אלא לקרן זוית הסמוכה לרשות הרבים. דאף על גב דזימנין דדחקי ביה רבים ועיילי לגוה, כיון דלא ניחא תשמישתיה - כי כרמלית דמי. כי אתא רב דימי אמר רבי יוחנן: בין העמודין נידון ככרמלית. מאי טעמא - אף על גב דדרסי בה רבים, כיון דלא מסתגי להו בהדיא - ככרמלית דמיא. אמר רבי זירא אמר רב יהודה: איצטבא שלפני העמודים - נידון ככרמלית. למאן דאמר בין העמודים - כל שכן איצטבא, למאן דאמר איצטבא, איצטבא הוא דלא ניחא תשמישתיה, אבל בין העמודים דניחא תשמישתיה - לא.']",Shabbat 7a,
"רש""י שם ד""ה 'לא ניחא תשמישתיה':","['לא ניחא תשמישתיה - שאין יכולין להכנס לה להדיא דרך הילוכו, אי נמי: בית שפניו עומד באלכסון, שזויתו אחת סמוכה לרשות הרבים והשניה משוכה מרשות הרבים ולפנים, זוית הבולטת מעכבת את הרבים מליכנס בהדיא בתוך כניסה של זוית האחרת.']",Rashi on Shabbat 7a:3:3,
"רמב""ם הלכות שבת יד, ד:","['איזו היא כרמלית? תל שיש בו ארבעה על ארבעה או יתר על כן וגבהו משלשה ועד עשרה, שהכרמלית אינה תופשת אלא עד עשרה ואינה רחבה פחות מארבעה על ארבעה, וכן חריץ שיש בו ארבעה על ארבעה או יתר על כן ועמוק משלשה עד עשרה, וכן מקום שהוקף בארבע מחיצות גובהן משלשה ועד עשרה וביניהן ארבעה על ארבעה או יתר על כן, וכן קרן זוית הסמוכה לרה""ר, והוא המקום שמוקף שלש מחיצות והרוח הרביעית רה""ר, כגון מבוי שאין לו לחי או קורה ברוח רביעית, וכן הימים והבקעה בין בימות החמה בין בימות הגשמים, כל אלו כרמלית הן.']","Mishneh Torah, Sabbath 14:4",
"הררי קדם ג סימן כא, א:","['ונראה דמכל ד\' הרמב""ם שם דתרי גווני כרמלית איכא א. מקום שהוא כרמלית מצד עצמו שאינו עומד לתשמיש הרבים כגון ימים ובקעה וכיוצ""ב או אפי\' בין העמודים ואיצטבא בגמ\' להלן ב. מבוי שיש לו ג\' מחיצות שהוא נעשה לכרמלית ע""י המחיצות שבו דע""י חלות ההפסק של המחיצות שמפסיקות את הרגלדרבים חייל על המקום שם כרמלית.']",,
"ירושלמי שבת פ""א ה""א:","['ארבע רשויות לשבת: רשות היחיד, רה""ר, וכרמלית, ומבואות שאינן מפולשין.']",Jerusalem Talmud Shabbat 1:1,
"חזון יחזקאל על תוספתא שבת א, א:","['הנה הלשון ""ארבע רשויות"" משמע דגם מקום פטור הוא רשות בפני עצמה, אבל בירושלמי מכלתין אשר שם נעתקה תוספתא זו פתח בארבע רשויות וקחשיב רשות היחיד, רשות הרבים, כרמלית, והרשות הרביעית היא מבואות שאינן מפולשות. ולהאי חלוק גרסאות שבין תלמודא דידן לתלמודא דמערבא יש נפקותא גדולה לדינא: אם מקום פטור הוא בכלל ארבע רשויות, ואז יש דין מקום פטור גם בכרמלית, או מקום פטור אינו חולק רשות לעצמה ואיתא רק ברה""ר אבל לא בכרמלית.']",,
"מי טל, הוצאה, ד:","['ויתכן לומר בזה דלהך שיטה הנה סברת הלישנא קמא שבדף צו ע""ב דהוצאה לאו מלאכה גרועה היא, הוא משום דס""ל דיסוד החיוב דמוציא מרה""י לרה""ר הוא משום דהם ב\' ""שמות"" נפרדים וחלוקים ביסודם, דזה רשות ""היחיד"" וזה רשות ""הרבים"" (ולא משום שהם ב\' ""מקומות"" נפרדים).']",,
"משנה עירובין א, א–ב:","['א. מבוי שהוא גבוה למעלה מעשרים אמה ימעט, רבי יהודה אומר אינו צריך. והרחב מעשר אמות ימעט, ואם יש לו צורת הפתח, אף על פי שהוא רחב מעשר אמות, אין צריך למעט.', 'ב. הכשר מבוי, בית שמאי אומרים לחי וקורה ובית הלל אומרים לחי או קורה, רבי אליעזר אומר לחיין. משום רבי ישמעאל אמר תלמיד אחד לפני רבי עקיבא לא נחלקו בית שמאי ובית הלל על מבוי שהוא פחות מארבע אמות שהוא או בלחי או בקורה, על מה נחלקו על רחב מארבע אמות ועד עשר, שבית שמאי אומרים לחי וקורה ובית הלל אומרים או לחי או קורה. אמר רבי עקיבא, על זה ועל זה נחלקו.']",Mishnah Eruvin 1:1-2,
"עירובין ב ע""א:","['תנן התם: סוכה שהיא גבוהה למעלה מעשרים אמה - פסולה, ורבי יהודה מכשיר. מאי שנא גבי סוכה דתני פסולה וגבי מבוי תני תקנתא? - סוכה דאורייתא - תני פסולה, מבוי דרבנן - תני תקנתא.']",Eruvin 2a,
"שם ג ע""א:","['רב נחמן בר יצחק אמר: בלא רב מתנייתא אהדדי לא קשיין; לרבנן, קורה טעמא מאי - משום היכרא. והאי דקתני יתר מפתחו של היכל - סימנא בעלמא. ורב נחמן בר יצחק, הניחא אי לא סבירא ליה הא דרבה, אלא אי סבירא ליה הא דרבה, דאמר רבה: כתיב למען ידעו דרתיכם כי בסכות הושבתי עד עשרים אמה אדם יודע שדר בסוכה, למעלה מעשרים אמה - אין אדם יודע, משום דלא שלטא ביה עינא. אלמא: גבי סוכה נמי בהיכרא פליגי, איפלוגי בתרתי למה לי? צריכא, דאי אשמעינן גבי סוכה - בהא קאמר רבי יהודה, כיון דלישיבה עבידא - שלטא ביה עינא. אבל מבוי, דלהילוך עביד - אימא מודה להו לרבנן. ואי אשמעינן בהא - בהא קאמרי רבנן, אבל בהך - אימא מודו ליה לרבי יהודה, צריכא.']",,
"רש""י שם ב ע""א ד""ה 'מבוי':","['מבוי - דכל עיקריה דרבנן הוא, לא שייך למימר ביה לשון פסלות, שהרי כאן התחילו להראותך עסקי מבוי ותורותיו, ומאי פסול שייך למימר, אכתי לא הודיעוך רבנן שיעוריה בהכי, דליתני: אם לא עשה כן - פסול.']",,Rashi on Eruvin 2a:4:3
"חידושי המאירי שם ד""ה 'אמר המאירי המשנה הראשונה':","['וכן הדין במבוי הסתום והוא שיש בו כותלים משלש רוחותיו ופתוח מצד רביעי לרה""ר וכל שכן לכרמלית אף על פי שאין בו כלום מצד רביעי רה""י גמורה הוא בין לזרוק בין לטלטל והלכת סיני החמירה להצריך מרוח רביעי לחי או קורה להיתר טלטול וזו היא שיטת בית הלל שהלכה כמותו ואין צריך בה ללחי או קורה כדברי גדולי המחברים שלדעת בית הלל מן התורה שלש מחיצות הוא דבעינן בין לזרוק בין לטלטל כמו שכתבנו ואתאי הלכתא לאוסופי אטלטול ברביעית לחי או קורה כל זה היה בדין תורה עם צירוף הלכה והוא שאמרו ד\' א\' מחיצין הלכה למשה מסיני.', '... ושלמה ובית דינו תקנו עוד שלא לטלטל מבתים לחצר אלא בעירוב לרמוז שכלם שוים באותו אוכל וכן יהו כלם שוים באותו הרשות כברשות אחת והוא הנקרא עירובי חצרות וכן לא מחצר למבוי אא""כ בעירוב גם כן והוא הנקרא שתופי מבואות.']",,
"חידושי הגרי""ז עירובין א, א:","['אכן נראה דנהי דמדאורייתא אין המבוי שהכשירו בקורה נידון כרה""י והזורק לתוכו פטור אבל לענין דין טלטול שוינהו רבנן כרה""י... הרי להדיא דמדרבנן מיהא נחשבת הקורה כסתימה ברוח רביעית ונעשה רה""י ומכח דין רה""י הוא שניתר בטלטול ומשו""ה שפיר אית ביה דין עירוב ככל רה""י אבל בשלש מחיצות בלבד בלא לחי וקורה שאין בו שום דין רה""י לא מדאורייתא ולא מדרבנן וכל היתרו מדאורייתא הוא מדין מקום פטור א""כ אינו מענינו כלל של דין עירוב ואיסור דיורין הנאמר ברה""י.']",,
"<b>משנה עירובין א</b>, <b>ב</b>:","['הכשר מבוי, בית שמאי אומרים לחי וקורה ובית הלל אומרים לחי או קורה, רבי אליעזר אומר לחיין. משום רבי ישמעאל אמר תלמיד אחד לפני רבי עקיבא לא נחלקו בית שמאי ובית הלל על מבוי שהוא פחות מארבע אמות שהוא או בלחי או בקורה, על מה נחלקו על רחב מארבע אמות ועד עשר, שבית שמאי אומרים לחי וקורה ובית הלל אומרים או לחי או קורה. אמר רבי עקיבא, על זה ועל זה נחלקו.']",Mishnah Eruvin 1:2,
"שם יב ע""ב:","['אמר רב יהודה: מבוי שלא נשתתפו בו, הכשירו בלחי - הזורק לתוכו חייב, הכשירו בקורה - הזורק לתוכו פטור. מתקיף לה רב ששת: טעמא דלא נשתתפו בו, הא נשתתפו בו - אפילו הכשירו בקורה נמי חייב. וכי ככר זו עשה אותו רשות היחיד או רשות הרבים? והתניא: חצירות של רבים ומבואות שאינן מפולשין, בין עירבו ובין לא עירבו - הזורק לתוכן חייב! אלא אי איתמר הכי איתמר, אמר רב יהודה: מבוי שאינו ראוי לשיתוף, הכשירו בלחי - הזורק לתוכו חייב. הכשירו בקורה - הזורק לתוכו פטור. אלמא קסבר: לחי משום מחיצה, וקורה משום היכר. וכן אמר רבה: לחי משום מחיצה וקורה משום היכר. ורבא אמר: אחד זה ואחד זה משום היכר.']",Eruvin 12b,
"עירובין ח ע""א:","['דאמר רבין בר רב אדא אמר רבי יצחק: מעשה במבוי אחד שצידו אחד כלה לים וצידו אחד כלה לאשפה, ובא מעשה לפני רבי ולא אמר בה לא היתר ולא איסור. איסור לא אמר בה - דהא קיימי מחיצות, היתר לא אמר בה - חיישינן: שמא תינטל אשפה, ויעלה הים שרטון.']",Eruvin 8a,
"רש""י שם ד""ה 'אשפה':","['אשפה - גבוהה עשרה, וים שפתו גבוה עשרה.']",,Rashi on Eruvin 8a:7:1
"בית מאיר על שו""ע או""ח שסג, כט:","['וה""ה מחיצות ים אוקינוס במה שמקיף כל עולם זה מקרי בקיעות רבים שרבים שטים ובאים מצד זה ועוברים בצד שכנגדו ממש הוא סתום זה י""ל דל""מ בקיעת רבים.']","Shulchan Arukh, Orach Chayim 363:29",
"רמב""ם הלכות שבת פרק יז הלכות א, ג, י:","['א. מבוי שיש לו שלשה כתלים הוא הנקרא מבוי סתום, ומבוי שיש לו שני כתלים בלבד זה כנגד זה והעם נכנסין ברוח זו ויוצאין בשכנגדה הוא הנקרא מבוי המפולש.', 'ג. והיאך מתירין מבוי מפולש, עושה לו צורת פתח מכאן ולחי או קורה מכאן, ומבוי עקום תורתו כמפולש.', 'י. שני כתלים ברשות הרבים והעם עוברים ביניהם כיצד מכשיר ביניהם עושה דלתות מכאן ודלתות מכאן ואחר כך יעשה ביניהם רה""י, ואינו צריך לנעול הדלתות בלילה אבל צריך שיהיו ראויות להנעל, היו משוקעות בעפר מפנה אותן ומתקנן להנעל, אבל צורת פתח או לחי וקורה אינן מועילין בהכשר רה""ר.']",,
"הררי קדם ג, סימן יט, א:","['צ""ב מה הנפקותא בין דברי הרמב""ם בהל\' ג לדברי הרמב""ם בהל\' י, וצ""ע. ומעתה נראה לומר בדעת הרמב""ם דזהו החילוק בין ד\' הרמב""ם בהל\' ג לדבריו בהל\' י דהרמב""ם בהל\' ג מיירי במבואות המפולשין, דהן אמנם יש עליהן דין רה""ר אבל מ""מ הם אינם ""חפצא של רה""ר"", ומשא""כ הרמב""ם בהל\' י מיירי בשני כתלים ברה""ר דהוא חפצא של רה""ר. ובביאור שי\' הרמב""ם נראה דס""ל דצוה""פ יש בה היקף של מחיצה אבל היא אינה חפצא של מחיצה וצוה""פ מהניא רק במבואות המפולשין שהם אינם חפצא של רה""ר מצד עצמם וכל הדין של רה""ר שיש בהם הוא רק מכח הפילוש לרה""ר וע""ז מהני הצוה""פ להפסיק את הפילוש לרה""ר ופקע מינייהו שם רה""ר ומשא""כ בהל\' י דמיירי בשני כתלים ברה""ר שהוא חפצא של רה""ר מצד עצמה התם בעי\' מחיצות כדי לבטל ממנה שם רה""ר ע""י שהיא רשות שבתוך מחיצות והתם בעי מחיצות ממש.']",,
"עירובין יב ע""א:","['דתניא: חצר ניתרת בפס אחד, רבי אומר: בשני פסין. אמר רבי אסי אמר רבי יוחנן: חצר צריכה שני פסין.']",Eruvin 12a,
"תוספות שם ד""ה 'בפסי חצר':",['בפסי חצר - וקשה דגבי מבוי נקט לשון לחי וגבי חצר נקט לשון פס בכולה שמעתא אף על גב דשניהם משהו.'],Tosafot on Eruvin 12a:8:1,
"שבת קל ע""ב:","['בעא מיניה רבי זירא מרבי אסי: מבוי שלא נשתתפו בו, מהו לטלטל בכולו? מי אמרינן כחצר דמי, מה חצר - אף על גב דלא ערבו מותר לטלטל בכולו, האי נמי - אף על גב דלא נשתתפו בו מותר לטלטל בכולו. או דילמא: לא דמי לחצר, דחצר אית ליה ארבע מחיצות, האי - לית ליה ארבע מחיצות אי נמי, חצר - אית ליה דיורין, האי - לית ביה דיורין.']",Shabbat 130b,
"תוספות עירובין ה ע""ב ד""ה 'קל וחומר מחצר':","[""קל וחומר מחצר - אף על גב דחצר ומבוי שוין דכשהן מרובעין צריכין פס ד' ואם ארכן יותר על רחבן ניתרין בלחי וקורה מכל מקום עביד קל וחומר שפיר דבמקום דלא מהני לחי וקורה דהיינו במרובעים מהני עומד מרובה ואמחיצה רביעית הוא דעביד קל וחומר דליהני עומד מרובה אבל שיועיל עומד מרובה בכל ד' מחיצות ליכא למילף דדיו לבא מן הדין להיות כנדון כמו לחי.""]",Tosafot on Eruvin 5b:5:1,
"שו""ת הרשב""א ה סימן רג:","['ומה ששאלת: למה אמרו במבוי, דבבתים וחצרות פתוחות לתוכו, שניתר בלחי וקורה. וכשאין בתים וחצרות פתוחות לתוכו, וכן חצר שאין ניתרין בלחי וקורה, אלא בפס ד\'? דאדרבה, איפכא מסתברא! כל דאושי דיורין בעי הכרה טפי? מסתברא כל שהוא עשוי יותר לדירה, ולתשמישי הצנע, ולאכול בהם, צריך יותר מחיצות גמורות. ולפיכך, החצרות של בעלי בתים, שדרכן להשתמש בהן יותר בתשמיש הצנע, ולאכול בהם, צריכות המחיצות יותר גמורות. וכן הדין במבואות, שאין בתים וחצרות פתוחות לתוכו, דיוריהן מועטין, והם משתמשין בהם יותר, דאינן בושין כל כך לאכול ולהשתמש בהן. לפיכך, הרי הן כחצר. וכענין שאמרו בעלמא: מבוי שהוא בוש לאכול בתוכו, אין תשמישן בהם כל כך, כי לפי רבוי הדיורין מתמעט תשמיש המובאין, ובמחיצה כל דהוא סגי. ואף על פי שענין זה אינו שוה בכל, דהרי יש מבוי שדיוריו רבים בבתים וחצרות, ואפ""ה בעי פס ד\', וכגון דאין ארכו יותר על רחבו, כבר אמרו לפי שהוא משוי כחצר. וחצר וכל הדומה לה, דינו בהן דין אחד.']",Teshuvot haRashba part V 203,
"עירובין יז ע""א, המשנה (פ""א מ""י):","['ארבעה דברים פטרו במחנה: מביאין עצים מכל מקום ופטורין מרחיצת ידים, ומדמאי, ומלערב.']",Eruvin 17a,
"שם ע""ב:","['ומלערב. אמרי דבי רבי ינאי: לא שנו אלא עירובי חצירות, אבל עירובי תחומין - חייבין. דתני רבי חייא: לוקין על עירובי תחומין דבר תורה. מתקיף לה רבי יונתן: וכי לוקין על לאו שבאל? מתקיף רב אחא בר יעקב: אלא מעתה דכתיב אל תפנו אל האבת ואל הידענים, הכי נמי דלא לקי? רבי יונתן הכי קשיא ליה! לאו שניתן לאזהרת מיתת בית דין, וכל לאו שניתן לאזהרת מיתת בית דין אין לוקין עליו. אמר רב אשי: מי כתיב אל יוציא? אל יצא כתיב.']",,
"עירובין נח ע""ב, המשנה (פ""ה מ""ה):","['אין מודדין אלא מן המומחה. ריבה למקום אחד ומיעט למקום אחר - שומעין למקום שריבה. ריבה לאחד ומיעט לאחד - שומעין למרובה. ואפילו עבד אפילו שפחה נאמנין לומר עד כאן תחום שבת. שלא אמרו חכמים את הדבר להחמיר, אלא להקל.']",Eruvin 58b,
"שם נט ע""א:","['שלא אמרו חכמים את הדבר להחמיר אלא להקל. והתניא: לא אמרו חכמים את הדבר להקל, אלא להחמיר! אמר רבינא: לא להקל על דברי תורה אלא להחמיר על דברי תורה, ותחומין דרבנן.']",Eruvin 59a,
"רי""ף עירובין ה ע""א:","['וקשיא לן היכי אמרינן הכא לוקין על עירובי תחומין דבר תורה ואנן קיימא לן דליתא לדרבי עקיבא דאמר תחומין מדאורייתא ואשכחינא בגמ\' דבני מערבא דגרסינן הגיעוך סוף תחומי שבת שאינן מחוורין לך דבר תורה ר\' מנא בעא ניחא אלפים אמה אינו מחוור ד\' אלפים אמה מחוור הוא ר""ש בר ביסנא בשם רבי אחא אמר אין לך מחוור מכולם אלא תחום י""ב מיל כמחנה ישראל נמצאו עכשיו תחומי שבת מהן דרבנן ומהן דאורייתא מאלפים אמה ולמעלה עד י""ב מיל לוקה עליהן מדרבנן ולר""ע לוקה עליהן מדאורייתא דכתיב מקיר העיר וחוצה אלף אמה וגו\' וכתיב ומדותם מחוץ לעיר את פאת קדמה אלפים וגו\' אי אפשר לומר אלפים אמה שכבר נאמר אלף אמה אלא אלף אמה מגרש ואלפים אמה תחום שבת ורבנן סברי אלף אמה מגרש ואלפים אמה שדות וכרמים מי""ב מיל ולמעלה לוקה עליהם מדאורייתא לדברי הכל דכתיב אל יצא איש ממקומו והיינו י""ב מיל כנגד מחנה ישראל אבל מאלפים אמה ולמטה מותר לדברי הכל ועדיין הקושיא במקומה עומדת שאין לנו עירובי תחומין אלא עד סוף אלפים אמה בלבד ואם הניח עירובו חוץ לאלפים אמה אין עירובו עירוב ואסור לו לצאת חוץ לאלפים אמה אפי\' אמה אחת ואם איסור זה מדרבנן הוא לא ילקה עליהם דבר תורה אלא לדברי ר""ע והאי תירוצא לא סליק אליבא דגמרא דילן וקושיא בדוכתיה עד השתא כדקאי קאי.']",Rif Eruvin 5a,
"דברי יחזקאל ז, ד:","['ועפ""ז יש לומר עוד דלש""ס דילן שונה דין י""ב מיל לרבנן מאלפים דר""ע דהאיסור דאלפים הוא מצד עקירת מקום או ריחוק מקום... שכל דין די""ב מיל אינו תלוי כלל בקנין מקום ואין סיבת האיסור בא מצד עקירת מקום או ריחוק מקום אלא כך הוא הדין דאסור לזוז ממקום רגליו... וההילוך בעצמותו הוא האיסור.']",Ezekiel 7:4,
"שמות טז, כט:","[""רְאוּ כִּי ה' נָתַן לָכֶם הַשַּׁבָּת עַל כֵּן הוּא נֹתֵן לָכֶם בַּיּוֹם הַשִּׁשִּׁי לֶחֶם יוֹמָיִם, שְׁבוּ אִישׁ תַּחְתָּיו אַל יֵצֵא אִישׁ מִמְּקֹמוֹ בַּיּוֹם הַשְּׁבִיעִי:""]",Exodus 16:29,
"רש""ר הירש שם:","['לא מן המותר להעיר כאן על טיבה של מלאכה זו, שנאסרה כאן מיד עם הנהגת השבת בחיי האומה הישראלית, שכן היא מציינת את תכונת השבת ומהותה. הנה באים אנשים המבקשים לגזול מעמנו את השבת ומושכים אותנו בדברים, לאמור: איסור ""לא תעשה כל מלאכה"" שבעשרת הדיברות (להלן כ, י ועי\' פי\' שם) אינו חל אלא על מלאכה קשה שיש בה משום מאמץ גופני. כנגדם בא כאן מקרא מפורש ואוסר, מיד עם תחילת הנהגתה של השבת, מלאכות כגון: יציאה לצורך בקשת מחייה, בישול ואפייה, כל הכנת המזון היומי, הוצאה והכנסה מרשות הרבים לרשות היחיד ולהיפך, או אף היציאה מתחום המגורים. כל אלה הן פעולות, אשר בעלי ה""ריפורמה של השבת"" מבקשים להציגן כמלאכות ""שאינן סותרות את קדושת השבת""...', 'תדע שמושג ""שבתון"", הרשום כאן בראש כל ציוויי חוקת השבת, קובע מלכתחילה מסגרת של שביתת מלאכה, המקיפה הרבה יותר ממה שכלול במושג ""איסור מלאכה"". איסור עשיית מלאכה חל רק על מלאכת מחשבת, דהיינו מלאכת יצירה ממש בידי אדם, ומלאכה זו היא בגדר חילול שבת חמור שעונשו מיתה. ואילו ""שבתון"" הוא שם - העצם של מושג מצות השבת: ""תשבות""; בהתאם למשמעות לשונו ובדרך ההכללה, בלי שיחול על חפץ מסוים, הוא מצווה: תשבות מכל מלאכת ששת הימים, ואף ממלאכה זו שאין בה משום עשייה יצרנית בלתי אמצעית. המושג ""שביתה"" כולל אפוא כל פעילות לצורך פרנסה ואומנות וכל מה שהנביא מציין כחילול שבת: ""אם תשיב משבת רגלך עשות חפצך ביום קדשי וגו\' וכבדתו מעשות דרכיך ממצוא חפצך ודבר דבר"" (ישעיה נח, יג). כן כולל המושג כל הגזירות ואיסורי השבות, שפירטום חכמינו ז""ל ושעלינו לקיימם באשר מצווים אנחנו על שמירת התורה, וחובת השמירה ועשיית הסייגים היא מיסודות התורה, ובמיוחד לגבי שמירת השבת. וכך נדרש ""שבתון"" בספרא (ויקרא כג, כד) ובמכילתא (עי\' רמב""ן שם). מכאן שכל איסורי שבות, וכן בלאו הכי כל תקנות וגזירות חכמינו ז""ל, עיקרם מדאורייתא, ואם כי ספקם להקל, שלא כאיסורי דאורייתא, הרי אין זאת אלא בבחינת ""הפה שאסר הוא הפה שהתיר"", וחז""ל הגבילו מראש את חומרת גזירותיהם, ומה גם כאשר תכלית הגזירות אינה אלא לעשות סייג לתורה.', '""ביום ההוא אקים את סכת דויד הנופלת"", אומר הנביא עמוס (ט, יא), ""וגדרתי את פרציהן והרסתיו אקים"". מדוע מקדים הנביא את גידור הפרצים להקמת ההריסות? מפני שרק בתוך שטח גדור ומוגן יוקם בניין שיעמוד לבטח לדורי דורות. כן הדבר לגבי הבניין הגדול של השבת, בניין שיש להקימו מחדש מדי שבוע בשבוע: תחילה נתבע האדם להביא את כל תחום פעילותו לתוך מסגרת השבת, ולאחר מכן אפשר להקים בה את המבנה הגדול של איסור מלאכה, שיעמוד לבטח. איסור מלאכה הופך את מלאכת האדם המושל בעולמו לאבני בניין של מקדש, המבשר לעולם את מציאות הבורא, והכורת ברית בין ה\' והאדם: ""אות"", ""ברית"" ו""קודש"". אולם רק אם קדושת השבת תחול על כל תחום פעילותו של האדם, יעמוד בניין איסור המלאכה לבטח לדורי דורות ולנצח נצחים. משום כך מוצאים אנחנו כאן, כי מיד עם היווסד חוקת השבת ניתנו כל שורשי האיסורים של שבות דרבנן: הכנה, מוקצה, נולד, וגם תחומין במידה והם מדרבנן.']",,
ספר החינוך מצווה כד (שלא נצא בשבת חוץ לתחום):,"[""משרשי מצוה זו, שנזכור ונדע שהעולם מחודש ולא קדמון, כמו שכתוב בפירוש במצות שבת (שמות כ, יא) כי ששת ימים עשה ה' את השמים ואת הארץ את הים ואת כל אשר בם וינח ביום השביעי. על כן לזכור הדבר ראוי לנו שננוח במקום אחד, כלומר שלא נלך בדרך רחוק רק דרך טיול ועונג, ובהליכת שנים עשר מילין אין בו טורח רב.""]",,Sefer HaChinukh 24
"שבת קכג ע""ב:","['תנו רבנן: בראשונה היו אומרים שלשה כלים ניטלין בשבת: מקצוע של דבילה, וזוהמא ליסטרן של קדרה וסכין קטנה שעל גבי שלחן. התירו, וחזרו והתירו, וחזרו והתירו, עד שאמרו: כל הכלים ניטלין בשבת חוץ מן מסר הגדול ויתד של מחרישה. מאי התירו וחזרו והתירו וחזרו והתירו? אמר אביי: התירו דבר שמלאכתו להיתר לצורך גופו, וחזרו והתירו דבר שמלאכתו להיתר לצורך מקומו, וחזרו והתירו דבר שמלאכתו לאיסור לצורך גופו - אין, לצורך מקומו - לא. ועדיין, בידו אחת - אין, בשתי ידיו - לא. עד שאמרו: כל הכלים ניטלין בשבת, ואפילו בשתי ידים. אמר ליה רבא: מכדי התירו קתני, מה לי לצורך גופו מה לי לצורך מקומו? אלא אמר רבא: התירו דבר שמלאכתו להיתר בין לצורך גופו ובין לצורך מקומו, וחזרו והתירו מחמה לצל, וחזרו והתירו דבר שמלאכתו לאיסור לצורך גופו ולצורך מקומו - אין, מחמה לצל - לא. ועדיין, באדם אחד - אין, בשני בני אדם - לא, עד שאמרו כל הכלים ניטלין בשבת אפילו בשני בני אדם. איתיביה אביי: מדוכה, אם יש בה שום - מטלטלין אותה, ואם לאו - אין מטלטלין אותה! הכא במאי עסקינן - מחמה לצל. איתיביה: ושוין שאם קצב עליו בשר שאסור לטלטלו! - הכא נמי, מחמה לצל. אמר רבי חנינא בימי נחמיה בן חכליה נשנית משנה זו, דכתיב בימים ההמה ראיתי ביהודה דרכים גתות בשבת ומביאים הערימות.']",Shabbat 123b,
"רמב""ם הלכות שבת כד, יב–יג:","['יב. אסרו חכמים לטלטל מקצת דברים בשבת כדרך שהוא עושה בחול, ומפני מה נגעו באיסור זה? אמרו, ומה אם הזהירו נביאים וצוו שלא יהיה הילוכך בשבת כהילוכך בחול ולא שיחת השבת כשיחת החול, שנאמר ודבר דבר, קל וחומר שלא יהיה טלטול בשבת כטלטול בחול כדי שלא יהיה כיום חול בעיניו ויבוא להגביה ולתקן כלים מפינה לפינה או מבית לבית או להצניע אבנים וכיוצא בהן, שהרי הוא בטל ויושב בביתו ויבקש דבר שיתעסק בו, ונמצא שלא שבת ובטל הטעם שנאמר בתורה למען ינוח.', 'יג. ועוד, כשיבקר ויטלטל כלים שמלאכתן לאיסור אפשר שיתעסק בהן מעט ויבא לידי מלאכה. ועוד, מפני שמקצת העם אינם בעלי אומניות אלא בטלין כל ימיהן כגון הטיילין ויושבי קרנות שכל ימיהן הן שובתים ממלאכה, ואם יהיה מותר להלך ולדבר ולטלטל כשאר הימים נמצא שלא שבת שביתה הניכרת, לפיכך שביתה מדברים אלו היא שביתה השוה בכל אדם, ומפני דברים אלו נגעו באיסור הטלטול, ואסרו שלא יטלטל אדם בשבת אלא כלים הצריך להם כמו שיתבאר.']","Mishneh Torah, Sabbath 24:12-13",
"השגת הראב""ד שם:","['ומפני דברים אלו נגעו באיסור הטלטול ואסרו שלא יטלטל אלא הכלים הצריך להם כמו שיתבאר. א""א, עוד אמרו (שבת קכד) אטו טלטול לאו צורך הוצאה הוא? ועוד אמרו (שם קכג) בימי נחמיה בן חכליה נשנית משנה זו שאמרו שלשה כלים קטנים נטלים על השלחן, נמצא כי מפני חיוב הוצאה אסרו בטלטול מה שאסרו שהוא גדר להוצאה.']",,
"חיי אדם, שבת, סו, א:",['ונראה לי להוסיף עוד טעם שכיון שראו חכמים לאסור במוקצה מטעמים הנזכרים סמכא דבריהם על פסוק והכינו את אשר יביאו... שלא לטלטל אלא מה שהוא מוכן מערב שבת או ממילא או שהכין במחשבה או במעשה מכל דבר לפי תשמישו.'],,
"שבת קכח ע""א:","['איתמר: בשר מליח מותר לטלטלו בשבת; בשר תפל, רב הונא אמר: מותר לטלטלו, רב חסדא אמר: אסור לטלטלו. רב הונא אמר: מותר לטלטלו? והא רב הונא תלמיד דרב הוה, ורב כרבי יהודה סבירא ליה, דאית ליה מוקצה! במוקצה לאכילה - סבר לה כרבי יהודה, במוקצה לטלטל - סבר לה כרבי שמעון.']",Shabbat 128a,
"קהלת יעקב או""ח תקט, ז ד""ה 'ומותר לטלטל':","['ולפי זה נ""מ גדולה יש בין טלטול מוקצה בין הנאה במוקצה דטילטול מוקצה שהוא רק משום גזירת הוצאה א""כ במקום דהוצאה מותר כגון בצורך היום קצת מטעם מתוך (= מדובר ביו""ט. ז.ה.), טילטול מוקצה ג""כ מותר משא""כ ליהנות ממוצקה עצמו דאיסור הוא משום דסמכו אקרא דאהכינו דאסור ליהנות ממה שאינו מוכן מעיו""ט לא שייך בזה לומר מתוך ואסור.']",,
"שבת נ ע""א:","['תנא רבה בר בר חנה קמיה דרב: חריות של דקל שגדרן לעצים ונמלך עליהן לישיבה - צריך לקשר, רבן שמעון בן גמליאל אומר: אין צריך לקשר. הוא תני לה והוא אמר לה: הלכה כרבן שמעון בן גמליאל. איתמר, רב אמר: קושר, ושמואל אמר: חושב, ורב אסי אמר: יושב, אף על פי שלא קישר ואף על פי שלא חישב.', '...אמר רב יהודה: מכניס אדם מלא קופתו עפר, ועושה בה כל צרכו. דרש מר זוטרא משמיה דמר זוטרא רבה: והוא שיחד לו קרן זוית. אמרו רבנן קמיה דרב פפא: כמאן - כרבן שמעון בן גמליאל, דאי כרבנן - האמרי: בעינן מעשה! אמר להו רב פפא: אפילו תימא רבנן, עד כאן לא קאמרי רבנן דבעינן מעשה - אלא מידי דבר עבידא ביה מעשה, אבל מידי דלא בר מיעבדא ביה מעשה - לא.']",Shabbat 50a,
"תוספות שם ד""ה 'ואם':","['ואם יצא בהן שעה אחת כו\' - אף על פי שלא צבע ולא חישב היינו כרב אסי דאמר ישב אף על פי שלא חישב ולא קישר קשה לר""י רישא דקתני יוצאין בהן בזמן שצבען מאי אריא צבען אפילו חישב נמי דהא כיון דמתיר יצא אף על פי שלא צבע ולא חישב כל שכן חישב ולא צבע דלכאורה ישיבה גריעא ממחשבה וכן נמי יציאה ותירץ דהאי דקאמר צבען לא לצאת בהן בשבת אלא כדי לצאת בהן מבעוד יום ואחר כך נמלך ואפ""ה יכול לצאת בהן בשבת.']",Tosafot on Shabbat 50a:8:3,
"בעל המאור שבת מט ע""א (מדפי הרי""ף):","['ואל תטעה בדברי רב אסי שנראה כמוסיף על דברי רשב""ג דקאמר ישב אף על פי שלא קשר ושלא חשב והוי יודע שלא אמר רב אסי שתועיל מחשבה בלא ישיבה כר""ש בן גמליאל אלא שהישיבה גדולה מן המחשבה וא""צ עם הישיבה לא מחשבה ולא קשור אבל קשור מועיל לדברי הכל בחריות של דקל וליכא מאן דפליג בהו ואפי\' במעשה כל דהו מבעוד יום כגון השפשוף או ישיבה מועיל אליבא דרב אסי משום רבי יוחנן ודלא כרשב""ג דסגי ליה במחשבה בלחוד בחריות של דקל ובקנה שהתקינו בעל הבית להיות פותח ונועל בו דאמר רבי שמעון בן גמליאל מתוקן אף על פי שאינו קשור ופי\' התקנה דרבי שמעון בן גמליאל היא מחשבה בלבד שחשב עליו מבעוד יום לכך כמו שאתה אומר קנה שהתקינו בעל הבית להיות פותח ונועל בו שזאת התקנה ודאי הוא מחשבה בלבד וכן פחות מג\' על ג\' שהתקינו לפקוק בו את המרחץ או לנער בו את הקדרה כללו של דבר כל התקנה בלשון הפעיל אינה אלא הכנה והזמנה במחשבה בלבד ור\' יוחנן ס""ל כרשב""ג בחדא דלא בעיא קשור ופליג עליה בחדא דרשב""ג לא בעי אלא מחשבה בלבד ורבי יוחנן בעי תיקון במעשה כל דהו וההוא מעשה כל דהו משוי ליה תורת כלי.']",,
"מגן אברהם או""ח שח ס""ק מד:","['ומיהו אפי\' במידי דלאו בר מעשה בעינן יחוד לעולם בדבר שאין דרכה ליחדה לכך ובמידי דאורח\' פליגי כמ""ש דהא הרשב""א מייתי ראיה מקופת עפר דשרי והתם לאו בר מיעבד מעשה הוא כדאיתא בגמר\' ומשמע במרדכי ספי""ז דלכסות בו פי חבית או לסגור הדלת או להכות בברזא בר מיעבד מעשה היא שיכול לעשות בו מעשה הוכחה שעומד לכך ובהא כ""ע מודו שבעי\' יחוד לעולם לפי שאין דרכו של אבן ליחד אותה לכיסוי חבית.']",Magen Avraham 308:44,
פרי מגדים אשל אברהם שם:,['הך חישב אי בפה או במחשבה בעלמא.'],,
"מרכבת המשנה הלכות שבת כד, יג:","['מזה למד רבנו טעם השני דלקמן הי""ג דחיישינן שמא כשיעסוק בטלטול הכלי שמלאכתו לאיסור יבא לעשות בהן מלאכה.']",,
"תוספת שבת שי, יג:",['דהא עיקר הטעם דכלי שמלאכתו לאיסור גרע טפי מכלי שמלאכתו להיתר אינו אלא משום דכיון שמלאכתו לאיסור ואינו יכול להשתמש בו מלאכתו המיוחדת לו מקצה דעתו ממנה.'],,
"שבת קכג ע""א:","['כיון דשמעה להא דאמר רב חיננא בר שלמיא משמיה דרב: הכל מודים בסיכי זיירי ומזורי דכיון דקפיד עלייהו - מייחד להו מקום, הני נמי: מייחד להו מקום.']",Shabbat 123a,
"רש""י שם ד""ה 'דקפיד עלייהו', 'מייחד להם מקום':","['דקפיד עלייהו - האומן, שלא יתלכלכו ושלא יתעקמו.', 'מייחד להם מקום - מקצה להן בידים.']",Rashi on Shabbat 123a:5:3,
"רמב""ם הלכות שבת כה, ט:","['כל כלי שמקפיד עליו שמא יפחתו דמיו, כגון כלים המוקצים לסחורה וכלים היקרים ביותר שמקפיד עליהן שמא יפסדו, אסור לטלטלן בשבת, וזה הוא הנקרא מוקצה מחמת חסרון כיס. כגון המסר הגדול ויתד של מחרישה וסכין של טבחים וחרב של אושכפים וחצין החרשים וקורנס של בשמים וכיוצא בהן.']","Mishneh Torah, Sabbath 25:9",
אור שמח שם:,"['א""כ לגבי אכילה ל""ש מוקצה מחמת חסרון כיס דדעתי\' דאינש על כל מידי דחזי לי\'... דכל אשר לו יתן האדם בעד נפשו.']",,
נחל איתן שם:,['כגון כלים המוקצים לסחורה היינו שמחמת שעומדים לסחורה מקפיד עליהם שמא יפחתו משום הכי הוי מוקצה אבל משום שעומדים לסחורה לחוד לא הוי מוקצה.'],,
"שבת מד ע""א:","['תנו רבנן: מטלטלין נר חדש אבל לא ישן, דברי רבי יהודה. רבי מאיר אומר: כל הנרות מטלטלין, חוץ מן הנר שהדליקו בו בשבת. רבי שמעון אומר: חוץ מן הנר הדולק בשבת. כבתה - מותר לטלטלה, אבל כוס וקערה ועששית לא יזיזם ממקומם.', '...למימרא דרבי יהודה מוקצה מחמת מיאוס - אית ליה, מוקצה מחמת איסור - לית ליה?']",Shabbat 44a,
"פני יהושע שם ד""ה 'בפרש""י בד""ה אבל':","['בפרש""י בד""ה אבל לא ישן דמוקצה מחמת מיאוס הוא עכ""ל. ומש""ה אוסר ר""י אף על גב שלא הדליקו בו באותו שבת ומטעם איסור מוקצה מחמת מיאוס לר""י נראה דהיינו דמחמת מיאוסו אינו ראוי לשום תשמיש אחר כי אם להדלקה וכיון דבשבת להדלקה נמי לא חזי נמצא דאין שם תורת כלי עליו בשבת והו""ל כעצים ואבנים בעלמא שאין מטלטלין אותן אפילו לצורך גופן ומקומן מהטעם שכתב הרמב""ם ז""ל (בפרק כד מהלכות שבת הי""ב) כיון דהוה ליה כעובדא דחול אתי לידי איסור דאורייתא, כן נראה לי ודו""ק.']",,
"רי""ף שבת נח ע""א:",['דכיון דסני ריחיה אסוחי אסח דעתיה מיניה והוה ליה מוקצה מחמת מיאוס.'],Rif Shabbat 58a,
"שבת קמב ע""ב:","[""מתני'. האבן שעל פי החבית - מטה על צדה והיא נופלת. היתה בין החביות - מגביה, ומטה על צדה והיא נופלת. מעות שעל הכר - מנער את הכר והן נופלות. היתה עליו לשלשת - מקנחה בסמרטוט, היתה של עור - נותנין עליה מים עד שתכלה."", ""גמ'. אמר רב הונא אמר רב: לא שנו אלא בשוכח, אבל במניח - נעשה בסיס לדבר האסור.""]",Shabbat 142b,
"רש""י שם מז ע""א ד""ה 'הא ליכא פרי':","[""הא ליכא פרי לא - דכלי נעשה בסיס לאבן וטפלה לו, ובטל תורת כלי דידיה, והכי נמי נעשית מחתה בסיס לאפר, ור' יוחנן שמעינן ליה לעיל, דכר' יהודה סבירא ליה.""]",Rashi on Shabbat 47a:2:3,
"שו""ת תרומת הדשן, פסקים וכתבים, סימן קצג:","['אבל מה שמניחים בדרך אקראי... מפני שאין לו ריוח לפנות לכל חפץ... נראה דאם הונח המוקצה בדרך זה בין השמשות... הואיל ויודע שהמוקצה יהא נח על החפץ בשבת גם החפץ נעשה מוקצה מפני שמקצה דעתו ממנו אמנם בנידון דידן שהיה נח במוקצה על החפץ לפני זמן מרובה נראה אפילו הניחו בתחילה בכוונה ולא בדרך אקראי שרי משום דבע""ש נעשה שוכח.']",,
"שבת קמג ע""א, המשנה (פכ""א מ""ג):","['בית שמאי אומרים: מעבירין מעל השלחן עצמות וקליפין, ובית הלל אומרים: מסלק את הטבלא כולה ומנערה. מעבירין מלפני השלחן פירורין פחות מכזית, ושער של אפונין, ושער עדשים - מפני שהוא מאכל בהמה. ספוג, אם יש לו עור בית אחיזה - מקנחין בו, ואם לאו - אין מקנחין בו . (וחכמים אומרים:) בין כך ובין כך ניטל בשבת, ואינו מקבל טומאה.']",Shabbat 143a,
"שם כט ע""א:","['אמר רב יהודה אמר רב: מסיקין בכלים ואין מסיקין בשברי כלים, דברי רבי יהודה, ורבי שמעון מתיר. מסיקין בתמרין, אכלן - אין מסיקין בגרעיניהן, דברי רבי יהודה, ורבי שמעון מתיר. מסיקין באגוזים, אכלן - אין מסיקין בקליפותיהן, דברי רבי יהודה, ורבי שמעון מתיר. וצריכא, דאי אשמעינן קמייתא - בההיא קאמר רבי יהודה - משום דמעיקרא כלי והשתא שבר כלי, והוה ליה נולד - ואסור. אבל תמרים, דמעיקרא גרעינין והשתא גרעינין - אימא שפיר דמי. ואי אשמעינן גרעינין - הוה אמינא: דמעיקרא מכסיין, והשתא מיגליין. אבל קליפי אגוזין, דמעיקרא מיגלו והשתא מיגלו - אימא שפיר דמי, צריכא.']",Shabbat 29a,
אור זרוע סימן שכט:,"['לפי פירש""י שמפרש טעמא דנולד משום דלא ידע ליה דניהוי דעתיה עלויה... ותו גבי עצמות וקליפין בה""א מסלק את הטבלה כולה ומנערה ואמאי והא ידע בודאי שכשיאכל יהיו לפניו עצמות... הלכך פי\' רבי\' יצחק בר\' אשר דלא שייך לומר נולד לא בדבר שנשתנה ונעשה ראוי לדבר שלא היה ראוי לו מתחילה.']",,
"שמות כ, ח–יא:","[""זָכוֹר אֶת יוֹם הַשַּׁבָּת לְקַדְּשׁוֹ: שֵׁשֶׁת יָמִים תַּעֲבֹד וְעָשִׂיתָ כָּל מְלַאכְתֶּךָ: וְיוֹם הַשְּׁבִיעִי שַׁבָּת לַה' אֱלֹהֶיךָ לֹא תַעֲשֶׂה כָל מְלָאכָה אַתָּה וּבִנְךָ וּבִתֶּךָ עַבְדְּךָ וַאֲמָתְךָ וּבְהֶמְתֶּךָ וְגֵרְךָ אֲשֶׁר בִּשְׁעָרֶיךָ: כִּי שֵׁשֶׁת יָמִים עָשָׂה ה' אֶת הַשָּׁמַיִם וְאֶת הָאָרֶץ אֶת הַיָּם וְאֶת כָּל אֲשֶׁר בָּם וַיָּנַח בַּיּוֹם הַשְּׁבִיעִי עַל כֵּן בֵּרַךְ ה' אֶת יוֹם הַשַּׁבָּת וַיְקַדְּשֵׁהוּ:""]",Exodus 20:8-11,
"דברים ה, יב–טו:","[""שָׁמוֹר אֶת יוֹם הַשַּׁבָּת לְקַדְּשׁוֹ כַּאֲשֶׁר צִוְּךָ ה' אֱלֹהֶיךָ: שֵׁשֶׁת יָמִים תַּעֲבֹד וְעָשִׂיתָ כָּל מְלַאכְתֶּךָ: וְיוֹם הַשְּׁבִיעִי שַׁבָּת לַה' אֱלֹהֶיךָ לֹא תַעֲשֶׂה כָל מְלָאכָה אַתָּה וּבִנְךָ וּבִתֶּךָ וְעַבְדְּךָ וַאֲמָתֶךָ וְשׁוֹרְךָ וַחֲמֹרְךָ וְכָל בְּהֶמְתֶּךָ וְגֵרְךָ אֲשֶׁר בִּשְׁעָרֶיךָ לְמַעַן יָנוּחַ עַבְדְּךָ וַאֲמָתְךָ כָּמוֹךָ: וְזָכַרְתָּ כִּי עֶבֶד הָיִיתָ בְּאֶרֶץ מִצְרַיִם וַיֹּצִאֲךָ ה' אֱלֹהֶיךָ מִשָּׁם בְּיָד חֲזָקָה וּבִזְרֹעַ נְטוּיָה עַל כֵּן צִוְּךָ ה' אֱלֹהֶיךָ לַעֲשׂוֹת אֶת יוֹם הַשַּׁבָּת:""]",Deuteronomy 5:12,
"רשב""ם לשמות שם:","[""(ח) זכור את יום השבת – כל זכירה עונה על ימים שעברו, זכור ימות עולם וגו' בהנחל עליון גוים. זכור את היום הזה, לעולם, כי לשעבר ביום הזה יצאתם ממצרים. זכור אל תשכח את אשר הקצפת את ה' אלהיך וגו' [ו]בחורב וגו'. זכור רחמיך ה' וחסדיך כי מעולם המה. אף כאן זכור את יום השבת של ששת ימי בראשית כמו שמפרש והולך כי ששת ימים עשה ה' וגו' כמו שכתב כאן. ולפיכך נכתב כאן זכור כדי לקדשו להיות שובת ממלאכה."", ""(יא) על כן ברך ה' את יום השבת – כמו שפירשתי בבראשית כי על כן אשר ברך ה' את יום השבת שכשהגיע עת יום השבת כבר ברא הק' כל צורכי הבריות ומזונותם ונמצא השבת מבורך מכל טוב. ולכן ויקדשהו, לשבות בו לעדות כמו ששבת הק' שברא תחילה את הכל ואחר כך שבת.""]",,
ספורנו לדברים שם:,"['(יב) לקדשו כאשר צוך – באותו האופן שצוך במרה, כי אמנם כשצוך שם על השבת הודיע שלא יספיק לך שתקדשהו במה שתשבות בו ממלאכה, אבל שתעסוק בו בתורה ובמצות כאמרו והישר בעיניו תעשה והאזנת למצותיו (שם טו, כו).', '(יד–טו) למען ינוח עבדך ואמתך כמוך. וזכרת כי עבד היית – הנה מצות שביתת הבהמה היא כדי שינוח העבד. ומצות מנוחת העבד היא זכר ליציאת מצרים שהשבית בה הקדוש ברוך הוא את העבודה מן העבדים.']",,
"רמב""ן לשמות שם:","['(ח) זכור את יום השבת לקדשו – אחר שצוה שנאמין בשם המיוחד יתברך שהוא הנמצא, הוא הבורא, הוא המבין, והיכול, ושנייחד האמונה בכל אלה והכבוד לו לבדו, וצוה שנכבד זכר שמו, צוה שנעשה בזה סימן וזכרון תמיד להודיע שהוא ברא הכל, והיא מצות השבת שהיא זכר למעשה בראשית...', 'ועל דרך הפשט אמרו (במכילתא כאן) שהיא מצוה שנזכור תמיד בכל יום את השבת שלא נשכחהו ולא יתחלף לנו בשאר הימים, כי בזכרנו אותו תמיד יזכור מעשה בראשית בכל עת, ונודה בכל עת שיש לעולם בורא, והוא צוה אותנו באות הזה כמו שאמר (להלן לא, יג) כי אות היא ביני וביניכם. וזה עיקר גדול באמונת האל.', 'וטעם לקדשו – שיהא זכרוננו בו להיות קדוש בעינינו, כמו שאמר וקראת לשבת עונג לקדוש ה\' מכובד (ישעיה נח, יג). והטעם, שתהא השביתה בעינינו בעבור שהוא יום קדוש, להפנות בו מעסקי המחשבות והבלי הזמנים, ולתת בו עונג לנפשינו בדרכי ה\', וללכת אל החכמים ואל הנביאים לשמוע דברי ה\', כמו שנאמר (מ""ב ד, כג) מדוע את הולכת אליו היום לא חדש ולא שבת, שהיה דרכם כן, וכך אמרו רז""ל (ר""ה טז ע""א) מכלל דבחדש ושבת בעי למיזל.']",,
"שו""ת הרשב""א ד סימן רצה:",['עוד שאלת קידוש היום... דמדאורייתא לקדשו ולומר שבת היום... תשובה... וכן קידוש היום לזכור אותו בכניסתו כעין שבח וקילוס וכל אחד ואחד אומר כפי שיזומן לו מענייני שבחו וקדושתו.'],Teshuvot haRashba part IV 295,
"רמב""ם הלכות שבת ל, א:","[""ארבעה דברים נאמרו בשבת, שנים מן התורה ושנים מדברי סופרים והן מפורשין על ידי הנביאים. שבתורה זכור ושמור, ושנתפרשו על ידי הנביאים כבוד ועונג, שנאמר וקראת לשבת עונג ולקדוש ה' מכובד.""]","Mishneh Torah, Sabbath 30:1",
שם הלכה ט:,"['חייב אדם לאכול שלש סעודות בשבת, אחת ערבית ואחת שחרית ואחת במנחה. וצריך להזהר בשלש סעודות אלו שלא יפחות מהן כלל, ואפילו עני המתפרנס מן הצדקה סועד שלש סעודות. ואם היה חולה מרוב האכילה או שהיה מתענה תמיד פטור משלש סעודות, וצריך לקבוע כל סעודה משלשתן על היין ולבצוע על שתי ככרות, וכן בימים טובים.']",,
"תוספות רי""ד פסחים שם ד""ה 'שם זוכרהו על היין':","['ואין קידוש אלא במה שהוא שקובע סעודתו או פת או יין, דכתיב וקראת לשבת עונג, במקום קריאה שם יהא עונג.']",,
"רמב""ם הלכות שבת כט, א:","['מצות עשה מן התורה לקדש את יום השבת בדברים, שנאמר זכור את יום השבת לקדשו, כלומר זכרהו זכירת שבח וקידוש. וצריך לזכרהו בכניסתו וביציאתו, בכניסתו בקידוש היום וביציאתו בהבדלה.']","Mishneh Torah, Sabbath 29:1",
"שבועות יח ע""ב:","['אמר רבי חייא בר אבא אמר רבי יוחנן: כל המבדיל על היין במוצאי שבתות - הויין לו בנים זכרים, דכתיב: להבדיל בין הקדש ובין החול, וכתיב התם: להבדיל בין הטמא ובין הטהור, וסמיך ליה: אשה כי תזריע.']",Shevuot 18b,
"מגיד משנה על הרמב""ם שם:","['מצות עשה מן התורה וכו\' – מדברי רבינו נראה בביאור שהוא סובר שההבדלה ג""כ דבר תורה והכל בכלל זכור. וראיתי המפרשים ז""ל חלוקים בזה יש סוברים כדברי רבינו ואף על גב דבגמרא פ\' ערבי פסחים (דף קו) אין שם אלא זכרהו על היין בכניסתו אין לי אלא בלילה וכו\' מ""מ ילפינן ליה מדכתיב ולהבדיל כמ""ש פרק ידיעות הטומאה (שבועות יח ע""ב) ולשון מכילתא זכור את יום השבת קדשהו בברכה ובביאור אמר זכרהו על היין ואמרו גם כן קדשהו בכניסתו וקדשהו ביציאתו. וי""א שההבדלה אינה אלא מד""ס אבל הקידוש הוא דבר תורה. ודע שלדברי הכל אחד אנשים ואחד נשים חייבין הם בקידוש היום ומימרא מפורשת היא נשים חייבות בקידוש היום דבר תורה. ונפקא לן מזכור ושמור והבדלה נמי אם היא דבר תורה נפקא לן חיובא דנשים מהתם ואם היא מדבריהם דומיא דקידוש תקנוה ורבינו ז""ל סתם כאן וכיון שלא הזכיר בהן פטור מכלל שהן חייבות ופרק יב מהלכות עבודת כוכבים ומזלות וחקותיהם כתב רבינו וכל מצות עשה שהיא מזמן לזמן ואינה תדירה נשים פטורות חוץ מקידוש היום ואכילת מצה בלילי פסחים ואכילת פסח והקהל ושמחה שאף הנשים חייבות ע""כ ונסח הקידוש ידוע הוא. ונוסח ההבדלה נחלקו בו שם פ\' ערבי פסחים (דף קג–קד) והעלו בגמרא כדברי רבינו. וזה מוסכם.']",,
"בשבילי השבת כח, ו:","['ועיי""ש בטור שנחלקו הראשונים אם די באמירת המבדיל בין קודש לחול בלי ברכה כדי להתיר במלאכה או שצריכים דוקא ברכה בשם ומלכות וכן נחלקו במי שהבדיל בתפלה אם מותר לו לעשות מלאכה קודם שיבדיל... ויש לומר שהדבר תלוי בשני הלימודים שביארנו לעיל לדעת הרמב""ם שהבדלה מה""ת נלמדת זכור אם כן דינה צריך להיות כקידוש שהוא על היין ולכן אין די בהבדלה בתפלה... אבל אם הלימוד הוא מלהבדיל אין הכרח שההבדלה צריכה להיות דוקא על הכוס וגם אין הכרח לומר שצריכה דוקא שם ומלכות אלא העיקר הוא שתהיה הבדלה בין קודש לחול ודי בזה.']",,
"שבת קיג ע""א–ע""ב:","['וכבדתו מעשות דרכיך, וכבדתו - שלא יהא מלבושך של שבת כמלבושך של חול. וכי הא דרבי יוחנן קרי למאניה מכבדותי. מעשות דרכיך - שלא יהא הילוכך של שבת כהילוכך של חול. ממצוא חפצך - חפציך אסורין, חפצי שמים מותרין. ודבר דבר – שלא יהא דבורך של שבת כדבורך של חול . דבור - אסור, הרהור - מותר. בשלמא כולהו - לחיי, אלא שלא יהא הילוכך של שבת כהילוכך של חול מאי היא? כי הא דאמר רב הונא אמר רב, ואמרי ליה אמר רבי אבא אמר רב הונא: היה מהלך בשבת ופגע באמת המים, אם יכול להניח את רגלו ראשונה קודם שתעקר שניה - מותר, ואם לאו - אסור. מתקיף לה רבא: היכי ליעביד? ליקף - קמפיש בהילוכא, ליעבר - זימנין דמיתווסן מאני מיא, ואתי לידי סחיטה! אלא: בהא, כיון דלא אפשר - שפיר דמי. אלא: כדבעא מיניה רבי מרבי ישמעאל ברבי יוסי: מהו לפסוע פסיעה גסה בשבת? אמר לו: וכי בחול מי הותרה? שאני אומר: פסיעה גסה נוטלת אחד מחמש מאות ממאור עיניו של אדם. ומהדר ליה בקידושא דבי שמשי.']",Shabbat 113,
"רמב""ם הלכות שבת כד, ד:","['מותר לאדם לומר לפועל הנראה שתעמוד עמי לערב, אבל לא יאמר לו היה נכון לי לערב שנמצא עושה חפצו בשבת. ואסור לרוץ ולדלג בשבת שנאמר מעשות דרכיך שלא יהא הלוכך של שבת כהלוכך של חול. ויורד אדם לבור ושיח ומערה אפילו הן מאה אמה ומטפס ויורד ושותה ומטפס ועולה, ואסור להרבות בשיחה בטלה בשבת שנאמר ודבר דבר, שלא יהא דבורך של שבת כדבורך של חול.']","Mishneh Torah, Sabbath 24:4",
"מגיד משנה שם ד""ה 'ואסור להרבות':","['ואסור להרבות בשיחה וכו\' – באלו קשרים (שבת קיג ע""ב), שלא יהא דבורך של שבת כדבורך של חול. ופירש""י ז""ל כגון מקח וממכר וחשבונות והקשו עליו דהני ממצוא חפצך נפקא. אבל בירושלמי מפורש שאפילו שיחה בטלה להרבות אסור, ששם אמרו א""ר חייא בר בא רשב""י כד הוה חמי לאימיה משתעיא סגין הוה א""ל אימא שבתא היא, וזה דעת הרמב""ן והרשב""א ז""ל וכדברי רבינו.']",,
"שו""ת תרומת הדשן סימן סא:","['אמנם אם אותם בני אדם מתענגים בכך, כשמדברים ומספרים שמועות מהמלכים ושרים ומלחמותיהם וכה""ג, כדרך הרבה בני אדם שמתאוים לכך, נראה דודאי שרי.']",,
"שבת קנ ע""א:","['ואמר רבה בר בר חנה אמר רבי יוחנן: מאי טעמא דרבי יהושע בן קרחה - דכתיב ממצוא חפצך ודבר דבר; דיבור - אסור, הרהור - מותר.', '...ודיבור מי אסיר? והא רב חסדא ורב המנונא דאמרי תרוייהו: חשבונות של מצוה - מותר לחשבן בשבת. ואמר רבי אלעזר: פוסקים צדקה לעניים בשבת. ואמר רבי יעקב בר אידי אמר רבי יוחנן: מפקחין פיקוח נפש ופיקוח רבים בשבת, והולכין לבתי כנסיות לפקח על עסקי רבים בשבת. ואמר רבי שמואל בר נחמני אמר רבי יוחנן: הולכין לטרטיאות ולקרקסאות ולבסילקאות לפקח על עסקי רבים בשבת. ותנא דבי מנשה: משדכין על התינוקות ליארס בשבת, ועל התינוק ללמדו ספר וללמדו אומנות. - אמר קרא ממצוא חפצך ודבר דבר, חפציך - אסורים, חפצי שמים - מותרין.']",Shabbat 150a,
"רש""י שם קיג ע""א ד""ה 'ממצוא חפצך':","['ממצוא חפצך - כי ההוא דאמרינן בעירובין (לח ע""ב): לא יטייל אדם לסוף שדהו בשבת לידע מה היא צריכה [אחר השבת].']",Rashi on Shabbat 113a:14:3,
"שם ע""ב ד""ה 'שלא יהא':",['שלא יהא דבורך של שבת כדבורך של חול - כגון מקח וממכר וחשבונות.'],Rashi on Shabbat 113b:1:1,
"רמב""ם הלכות שבת כג, יח:","['אסור לחשב חשבונות שהוא צריך להן בשבת, בין שעבר בין שעתיד להיות, גזירה שמא יכתוב. לפיכך חשבונות שאין בהן צורך מותר לחשבן. כיצד? כמה סאין תבואה היה לנו בשנה פלונית, כמה דינרין הוציא בחתנות בנו וכיוצא באלו, שהן בכלל שיחה בטילה שאין בהן צורך כלל, המחשב אותן בשבת כמחשב בחול.']","Mishneh Torah, Sabbath 23:18",
"שם כד, יב:","['אסרו חכמים לטלטל מקצת דברים בשבת כדרך שהוא עושה בחול. ומפני מה נגעו באיסור זה? אמרו ומה אם הזהירו נביאים וצוו שלא יהיה הילוכך בשבת כהילוכך בחול ולא שיחת השבת כשיחת החול, שנאמר ודבר דבר, קל וחומר שלא יהיה טלטול בשבת כטלטול בחול, כדי שלא יהיה כיום חול בעיניו ויבוא להגביה ולתקן כלים מפינה לפינה או מבית לבית או להצניע אבנים וכיוצא בהן, שהרי הוא בטל ויושב בביתו ויבקש דבר שיתעסק בו, ונמצא שלא שבת ובטל הטעם שנאמר בתורה למען ינוח.']","Mishneh Torah, Sabbath 24:12",
"שבת קיג ע""א:","[""מתני'. מקפלין את הכלים אפילו ארבעה וחמשה פעמים. ומציעין את המטות מלילי שבת לשבת, אבל לא משבת למוצאי שבת. רבי ישמעאל אומר: מקפלין את הכלים, ומציעין את המטות מיום הכיפורים לשבת, וחלבי שבת קריבין ביום הכיפורים, אבל לא של יום הכיפורים בשבת. רבי עקיבא אומר: לא של שבת קריבין ביום הכיפורים, ולא של יום הכיפורים קריבין בשבת."", ""גמ'. אמרי דבי רבי ינאי: לא שנו אלא באדם אחד, אבל בשני בני אדם - לא, ובאדם אחד נמי - לא אמרן אלא בחדשים, אבל בישנים - לא. וחדשים נמי לא אמרן אלא בלבנים, אבל בצבועים - לא. ולא אמרן אלא שאין לו להחליף, אבל יש לו להחליף - לא. תנא: של בית רבן גמליאל לא היו מקפלין כלי לבן שלהן מפני שהיה להן להחליף. אמר רב הונא: אם יש לו להחליף - יחליף, ואם אין לו להחליף - ישלשל בבגדיו.""]",Shabbat 113a,
"רמב""ם הלכות שבת ל, ג:","['ומכבוד השבת שילבש כסות נקיה, ולא יהיה מלבוש החול כמלבוש השבת. ואם אין לו להחליף משלשל טליתו כדי שלא יהא מלבושו כמלבוש החול. ועזרא תיקן שיהו העם מכבסים בחמישי מפני כבוד השבת.']","Mishneh Torah, Sabbath 30:3",
"הררי קדם ג, פד:","['ונראה מדברי הרמב""ם דשני הלכות נאמרו בדין לבישת הבגדים בשבת. א. שיהא לו כסות נקיה והוא מדיני כבוד השבת ללבוש בה בגד נאה ונקי. ב. שיהיה שינוי בבגדיו משבת לחול... ונפ""מ נראה <span style=""background-color: #e6dabc;"">דאם</span> המנהג יהיה לילך במלבושים ארוכים ומשולשלים והוא ילך במלבושים קצרים... ועוד נראה נפ""מ בכל זה במש""כ החוות יאיר בספרו מקור חיים שצריך כל אחד שיהיה לו ג\' מלבושים שונים אחד לשבת ויו""ט ואחד לחול ועוד מלבוש אחד לחוה""מ ור""ח חנוכה ופורים <span style=""background-color: #e6dabc;"">ולכל</span> זמני השמחה... הקפידא היא שיהיה לו בגדים נאים... א""כ אין שום קפידא אם הוא לובש בגדים אלו בעוד זמנים מיוחדים. אולם לשיטת הרמב""ם דעיקר הקפידא היא שלא יהא מלבוש השבת מלבוש החול, כדי להבדילו ולקדשו משאר הימים.']",,
ויקרא פרק כג [להלן בדילוגים]:,"[""וַיְדַבֵּר ה' אֶל מֹשֶׁה לֵּאמֹר: דַּבֵּר אֶל בְּנֵי יִשְׂרָאֵל וְאָמַרְתָּ אֲלֵהֶם מוֹעֲדֵי ה' אֲשֶׁר תִּקְרְאוּ אֹתָם מִקְרָאֵי קֹדֶשׁ אֵלֶּה הֵם מוֹעֲדָי: ... אֵלֶּה מוֹעֲדֵי ה' מִקְרָאֵי קֹדֶשׁ אֲשֶׁר תִּקְרְאוּ אֹתָם בְּמוֹעֲדָם: בַּחֹדֶשׁ הָרִאשׁוֹן בְּאַרְבָּעָה עָשָׂר לַחֹדֶשׁ בֵּין הָעַרְבָּיִם פֶּסַח לַה': וּבַחֲמִשָּׁה עָשָׂר יוֹם לַחֹדֶשׁ הַזֶּה חַג הַמַּצּוֹת לַה' שִׁבְעַת יָמִים מַצּוֹת תֹּאכֵלוּ: בַּיּוֹם הָרִאשׁוֹן מִקְרָא קֹדֶשׁ יִהְיֶה לָכֶם כָּל מְלֶאכֶת עֲבֹדָה לֹא תַעֲשׂוּ: ... וּסְפַרְתֶּם לָכֶם מִמָּחֳרַת הַשַּׁבָּת מִיּוֹם הֲבִיאֲכֶם אֶת עֹמֶר הַתְּנוּפָה שֶׁבַע שַׁבָּתוֹת תְּמִימֹת תִּהְיֶינָה: עַד מִמָּחֳרַת הַשַּׁבָּת הַשְּׁבִיעִת תִּסְפְּרוּ חֲמִשִּׁים יוֹם וְהִקְרַבְתֶּם מִנְחָה חֲדָשָׁה לַה': ... וּקְרָאתֶם בְּעֶצֶם הַיּוֹם הַזֶּה מִקְרָא קֹדֶשׁ יִהְיֶה לָכֶם כָּל מְלֶאכֶת עֲבֹדָה לֹא תַעֲשׂוּ חֻקַּת עוֹלָם בְּכָל מוֹשְׁבֹתֵיכֶם לְדֹרֹתֵיכֶם: ... וַיְדַבֵּר ה' אֶל מֹשֶׁה לֵּאמֹר: דַּבֵּר אֶל בְּנֵי יִשְׂרָאֵל לֵאמֹר בַּחֹדֶשׁ הַשְּׁבִיעִי בְּאֶחָד לַחֹדֶשׁ יִהְיֶה לָכֶם שַׁבָּתוֹן זִכְרוֹן תְּרוּעָה מִקְרָא קֹדֶשׁ: כָּל מְלֶאכֶת עֲבֹדָה לֹא תַעֲשׂוּ וְהִקְרַבְתֶּם אִשֶּׁה לַה': כִּי כָל הַנֶּפֶשׁ אֲשֶׁר לֹא תְעֻנֶּה בְּעֶצֶם הַיּוֹם הַזֶּה וְנִכְרְתָה מֵעַמֶּיהָ: וְכָל הַנֶּפֶשׁ אֲשֶׁר תַּעֲשֶׂה כָּל מְלָאכָה בְּעֶצֶם הַיּוֹם הַזֶּה וְהַאֲבַדְתִּי אֶת הַנֶּפֶשׁ הַהִוא מִקֶּרֶב עַמָּהּ: כָּל מְלָאכָה לֹא תַעֲשׂוּ חֻקַּת עוֹלָם לְדֹרֹתֵיכֶם בְּכֹל מֹשְׁבֹתֵיכֶם: שַׁבַּת שַׁבָּתוֹן הוּא לָכֶם וְעִנִּיתֶם אֶת נַפְשֹׁתֵיכֶם בְּתִשְׁעָה לַחֹדֶשׁ בָּעֶרֶב מֵעֶרֶב עַד עֶרֶב תִּשְׁבְּתוּ שַׁבַּתְּכֶם: וַיְדַבֵּר ה' אֶל מֹשֶׁה לֵּאמֹר: אַךְ בֶּעָשׂוֹר לַחֹדֶשׁ הַשְּׁבִיעִי הַזֶּה יוֹם הַכִּפֻּרִים הוּא מִקְרָא קֹדֶשׁ יִהְיֶה לָכֶם וְעִנִּיתֶם אֶת נַפְשֹׁתֵיכֶם וְהִקְרַבְתֶּם אִשֶּׁה לַה': וְכָל מְלָאכָה לֹא תַעֲשׂוּ בְּעֶצֶם הַיּוֹם הַזֶּה כִּי יוֹם כִּפֻּרִים הוּא לְכַפֵּר עֲלֵיכֶם לִפְנֵי ה' אֱלֹהֵיכֶם: ... וַיְדַבֵּר ה' אֶל מֹשֶׁה לֵּאמֹר: דַּבֵּר אֶל בְּנֵי יִשְׂרָאֵל לֵאמֹר בַּחֲמִשָּׁה עָשָׂר יוֹם לַחֹדֶשׁ הַשְּׁבִיעִי הַזֶּה חַג הַסֻּכּוֹת שִׁבְעַת יָמִים לַה': בַּיּוֹם הָרִאשׁוֹן מִקְרָא קֹדֶשׁ כָּל מְלֶאכֶת עֲבֹדָה לֹא תַעֲשׂוּ: שִׁבְעַת יָמִים תַּקְרִיבוּ אִשֶּׁה לַה' בַּיּוֹם הַשְּׁמִינִי מִקְרָא קֹדֶשׁ יִהְיֶה לָכֶם וְהִקְרַבְתֶּם אִשֶּׁה לַה' עֲצֶרֶת הִוא כָּל מְלֶאכֶת עֲבֹדָה לֹא תַעֲשׂוּ: אֵלֶּה מוֹעֲדֵי ה' אֲשֶׁר תִּקְרְאוּ אֹתָם מִקְרָאֵי קֹדֶשׁ לְהַקְרִיב אִשֶּׁה לַה' עֹלָה וּמִנְחָה זֶבַח וּנְסָכִים דְּבַר יוֹם בְּיוֹמוֹ: מִלְּבַד שַׁבְּתֹת ה' וּמִלְּבַד מַתְּנוֹתֵיכֶם וּמִלְּבַד כָּל נִדְרֵיכֶם וּמִלְּבַד כָּל נִדְבֹתֵיכֶם אֲשֶׁר תִּתְּנוּ לַה': אַךְ בַּחֲמִשָּׁה עָשָׂר יוֹם לַחֹדֶשׁ הַשְּׁבִיעִי בְּאָסְפְּכֶם אֶת תְּבוּאַת הָאָרֶץ תָּחֹגּוּ אֶת חַג ה' שִׁבְעַת יָמִים בַּיּוֹם הָרִאשׁוֹן שַׁבָּתוֹן וּבַיּוֹם הַשְּׁמִינִי שַׁבָּתוֹן: ... וַיְדַבֵּר מֹשֶׁה אֶת מֹעֲדֵי ה' אֶל בְּנֵי יִשְׂרָאֵל:""]",Leviticus 23,
"דברים טז, א–יז:","[""שָׁמוֹר אֶת חֹדֶשׁ הָאָבִיב וְעָשִׂיתָ פֶּסַח לַה' אֱלֹהֶיךָ כִּי בְּחֹדֶשׁ הָאָבִיב הוֹצִיאֲךָ ה' אֱלֹהֶיךָ מִמִּצְרַיִם לָיְלָה: וְזָבַחְתָּ פֶּסַח לַה' אֱלֹהֶיךָ צֹאן וּבָקָר בַּמָּקוֹם אֲשֶׁר יִבְחַר ה' לְשַׁכֵּן שְׁמוֹ שָׁם: לֹא תֹאכַל עָלָיו חָמֵץ שִׁבְעַת יָמִים תֹּאכַל עָלָיו מַצּוֹת לֶחֶם עֹנִי כִּי בְחִפָּזוֹן יָצָאתָ מֵאֶרֶץ מִצְרַיִם לְמַעַן תִּזְכֹּר אֶת יוֹם צֵאתְךָ מֵאֶרֶץ מִצְרַיִם כֹּל יְמֵי חַיֶּיךָ: וְלֹא יֵרָאֶה לְךָ שְׂאֹר בְּכָל גְּבֻלְךָ שִׁבְעַת יָמִים וְלֹא יָלִין מִן הַבָּשָׂר אֲשֶׁר תִּזְבַּח בָּעֶרֶב בַּיּוֹם הָרִאשׁוֹן לַבֹּקֶר: לֹא תוּכַל לִזְבֹּחַ אֶת הַפָּסַח בְּאַחַד שְׁעָרֶיךָ אֲשֶׁר ה' אֱלֹהֶיךָ נֹתֵן לָךְ: כִּי אִם אֶל הַמָּקוֹם אֲשֶׁר יִבְחַר ה' אֱלֹהֶיךָ לְשַׁכֵּן שְׁמוֹ שָׁם תִּזְבַּח אֶת הַפֶּסַח בָּעָרֶב כְּבוֹא הַשֶּׁמֶשׁ מוֹעֵד צֵאתְךָ מִמִּצְרָיִם: וּבִשַּׁלְתָּ וְאָכַלְתָּ בַּמָּקוֹם אֲשֶׁר יִבְחַר ה' אֱלֹהֶיךָ בּוֹ וּפָנִיתָ בַבֹּקֶר וְהָלַכְתָּ לְאֹהָלֶיךָ: שֵׁשֶׁת יָמִים תֹּאכַל מַצּוֹת וּבַיּוֹם הַשְּׁבִיעִי עֲצֶרֶת לַה' אֱלֹהֶיךָ לֹא תַעֲשֶׂה מְלָאכָה: שִׁבְעָה שָׁבֻעֹת תִּסְפָּר לָךְ מֵהָחֵל חֶרְמֵשׁ בַּקָּמָה תָּחֵל לִסְפֹּר שִׁבְעָה שָׁבֻעוֹת: וְעָשִׂיתָ חַג שָׁבֻעוֹת לַה' אֱלֹהֶיךָ מִסַּת נִדְבַת יָדְךָ אֲשֶׁר תִּתֵּן כַּאֲשֶׁר יְבָרֶכְךָ ה' אֱלֹהֶיךָ: וְשָׂמַחְתָּ לִפְנֵי ה' אֱלֹהֶיךָ אַתָּה וּבִנְךָ וּבִתֶּךָ וְעַבְדְּךָ וַאֲמָתֶךָ וְהַלֵּוִי אֲשֶׁר בִּשְׁעָרֶיךָ וְהַגֵּר וְהַיָּתוֹם וְהָאַלְמָנָה אֲשֶׁר בְּקִרְבֶּךָ בַּמָּקוֹם אֲשֶׁר יִבְחַר ה' אֱלֹהֶיךָ לְשַׁכֵּן שְׁמוֹ שָׁם: וְזָכַרְתָּ כִּי עֶבֶד הָיִיתָ בְּמִצְרָיִם וְשָׁמַרְתָּ וְעָשִׂיתָ אֶת הַחֻקִּים הָאֵלֶּה: חַג הַסֻּכֹּת תַּעֲשֶׂה לְךָ שִׁבְעַת יָמִים בְּאָסְפְּךָ מִגָּרְנְךָ וּמִיִּקְבֶךָ: וְשָׂמַחְתָּ בְּחַגֶּךָ אַתָּה וּבִנְךָ וּבִתֶּךָ וְעַבְדְּךָ וַאֲמָתֶךָ וְהַלֵּוִי וְהַגֵּר וְהַיָּתוֹם וְהָאַלְמָנָה אֲשֶׁר בִּשְׁעָרֶיךָ: שִׁבְעַת יָמִים תָּחֹג לַה' אֱלֹהֶיךָ בַּמָּקוֹם אֲשֶׁר יִבְחַר ה' כִּי יְבָרֶכְךָ ה' אֱלֹהֶיךָ בְּכֹל תְּבוּאָתְךָ וּבְכֹל מַעֲשֵׂה יָדֶיךָ וְהָיִיתָ אַךְ שָׂמֵחַ: שָׁלוֹשׁ פְּעָמִים בַּשָּׁנָה יֵרָאֶה כָל זְכוּרְךָ אֶת פְּנֵי ה' אֱלֹהֶיךָ בַּמָּקוֹם אֲשֶׁר יִבְחָר בְּחַג הַמַּצּוֹת וּבְחַג הַשָּׁבֻעוֹת וּבְחַג הַסֻּכּוֹת וְלֹא יֵרָאֶה אֶת פְּנֵי ה' רֵיקָם: אִישׁ כְּמַתְּנַת יָדוֹ כְּבִרְכַּת ה' אֱלֹהֶיךָ אֲשֶׁר נָתַן לָךְ:""]",Deuteronomy 16:1-17,
"פסחים סח ע""ב:","['רבי יהושע לטעמיה, דאמר: שמחת יום טוב נמי מצוה היא. דתניא, רבי אליעזר אומר: אין לו לאדם ביום טוב אלא או אוכל ושותה או יושב ושונה. רבי יהושע אומר: חלקהו, חציו לאכילה ושתיה וחציו לבית המדרש. ואמר רבי יוחנן: ושניהם מקרא אחד דרשו, כתוב אחד אומר עצרת לה\' אלהיך, וכתוב אחד אומר עצרת תהיה לכם. רבי אליעזר סבר: או כולו לה\' או כולו לכם. ורבי יהושע סבר: חלקהו, חציו לה\' וחציו לכם. (עב""ם סימן) אמר רבי אלעזר: הכל מודים בעצרת דבעינן נמי לכם. מאי טעמא - יום שניתנה בו תורה הוא. אמר רבה: הכל מודים בשבת דבעינן נמי לכם. מאי טעמא - וקראת לשבת ענג. אמר רב יוסף: הכל מודים בפורים דבעינן נמי לכם - מאי טעמא ימי משתה ושמחה כתיב ביה. מר בריה דרבינא כולה שתא הוה יתיב בתעניתא, לבר מעצרתא ופוריא ומעלי יומא דכיפורי. עצרת - יום שניתנה בו תורה, פוריא - ימי משתה ושמחה כתיב, מעלי יומא דכיפורי - דתני חייא בר רב מדפתי: ועניתם את נפשתיכם בתשעה לחדש וכי בתשעה (הם) מתענין? והלא בעשירי מתענין! אלא לומר לך: כל האוכל ושותה בתשעה בו - מעלה עליו הכתוב כאילו מתענה תשיעי ועשירי.']",Pesachim 68b,
"ירושלמי שבת פט""ו ה""ג:","[""רבי חגי בשם רבי שמואל בר נחמן: לא ניתנו שבתות וימים טובים אלא לאכילה ולשתייה. על ידי שהפה זה מסריח התירו לו לעסוק בהן בדברי תורה. רבי ברכיה בשם רבי חייא בר בא לא ניתנו שבתות וימים טובים אלא לעסוק בהן בדברי תורה. מתני' מסייעה בין לדין בין לדין: כיצד הוא עושה, או יושב ואוכל או יושב ועוסק בדברי תורה. כתוב אחד אומר (ויקרא כג, ג) שבת הוא לה', וכתוב אחד אומר (דברים טז, ח) עצרת לה' אלהיך. הא כיצד, תן חלק לתלמוד תורה וחלק לאכול ולשתות.""]",Jerusalem Talmud Shabbat 15:3,
"מורה נבוכים ג, לה (תרגום הרב קאפח):","['מצות הימים האסורים, כלומר שבתות וימים טובים. וכבר באר הכתוב טעם כל יום מהם והזכיר סִבָּתוֹ, ושהוא להשגת השקפה או למנוחת גוף, או לכללות שני הדברים יחד.']",,
"שם ג, מג:","['אבל ימים טובים הרי כולם לשמחות ולהתקהלויות הגורמים הנאה שהיא הכרחית לאדם על הרוב, והם גם מועילים בהתקרבויות הדרושות להיות בין בני אדם בקבוצים המדיניים.']",,
ספר החינוך מצווה תפח (מצוה לשמוח ברגלים):,"['משרשי המצוה, לפי שהאדם נכון על ענין שצריך טבעו לשמוח לפרקים כמו שהוא צריך אל המזון על כל פנים ואל המנוחה ואל השינה, ורצה האל לזכותנו אנחנו עמו וצאן מרעיתו וציונו לעשות השמחה לשמו למען נזכה לפניו בכל מעשינו. והנה קבע לנו זמנים בשנה למועדים לזכור בהם הנסים והטובות אשר גמלנו, ואז בעתים ההם ציונו לכלכל החומר בדבר השמחה הצריכה אליו. וימצא לנו תרופה גדולה בהיות שובע השמחות לשמו ולזכרו, כי המחשבה הזאת תהיה לנו גדר לבל נצא מדרך היושר יותר מדאי. ואשר עמו התבוננות מבלי החפץ בקטרוג ימצא טעם בדברי.']",,Sefer HaChinukh 488
שם מצווה רצז (מצוות שביתה ביום ראשון של פסח):,"['משרשי המצוה, כדי שנחשוב בענין המועד בנס שנעשה לנו בו, ונהלל ונפאר במחשבתינו מה שצונו ברוך הוא עליו ועשה לנו נסים בזמן ההוא, ואם יהיה האדם טרוד במלאכתו לא יהיה לו פנאי לחשוב בשום דבר.']",,Sefer HaChinukh 297
שם מצווה רצח (שלא לעשות מלאכה ביום ראשון של פסח):,"['משרשי המצוה, כדי שיזכרו ישראל הנסים הגדולים שעשה השם להם ולאבותיהם, וידברו בם ויודיעום לבניהם ולבני בניהם, כי מתוך השביתה מעסקי העולם יהיו פנויים לעסוק בזה, שאילו היו מותרין במלאכה ואפילו במלאכה קלה היה כל אחד ואחד פונה לעסקו, וכבוד הרגל ישכח מפי עוללים גם מפי הגדולים.']",,Sefer HaChinukh 298
"מגילה ה ע""ב:","['ורבי, היכי נטע נטיעה בפורים? והתני רב יוסף: שמחה ומשתה ויום טוב, שמחה - מלמד שאסורים בהספד, משתה - מלמד שאסור בתענית, ויום טוב - מלמד שאסור בעשיית מלאכה! אלא: רבי בר ארביסר הוה, וכי נטע - בחמיסר נטע. איני? והא רבי בטבריא הוה, וטבריא מוקפת חומה מימות יהושע בן נון הואי! אלא, רבי בר חמיסר הוה, וכי נטע - בארביסר הוה. ומי פשיטא ליה דטבריא מוקפת חומה מימות יהושע בן נון? והא חזקיה קרי בטבריא בארביסר ובחמיסר, מספקא ליה אי מוקפת חומה מימות יהושע בן נון היא אי לא! לחזקיה - מספקא ליה, לרבי - פשיטא ליה. וכי פשיטא ליה מי שרי? והכתיב במגילת תענית: את יום ארבעה עשר ואת יום חמשה עשר יומי פוריא אינון, דלא למספד בהון. ואמר רבא: לא נצרכא אלא לאסור את של זה בזה ואת של זה בזה! - הני מילי - בהספד ובתענית, אבל מלאכה - יום אחד ותו לא. איני? והא רב חזייה לההוא גברא דהוה קא שדי כיתנא בפוריא, ולטייה ולא צמח כיתניה! התם בר יומא הוה. רבה בריה דרבא אמר: אפילו תימא ביומיה, הספד ותענית - קבילו עלייהו, מלאכה לא קבילו עלייהו. דמעיקרא כתיב שמחה ומשתה ויום טוב, ולבסוף כתיב לעשות אותם ימי משתה ושמחה, ואילו יום טוב לא כתיב.']",Megillah 5b,
"שו""ת חתם סופר או""ח סימן קסה:","['ולא מצאתי שם יום טוב בקרא אלא על תוספות אכילה ושתייה... ומה שפרשו חז""ל... לא שי""ט מורה על איסור מלאכה אלא מיתורא קא דריש... אבל לא שיהיה פירוש שם י""ט אלא על שמחה.']",,
"שמות יב, טז:",['וּבַיּוֹם הָרִאשׁוֹן מִקְרָא קֹדֶשׁ וּבַיּוֹם הַשְּׁבִיעִי מִקְרָא קֹדֶשׁ יִהְיֶה לָכֶם כָּל מְלָאכָה לֹא יֵעָשֶׂה בָהֶם אַךְ אֲשֶׁר יֵאָכֵל לְכָל נֶפֶשׁ הוּא לְבַדּוֹ יֵעָשֶׂה לָכֶם:'],Exodus 12:16,
"רמב""ן לויקרא כג, ז:","['ועם כל זה מצאתי קושיא על דברינו, מברייתא השנויה בספרי (פנחס קמז): כל מלאכת עבודה לא תעשו (במדבר כח, יח), מגיד שאסור בעשיית מלאכה, מנין להתיר בו אוכל נפש, נאמר כאן מקרא קדש ונאמר להלן (שמות יב, טז) מקרא קדש, מה להלן להתיר בו אוכל נפש אף כאן להתיר בו אוכל נפש. ונראה לי כי ""עבודה"" אצל רבותינו ז""ל טורח ועמל שאדם עובד בו לאחר, מלשון עבודת עבד (ויקרא כה, לט), עבד עבדים יהיה לאחיו (בראשית ט, כה), עבדו את כדרלעומר (שם יד, ד), וכן עבודת עבודה ועבודת משא (במדבר ד, מז), עבודת כל טורח שבאהל ועבודת משא בכתף. ואם כן, היה באפשר שמלאכות קלות שאדם עושה להנאת עצמו מותרת ואף על פי שאינה אוכל נפש, ושיהיה אוכל נפש מרובה שהשמש עובד בו לרבו אסור. ועל כן שאל, מנין שההיתר הזה הוא באוכל נפש עד שנתיר כל אוכל נפש אפילו בטורח, ונאסור כל שאר המלאכות שאפילו הקלות שבהם מלאכת עבודה איקרו, תלמוד לומר מקרא קדש לגזירה שוה ששם באה כל מלאכה לאיסור וכל אוכל נפש להתיר. וראיתי במכילתא (בא ט) דתני אך אשר יאכל לכל נפש (שמות יב, טז), כל אוכל נפש דוחה י""ט ואין כל עבודה דוחה י""ט. ויהא מקצת אוכל נפש דוחה שבת, והדין נותן, ומה אם במקום שאין כל עבודה דוחה י""ט כל אוכל נפש דוחה י""ט, מקום שמקצת עבודה דוחה שבת אינו דין שיהא מקצת אוכל נפש דוחה את השבת, תלמוד לומר אשר יאכל לכל נפש, מקצת עבודה דוחה את השבת ואין מקצת אוכל נפש דוחה את השבת. ופירוש מקצת עבודה, כגון חובת היום תמידין ומוספין, ואין כל עבודה דוחה י""ט נדרים ונדבות או עולת נדבה. אבל מקצת אוכל נפש לא נתברר לי פירושו, אלא שירמוז למה שאמרנו, שהבא בטורח גדול בדומה לעבודה יהיה בכלל איסור והבא בנקל כמנהגו של אדם לעצמו יהיה מותר. או מקצתו כדי חייו, וכולו תבשילין מרובין לתענוג. והכלל במלאכת עבודה שהוא להתיר אוכל נפש.']",Ramban on Leviticus 23:7,
"ביצה כא ע""א–ע""ב:","['תנאי היא, דתניא: אך אשר יאכל לכל נפש הוא לבדו יעשה לכם, ממשמע שנאמר לכל נפש - שומע אני אפילו נפש בהמה במשמע, כענין שנאמר ומכה נפש בהמה ישלמנה, תלמוד לומר לכם, לכם - ולא לכלבים, דברי רבי יוסי הגלילי. רבי עקיבא אומר: אפילו נפש בהמה במשמע, אם כן, מה תלמוד לומר לכם - לכם ולא לנכרים. ומה ראית לרבות את הכלבים ולהוציא את הנכרים - מרבה אני את הכלבים שמזונותן עליך, ומוציא אני את הנכרים - שאין מזונותן עליך. אמר ליה אביי לרב יוסף: ולרבי יוסי הגלילי דאמר לכם ולא לכלבים, הני סופלי לחיותא היכי שדינן להו ביום טוב? אמר ליה: הואיל וחזו להסקה. תינח ביבישתא, ברטיבתא מאי איכא למימר? אמר ליה: חזו להיסק גדול. תינח ביום טוב, בשבת מאי איכא למימר? מטלטלינן להו אגב ריפתא, כדשמואל.']",Beitzah 21,
"ביצה יב ע""א:","[""מתני'. בית שמאי אומרים: אין מוציאין לא את הקטן, ולא את הלולב, ולא את ספר תורה לרשות הרבים. ובית הלל מתירין."", ""גמ'. תני תנא קמיה דרבי יצחק בר אבדימי: השוחט עולת נדבה ביום טוב לוקה. אמר ליה: דאמר לך מני - בית שמאי היא, דאמרי: לא אמרינן מתוך שהותרה הוצאה לצורך - הותרה נמי שלא לצורך. דאי בית הלל - הא אמרי: מתוך שהותרה הוצאה לצורך - הותרה נמי שלא לצורך. הכא נמי, מתוך שהותרה שחיטה לצורך - הותרה נמי שלא לצורך.""]",Beitzah 12a,
"המידות לחקר ההלכה ה, י:","['במלאכת אוכל נפש ביו""ט יש גם כן אותה החקירה אם זהו בבחינת שתי סבות המתנגדות זה לזו סבת האיסור היא המלאכה וסבת ההיתר האוכל נפש והסבה השניה מבטלת את הראשונה שבודאי סבת האיסור יש אלא שהפק""נ הוא סבה לסלק את האיסור וכאן ביו""ט... אוכל נפש... וכבר הבאתי במק""א דבזה היא מחלוקת ב""ש לב""ה אי אמרינן לגבי יו""ט מתוך שהותרה לצורך הותרה שלא לצורך דאי הצורך אוכל נפש זוהיסבה עצמאית להיתר אין שייך ע""ז להגיד מתוך וכמו שלא שייך להגיד מתוך שפק""נ דוחה שבת ככה ג""כ בלי פק""נ תודחה שבת... וב""ה סברי כצד השני שבצורך אוכל נפש אין כלל סבה לאיסור ביו""ט מפני שזה לא נקראה מלאכת עבודה ובשביל כך אע""פ שבמקרה הוא שלא לצורך אבל כיון שעצם המלאכה הוא באוכל נפש לאו מלאכת עבודה היא.']",,
"שו""ת ר' עקיבא איגר קמא סימן א:","['על אודות בני ביתו ששכחו להזכיר של חג בברכת המזון... הייתי מורה... אנשים יחזרו לברך אבל לא הנשים והבנות וטעמא דידי משום דיש לי לדון דאשה מותרת להתענות בי""ט דאיסור תענית בי""ט נראה שהוא מדין עונג... אבל מ""מ נראה דאינה מחוייבת באכילת פת דנראה דאכילת פת אינו מצד חיוב שמחה דהא בשבת ליכא חיוב שמחה אלא דנראה דמן כבוד שבת לקבוע סעודה על הלחם והכיבוד ועונג עם שמחה תרי מילי נינהו עי\' ברמב""ם פ""ו מהל\' יו""ט שכ\' כשם שמצוה לכבד שבת ולענגה כך כל ימים טובים.']",,
"רא""ש ברכות ז, כג (בסופו):","[""הלכך נראה לרבינו יהודה דחייב אדם לאכול פת ביום טוב משום שמחה, משום חלקהו חציו לאכילה, ועיקר אכילה הוא לחם. והא דאמרי' בסוכה מכאן ואילך רשות דאי בעי לא אכיל, הכי קאמר: רשות משום סוכה, ולעולם חובה היא משום שמחת יום טוב.""]",Rosh on Berakhot 7:23,
"ביאור הלכה או""ח קפח, ח ד""ה 'סעודה שלישית':","['סעודה שלישית וכו\' – אבל שתי סעודות הראשונות בודאי חייב בפת לכו""ע דהא כתיב וקראת לשבת ענג ואין ענג בלא פת (הרשב""א בחידושיו). ובתוספות רבינו יהודה על ברכות איתא דהוא הדין ביום טוב, דכתיב ביה שמחה, ואין זה בלא לחם.']",Biur Halacha 188:8:1,
"תוספות כתובות ז ע""א ד""ה 'מתוך שהותרה לצורך':","['מתוך שהותרה לצורך - פירוש לצורך אוכל נפש הותרה נמי שלא לצורך אוכל נפש ובלבד שיהא צורך הנאת היום או צורך קיום מצוה ביום טוב כההיא דהוצאת קטן למולו וספר תורה לקרות בו ולולב לצאת בו (ביצה יב ע""א) אבל שלא לצורך היום כלל לא כמו הוצאת אבנים דמיחייב... ונראה לר""י דהוצאת תינוק לטייל הוי צורך היום ומיהו הוצאה לצורך נכרי נראה דאסור ומה שנהגו עתה להוציא לצורך נכרי היה נראה לרשב""א משום דרשות הרבים דידן לא הוי אלא כרמלית דאין רחבין ט""ז אמה וגבי יום טוב לא גזור רבנן כי היכי דלא תקון רבנן עירובי חצירות ביום טוב כדמשמע בריש פרק שני דביצה (דף טז ע""ב) דאמר יום טוב שחל להיות ערב שבת כו\' רבי אומר מערבין עירובי חצירות אבל לא עירובי תחומין לפי שאתה אוסרו בדבר האסור לו ואי אתה אוסרו בדבר המותר לו אלמא לא תקון עירובי חצירות ביום טוב והוא הדין דלא גזרו בכרמלית... מוכח לה שפיר מדשרו הוצאה דלא גזרו רבנן אעירובי חצירות אלא משום הוצאה אבל עירובי תחומין אין עניינה להוצאה.']",Tosafot on Ketubot 7a:5:1,
"מהרש""א שם ד""ה 'בא""ד והא דקאמר':","['בא""ד והא דקאמר ואי אתה אוסרו בדבר המותר לו היינו משום דמותר להוציאו לצורך עכ""ל – וצריך ליתן טעם אמאי לא התירו נמי תחומין לצורך דהא אפילו מלאכה גמורה התירו מהאי טעמא דמתוך ויש ליישב וק""ל.']",,
"שו""ת חתם סופר או""ח סימן קמט:","['דאין כאן קושיא כלל, דודאי אילו היה איסור תחומין בכלל מלאכה היה בכלל היתר אך אשר יאכל... משא""כ תחומין שנאסר הוא אסור בפני עצמו לא מטעם מלאכה... ומה ענין זה להיתר אוכל נפש.']",,
"חוט שני, יום טוב וחול המועד, פרק ח (בסופו):","['ועוד שאין להתיר יציאה מחוץ לתחום ביום טוב, דדוקא דברים שעל פי הרגילות נזקקים לעשות לצורך אוכל נפש מותר, אבל יציאה מחוץ לתחום הוא מקרה נדיר ולא הוי בכלל אוכל נפש כלל.']",,
"ביצה ב ע""א:","[""מתני'. ביצה שנולדה ביום טוב, בית שמאי אומרים: תאכל, ובית הלל אומרים: לא תאכל. בית שמאי אומרים: שאור בכזית, וחמץ בככותבת, ובית הלל אומרים: זה וזה בכזית. השוחט חיה ועוף ביום טוב, בית שמאי אומרים: יחפור בדקר ויכסה, ובית הלל אומרים: לא ישחוט אלא אם כן היה לו עפר מוכן מבעוד יום. ומודים, שאם שחט - שיחפור בדקר ויכסה, שאפר כירה מוכן הוא."", ""גמ'. במאי עסקינן? אילימא בתרנגולת העומדת לאכילה - מאי טעמייהו דבית הלל? אוכלא דאפרת הוא! אלא בתרנגולת העומדת לגדל ביצים - מאי טעמייהו דבית שמאי? מוקצה היא! ומאי קושיא? דלמא בית שמאי לית להו מוקצה? קא סלקא דעתין: אפילו מאן דשרי במוקצה - בנולד אסר, מאי טעמייהו דבית שמאי? אמר רב נחמן: לעולם בתרנגולת העומדת לגדל ביצים, ודאית ליה מוקצה אית ליה נולד, ודלית ליה מוקצה לית ליה נולד, בית שמאי כרבי שמעון ובית הלל כרבי יהודה. ומי אמר רב נחמן הכי? והתנן: בית שמאי אומרים: מגביהין מעל השלחן עצמות וקליפין, ובית הלל אומרים: מסלק את הטבלא כולה ומנערה. ואמר רב נחמן: אנו אין לנו אלא בית שמאי כרבי יהודה, ובית הלל כרבי שמעון! אמר לך רב נחמן: גבי שבת, דסתם לן תנא כרבי שמעון, דתנן: מחתכין את הדלועין לפני הבהמה, ואת הנבלה לפני הכלבים - מוקים לה לבית הלל כרבי שמעון. אבל גבי יום טוב דסתם לן תנא כרבי יהודה, דתנן: אין מבקעין עצים מן הקורות ולא מן הקורה שנשברה ביום טוב, מוקים לה לבית הלל כרבי יהודה. - מכדי, מאן סתמיה למתניתין - רבי, מאי שנא בשבת דסתם לן כרבי שמעון, ומאי שנא ביום טוב דסתם לן כרבי יהודה? אמרי: שבת דחמירא ולא אתי לזלזולי בה - סתם לן כרבי שמעון דמיקל, יום טוב דקיל ואתי לזלזולי ביה - סתם לן כרבי יהודה דמחמיר.""]",,
"רמב""ם הלכות יום טוב א, יז:","['כל שאסור בשבת, בין משום שהוא דומה למלאכה או מביא לידי מלאכה בין שהוא משום שבות, הרי זה אסור ביום טוב, אלא אם כן היה בו צורך אכילה וכיוצא בה, או דברים שהם מותרים ביום טוב כמו שיתבאר בהלכות אלו. וכל שאסור לטלטלו בשבת אסור לטלטלו ביום טוב, אלא לצורך אכילה וכיוצא בה. וכל שמותר בשבת מותר ביום טוב. ויש ביום טוב מה שאין בשבת, איסור מוקצה. שהמוקצה אסור ביום טוב ומותר בשבת, מפני שיום טוב קל משבת אסרו בו המוקצה שמא יבואו לזלזל בו.']","Mishneh Torah, Rest on a Holiday 1:17",
"השגת הראב""ד שם:","['מפני שיו""ט קל משבת אסרו בו המוקצה שמא יבואו לזלזל בו. א""א, לא הכל שוין בזה.)']",,
הגהות מיימוניות שם:,"['במסכת ביצה שבת דחמירא ולא אתי לזלזולי בה סתם לן תנא כר""ש יום טוב דקיל ואתי לזלזולי ביה סתם לן כר\' יהודה וכן פר""ח ור""י אלפס וה""ג דביו""ט קיי""ל כר\' יהודה דאית ליה מוקצה. אמנם רש""י פירש פרק המביא דקיי""ל כר""ש אפילו ביום טוב וכן פר""ת וכן מוכח פ\' בתרא דשבת דפריך מההיא דקורה שנשברה וכו\' לרבי יוחנן דפסיק כר""ש ועיין בתוספות ובשאלתות, ועוד יש גאונים שפסקו בשניהם לקולא כר""ש, ע""כ.']",,
"משנה ברורה תצה ס""ק טו:","['מוקצה אף על פי שהוא מותר וכו\' – פי\' דלעיל בסימן שי מתבאר דיש כמה מיני מוקצה המותרין בשבת כמו מוקצה מחמת שעומד לסחורה או בשהכניסו לאוצר ואין דעתו להסתפק ממנו עד אחר זמן או מוקצה מחמת מיאוס ועוד כמה גווני אך כל זה הקילו דוקא בשבת דחמיר לאינשי ולא חיישינן אם נקל לו לטלטל דבר מוקצה יבוא להקל בשאר איסורי שבת אבל ביום טוב דקילי ליה שהרי הרבה מלאכות מותרים לו לצורך אוכל נפש ואם נקל לו במוקצה יבוא להקל גם בשאר איסורי יום טוב ולפיכך אסרו לו חכמים לטלטל ולאכלו ולפי סברא זו בהמה העומדת לחלבה ותרנגולת לביצתה ושור של חרישה אסור לשחטן ביום טוב עד שיכין אותם לכך מעיו""ט וכן כל כה""ג צריך הכנה מבע""י ודבר שהוא מוקצה מחמת נולד פשיטא דאסור לדעת המחבר ביום טוב.']",Mishnah Berurah 495:15,
"מרכבת המשנה על הרמב""ם שם ד""ה 'ויש ביו""ט':","['ולדעתי נראה דודאי אין הפירוש דיו""ט דקיל והוא איסור לאו אתי לזלזולי ביה דאין זה סברא שיזלזלו באיסור לאו אלא ה""ק יו""ט אלא ה""ק יו""ט דקיל והותר אוכל נפש (נמצא) אתי לזלזולי ביה ולא יכין כל צרכו מערב יו""ט ולפעמים לא ימצא כל צרכו ביו""ט וימעט בכבוד היום משו""ה אסרו מוקצה דהכנה משא""כ שבת דחמיר דמי שלא טרח בע""ש לא יאכל בשבת והכל מזומן לסעודה לכבוד היום ולא אתי לזלזולי משו""ה לא גזרו על מוקצה דהכנה וזה לא שייך אלא במוקצה דהכנה גרידא אבל בשארי מוקצה דלא חזי למידי כמו שבות דזריקה ודאי שבות שבת חמיר.']",,
"ויקרא כג, ו–ח, לה–לו, לט:","[""וּבַחֲמִשָּׁה עָשָׂר יוֹם לַחֹדֶשׁ הַזֶּה חַג הַמַּצּוֹת לַה' שִׁבְעַת יָמִים מַצּוֹת תֹּאכֵלוּ: בַּיּוֹם הָרִאשׁוֹן מִקְרָא קֹדֶשׁ יִהְיֶה לָכֶם כָּל מְלֶאכֶת עֲבֹדָה לֹא תַעֲשׂוּ: וְהִקְרַבְתֶּם אִשֶּׁה לַה' שִׁבְעַת יָמִים בַּיּוֹם הַשְּׁבִיעִי מִקְרָא קֹדֶשׁ כָּל מְלֶאכֶת עֲבֹדָה לֹא תַעֲשׂוּ: [...]"", ""בַּיּוֹם הָרִאשׁוֹן מִקְרָא קֹדֶשׁ כָּל מְלֶאכֶת עֲבֹדָה לֹא תַעֲשׂוּ: שִׁבְעַת יָמִים תַּקְרִיבוּ אִשֶּׁה לַה' בַּיּוֹם הַשְּׁמִינִי מִקְרָא קֹדֶשׁ יִהְיֶה לָכֶם וְהִקְרַבְתֶּם אִשֶּׁה לַה' עֲצֶרֶת הִוא כָּל מְלֶאכֶת עֲבֹדָה לֹא תַעֲשׂוּ: [...]"", ""אַךְ בַּחֲמִשָּׁה עָשָׂר יוֹם לַחֹדֶשׁ הַשְּׁבִיעִי בְּאָסְפְּכֶם אֶת תְּבוּאַת הָאָרֶץ תָּחֹגּוּ אֶת חַג ה' שִׁבְעַת יָמִים בַּיּוֹם הָרִאשׁוֹן שַׁבָּתוֹן וּבַיּוֹם הַשְּׁמִינִי שַׁבָּתוֹן:""]",,Leviticus 23:6-8
"דברים טז, ח, יג–טו:","[""שֵׁשֶׁת יָמִים תֹּאכַל מַצּוֹת וּבַיּוֹם הַשְּׁבִיעִי עֲצֶרֶת לַה' אֱלֹהֶיךָ לֹא תַעֲשֶׂה מְלָאכָה: [...]"", ""חַג הַסֻּכֹּת תַּעֲשֶׂה לְךָ שִׁבְעַת יָמִים בְּאָסְפְּךָ מִגָּרְנְךָ וּמִיִּקְבֶךָ: וְשָׂמַחְתָּ בְּחַגֶּךָ אַתָּה וּבִנְךָ וּבִתֶּךָ וְעַבְדְּךָ וַאֲמָתֶךָ וְהַלֵּוִי וְהַגֵּר וְהַיָּתוֹם וְהָאַלְמָנָה אֲשֶׁר בִּשְׁעָרֶיךָ: שִׁבְעַת יָמִים תָּחֹג לַה' אֱלֹהֶיךָ בַּמָּקוֹם אֲשֶׁר יִבְחַר ה' כִּי יְבָרֶכְךָ ה' אֱלֹהֶיךָ בְּכֹל תְּבוּאָתְךָ וּבְכֹל מַעֲשֵׂה יָדֶיךָ וְהָיִיתָ אַךְ שָׂמֵחַ:""]",,Deuteronomy 16:8
"ט""ז או""ח תרסח, א:","['דלא מצינו בגמר\' בשום דוכתי שיהיו ימי ח""ה נקראים י""ט, דהא בריש החליל אמרי\' דאינו דוחה י""ט, שמע מינה שאין חול המועד י""ט.']",,
"חידושי הריטב""א סוכה לח ע""א ד""ה 'הכא ביום טוב':","['ואגב אורחין שמעינן דחולו של מועד יום טוב מיקרי מכיון דאסור בעשיית מלאכה והכי נמי משמע בריש פרקין, ובמסכת מגילה (ה ע""ב) אמרינן גבי פורים יום טוב לא קבילו עלייהו ולפיכך (ש)לא נאסר (נ""א: לפי שלא יאסר) במלאכה, ומה שאין אנו אומרים בחולו של מועד בתפלה את יום טוב מקרא קדש הזה, לפי שעושין בו מלאכה בדבר האבד ושלא לזלזל ביום טוב ממש שיהיו סבורין שהם שוין בקדושה מכיון ששוין בשמותם. מפי מורי נר""ו.']",Ritva on Sukkah 38a:4,
"ערוך השולחן או""ח תקל:","['א. בחגיגה (יח ע""א) הביאו בגמ\' כמה דרשות דחול המועד אסור במלאכה וכן בתורת כהנים פ\' אמור איתא וז""ל וכל מלאכה לא תעשו הרי זה בא ללמד על ימי מועד שהם אסורים במלאכה יכול יהו אסורים במלאכת עבודה ת""ל הוא הוא אסור במלאכת עבודה ואין ימי מועד אסורים במלאכת עבודה וטעות הדפוס הוא וכצ""ל עצרת היא כל מלאכת עבדה לא תעשו דקרא דכל מלאכה לא תעשו לא נכתב ברגלים וזהו עצמו הדרשא שבחגיגה ע""ש ודריש מהיא היא אסורה במלאכת עבודה כלומר יום טוב עצמו ולא חול המועד דאל""כ ליכתב כל מלאכת עבודה אכל השבעת ימים ומהו עניין דמלאכת עבודה זהו דבר האבד כלומר דהתורה התירה מלאכת אוכל נפש ביום טוב אבל מלאכת עבודה כלל כלל לא אפילו דבר האבד ואפילו מה שצורך יום טוב כגון בגד ללבוש ביום טוב דאסור או בית לישב דאסור לבנות וזהו דכתיב כל מלאכת עבודה לא תעשו אבל בחול המועד יש שאתה מותר לעשות ויש שאתה אסור לעשות וזהו שאמרו בחגיגה שם שמסרן הכתוב לחכמים כלומר כיון שבהכרח שבחול המועד יש מלאכות אסורות ויש מלאכות מותרות בע""כ שמסרן לחכמים להבין דעת התורה איזה אסרה ואיזה התירה.', 'ב. ודעת רבותינו בעלי התוס\' שם (ד""ה חולו) בחגיגה והרא""ש והנמק""י ריש מועד קטן דכל זה אסמכתא בעלמא נינהו ועיקר איסורו מדרבנן ויש לזה ראיה מירושלמי (מ""ק פ""ב ה""ג) שאומר שם שאסרו במלאכה כדי שיעסקו בתורה וזהו דעת הרמב""ם שכתב בריש פ""ז מיו""ט וז""ל חולו של מועד אף על פי שלא נאמר בו שבתון הואיל ונקרא מקרא קדש והרי הוא זמן חגיגה במקדש אסור בעשיית מלאכה כדי שלא יהיה כשאר ימי החול שאין בהם קדושה כלל והעושה בו מלאכה האסורה מכין אותו מכת מרדות מפני שאיסורו מדברי סופרים ולא כל מלאכת עבודה אסור בו כיו""ט שסוף העניין בדברים שנאסרו בו כדי שלא יהיה כיום חול לכל דבר לפיכך יש מלאכות אסורות בו ויש מלאכות מותרות בו עכ""ל.', 'ג. אבל דעת הרמב""ן והרשב""א וכן מבואר מדברי הרשב""ם (תוס\' שם) וכן הוא דעת הרי""ף ריש מועד קטן כפי מ""ש הטור בסי\' תקלו שיש מלאכות דאורייתא והיינו כל שאינו דבר האבד ואינו לצורך המועד ויש שהקשו וכי יש חילוקים בתורה ובשלמא למאן דדרש שמסרן הכתוב לחכמים ניחא אבל לשארי תנאים דדרשי סתמא לאיסור מקראי מנ""ל לחלק בכך (רא""ש שם), אבל באמת אתי שפיר דבע""כ כן הוא דאם נאמר דהאיסור כמו ביום טוב למה כתיב רק על יום הראשון והשביעי והאיסור מוכרח מדרשות וממילא דה""פ דבראשון ושביעי כל מלאכת עבודה לא תעשו אבל בחולו של מועד לאו כל מלאכת עבודה אלא יש אסורים ויש מותרים ומסתברא דדבר האבד וצורך יום טוב מותר והשאר אסור וזה שאמרו בירושלמי כדי שיעסקו בתורה מפני שמ""מ יש איזה מלאכות שמן התורה מותר מפני שהן דבר האבד וחכמים אסרו מפני הטורח המרובה כמו שיתבאר ועל אלו אמרו כן (הה""מ שם) וע\' ר""ס תקלט.', 'ד. חול המועד הוי חיוב לכבדו קצת במאכל ומשתה ובגד שאינו של חול ולדעת הרע""ב בפ""ג (מי""א) דאבות הא דתנן המחלל את המועדות אחול המועד קאי ע""ש ואם כי אינן כשבת ויו""ט מ""מ עדיף מחול בעינן וכן המנהג שהמפה תהיה מונח על השלחן כל ימי חול המועד כביו""ט וברפ""ד דסוכה (מב ע""ב) אמרו ההלל והשמחה שמנה ימים ואסור להתענות בהם ואין חיוב לאכול פת דווקא ומ""מ יש לאכול פת דהוי יותר דרך כבוד (עיין מגן אברהם) ויש לחכם לחזק האיסור מלאכה אם יש לו כח והחכם שאסר דבר האבד בשביל שהיו פרוצים בכל המלאכות אין חכם אחר יכול להתיר להם (שם).']","Arukh HaShulchan, Orach Chaim",
"מועד קטן יג ע""א:","[""מתני'. אין לוקחין בתים, עבדים ובהמה אלא לצורך המועד, או לצורך המוכר שאין לו מה יאכל."", ""גמ'. בעא מיניה רבא מרב נחמן: שכר פעולה שאין לו מה יאכל מהו? אמר ליה: תנינא, או לצורך המוכר שאין לו מה יאכל. לאתויי מאי - לאו לאתויי שכר פעולה? אמר ליה: לא, פרושי קא מפרש. איתיביה אביי: אין כותבין שטרי חוב במועד, ואם אינו מאמינו או שאין לו מה יאכל - הרי זה יכתוב. שאין לו מה יאכל לאתויי מאי - לאו לאתויי שכר פעולה? שמע מינה. מותיב רב ששת: וחכמים אומרים: שלש אומניות עושין מלאכה בערבי פסחים עד חצות: החייטין, והספרין, והכובסין. החייטין - שכן הדיוט תופר כדרכו בחולו של מועד, הספרין והכובסין - שכן הבאין ממדינת הים והיוצא מבית האסורין מותרין לספר ולכבס בחולו של מועד. ואי סלקא דעתך שכר פעולה שאין לו מה יאכל שרי - כל מלאכות נמי לישתרו, דהא איכא שכר פעולה שאין לו מה יאכל! מתקיף לה רב פפא: אלא מעתה, בנין לישתרי, שכן כותל הגוהה לרשות הרבים - סותר ובונה כדרכו מפני הסכנה! מתקיף לה רבינא: אלא מעתה, לבלר לישתרי, שכן כותבין קידושי נשים גיטין ושוברין! אלא אמר רב אשי: מועד אארבעה עשר קא רמית? מועד - משום טירחא הוא, ובמקום פסידא - שרו רבנן. ארבעה עשר - משום צורך יום טוב הוא, מידי דצורך יום טוב - שרו רבנן, מידי דלאו צורך יום טוב - לא שרו רבנן.""]",Moed Katan 13a,
"חידושי הריטב""א שם ד""ה 'אלא אמ' רב אשי':","['כי טעם איסור מלאכות במועד הוא משום טרחא ושלא למעט בשמחת הרגל ולפיכך התירו חכמים כל שהוא צורך המועד וכל שהוא דבר האבד כדי שלא יהא דואג על אבדתו ונמנע משמחת יום טוב, וכן התירו שכר פעולה שאין לו מה יאכל.']",,
"שמירת המועד כהלכתו ב, א:","['בהגדרת איסור מלאכה בחוה""מ יש להסתפק אם גדר האיסור הוא איסור מלאכה כמו בשבת ויו""ט, אלא שהותרו בו כמה אופני היתר, או דגדר האיסור אינו איסור מלאכה אלא איסור טרחה, שלא נאסרה אלא מלאכה של טורח ומניעת שמחת הרגל ולפיכך הותרו הני היתרים.']",,
"מועד קטן יב ע""ב תוספות ד""ה 'מכניס':","['מכניס אדם פירותיו מפני הגנבים - פירש בתוספות הרב דבאסיפת פירות איכא מלאכה כדאמרינן פרק אין דורשין (חגיגה דף יח ע""א) גבי חג האסיף אסיפה במועד מי שרי ואיני יודע מה מלאכה וצריך עיון אי טרח בלא מלאכה אסיר כי היכי דאסירי בפרקמטיא ולקמן בשמעתין (דף יג ע""א) אמר מועד משום טירחא ולא טירחא הוא ושמא היינו דוקא בדבר שהוא מלאכה.']",Tosafot on Moed Katan 12b:18:1,
"שו""ת תרומת הדשן סימן קנג:","['דהא בחוה""מ דאיכא איסור בעשיית מלאכה... אפ""ה היתר פשוט דחולבין הבהמות בעצמן... אמנם נראה דיש לחלק דבחוה""מ איסור מלאכה משום שביתה הוא שרו רבנן כל מלאכת הדיוט ושאינו של טורח וכן מה שהוא לצורך שמחת המועד.']",,
"ביאור הלכה תקלט, ה ד""ה 'אינו':","['וסיים הא""ר שעל כל פנים אין ללמוד מלאכה מזה כי אינו דומה לפרקמטיא שיש צדדי קולות הרבה בפוסקים עכ""ל. א""כ עדיין לא מצינו תקנה שפעמים עושה מלאכה גמורה בחנות כגון שמוכר איזה סחורה בחנות כגון חתיכת פשתן או שאר בגד ומחתך ממנו לפי מדתו הצריך להקונה דע""ז יש חיוב משום מחתך (כמו שכתב הח""א בכלל לו, וכן מוכח מהרמב""ם בפי""א מהלכות שבת הלכה ז) אם לא לאדם שיש עליו נושים עם שט""ח (וועקסלין) שהגיע זמן פירעון שלהם ואם לא יפדם יהיה לו מזה ודאי הפסד וידוע דבשביל דבר האבד מותר לעשות מלאכה ג""כ.']",,
"חזון איש או""ח קלה:","['רא""ש פ""א אות כח... מלשונו... כמו""כ נראה להתיר פרקמטיא של בגדים אף שצריך לחותכו לכל קונה וקונה לפי מדתו כיון דאין בזה עבודת עמל... וזה דלא כהמשנה ברורה.']",,
"שמירת שבת כהלכתה סו, ג:","['וחמישה הם סוגי המלאכה שחז""ל התירום: (א) כל דבר שהוא לצורך אוכל נפש; (ב) דבר האבד; (ג) שאר צורכי המועד באופן שיעשם מעשה-הדיוט; (ד) צורכי רבים; (ה) פועל שאין לו מה לאכול.']",,
"שמות יב, א–ג:","[""וַיֹּאמֶר ה' אֶל מֹשֶׁה וְאֶל אַהֲרֹן בְּאֶרֶץ מִצְרַיִם לֵאמֹר: הַחֹדֶשׁ הַזֶּה לָכֶם רֹאשׁ חֳדָשִׁים רִאשׁוֹן הוּא לָכֶם לְחָדְשֵׁי הַשָּׁנָה: דַּבְּרוּ אֶל כָּל עֲדַת יִשְׂרָאֵל לֵאמֹר בֶּעָשֹׂר לַחֹדֶשׁ הַזֶּה וְיִקְחוּ לָהֶם אִישׁ שֶׂה לְבֵית אָבֹת שֶׂה לַבָּיִת:""]",Exodus 12:1-3,
ספר החינוך מצווה ד (מצוות קידוש החודש):,"['משרשי מצוה זו, כדי שיעשו ישראל מועדי השם בזמנן, שהשם יתברך צוה לעשות פסח בזמן שהתבואה באביב, כמו שכתוב שמור את חדש האביב ועשית פסח, וחג הסוכות בזמן האסיף, כמו שכתוב (שמות לד, כב) וחג האסיף תקופת השנה. ואלולי עיבור השנים יבואו המועדים שלא בזמנים אלו, לפי שישראל מחשבים חדשיהם ומועדיהם לימי שנת הלבנה, שהם שנ""ד יום, ח\' שעות, תתע""ו חלקים, והיא חסרה משנת החמה י\' ימים, כ""א שעות, ר""ד חלקים, סימן יכ""א ר""ד. ובישול התבואות והפירות בכחה של חמה, נמצא שאלולי העיבור שאנו משוים בו שנות הלבנה בשנות החמה לא יבוא הפסח בזמן האביב והסוכות בזמן האסיף. ונתקן הדבר להעשות בגדולי הדור, לפי שהוא ענין חכמה גדולה, גם יאמרו כי ממנו יוודע מקרה השנה בתבואות, ואין ראוי למוסרו אלא לגדולים וחסידים.']",,Sefer HaChinukh 4
"רש""ר הירש, חורב (מהדורת פלדהיים, תשס""ז), פרק לה, רנ–רנב:","[""אמת, אילו התנהלו חיינו כגלגלי שעון ללא מחוגים ולא מנינו את ימינו, כי אז לא היה אפשר לקבוע שום יום זיכרון ומועד... ברם אינו מדובר במידת הכוון חיצונית גרידא ובספירה שרירותית של זמנינו ועתותינו. סדר כביר של נתינה וקבלה שולט באהבה בכל מערכת הבריאה... מכאן שהעולם שמסביבנו ואנו בעצמנו מצויים בתהליך של חילופים בלתי פוסקים... ואם אתה סופר ימים, חודשים ושנים וחורץ 'אחת' בעץ חייך, לא עשית דבר שרירותי, כי ביום אחד, בחודש אחד, בשנה אחת עברת באמת משך זמן מסוים בחייך, והנך עומד הכן לקראת זמנים חדשים.""]",,
"ראש השנה כד ע""א:","[""מתני'. ראש בית דין אומר מקודש וכל העם עונין אחריו מקודש מקודש. בין שנראה בזמנו בין שלא נראה בזמנו מקדשין אותו, רבי אלעזר ברבי צדוק אומר: אם לא נראה בזמנו - אין מקדשין אותו, שכבר קידשוהו שמים."", ""גמ'. ראש בית דין וכו'. מנהני מילי? אמר רבי חייא בר גמדא אמר רבי יוסי בן שאול אמר רבי: אמר קרא וידבר משה את מועדי ה' - מכאן שראש בית דין אומר מקודש. וכל העם עונין אחריו מקודש מקודש, מנלן? אמר רב פפא: אמר קרא אשר תקראו אתם, קרי ביה אתם. רב נחמן בר יצחק אמר אלה הם מועדי - הם יאמרו מועדי. מקודש מקודש תרי זימני למה לי? - דכתיב מקראי קדש."", 'רבי אלעזר ברבי צדוק אומר אם לא נראה בזמנו - אין מקדשין אותו. תניא, פלימו אומר: בזמנו - אין מקדשין אותו, שלא בזמנו - מקדשין אותו. רבי אלעזר [ברבי שמעון] אומר: בין כך ובין כך אין מקדשין אותו, שנאמר וקדשתם את שנת החמשים - שנים אתה מקדש, ואי אתה מקדש חדשים. אמר רב יהודה אמר שמואל: הלכה כרבי אלעזר ברבי צדוק.']",Rosh Hashanah 24a,
"משנת יעבץ או""ח א, ד:","['הרי מבואר גם בדברי הרמב""ן דשתי הלכות הם בקידוש החודש לא מעכב אלא שהוא רק למצוה... אכן בדעת הרמב""ם נראה דסובר דקידוש בי""ד מעכב בקידוש החודש ולא חל חלות קדושת ר""ח אלא בקידוש בי""ד שאמרו מקודש.']",,
ציץ אליעזר כב סימן צט:,"['העיקר כשיטת רבינו בידו החזקה ובקיצור דשיטתו כך הוא הקביעות על פי חשבון כפי שאנו מונים עתה אף שלא נראה לשום אדם ביום שלשים לקידוש החודש ועל פי הראיה אם לא באו עדים מעובר וזה הלכה למשה מסיני שכ""ז שסנהדרין קיימת צריך דוקא התקדש על פי ראיה שאם לא יבואו ויעידו לפניהם אינו מקודש רק מעובר אבל בזמן שאין סנהדרין אף אם יש ב""ד סמוך א""צ לקבוע על פי ראיה דוקא רק אם רוצים על פי חשבון ג""כ הרשות בידם... אבל כשאין ב""ד סמוך ואין מי שיקבל העדות מתקדש דוקא על פי חשבון.']",,
"מגילה כא ע""א, המשנה (פ""ד מ""א):","['הקורא את המגילה עומד ויושב. קראה אחד, קראוה שנים - יצאו. מקום שנהגו לברך - יברך. ושלא לברך - לא יברך. בשני וחמישי, בשבת במנחה - קורין שלשה, אין פוחתין מהן ואין מוסיפין עליהן, ואין מפטירין בנביא. הפותח והחותם בתורה - מברך לפניה ולאחריה. בראשי חדשים ובחולו של מועד - קורין ארבעה, אין פוחתין מהן ואין מוסיפין עליהן, ואין מפטירין בנביא. הפותח והחותם בתורה - מברך לפניה ולאחריה. זה הכלל: כל שיש בו מוסף ואינו יום טוב - קורין ארבעה. ביום טוב חמשה. ביום הכפורים - ששה, בשבת - שבעה. אין פוחתין מהן, אבל מוסיפין עליהן, ומפטירין בנביא. הפותח והחותם בתורה - מברך לפניה ולאחריה.']",Megillah 21a,
"שם כב ע""ב:","['נקוט האי כללא בידך: כל דטפי ליה מילתא מחבריה - טפי ליה גברא יתירא. הלכך, בראש חודש ומועד דאיכא קרבן מוסף - קורין ארבעה, ביום טוב דאסור בעשיית מלאכה - חמשה, ביום הכפורים דענוש כרת - ששה. שבת דאיכא איסור סקילה - שבעה.']",Megillah 22b,
"תוספות שם ד""ה 'ושאין':","['ושאין בהן ביטול מלאכה כגון ראש חדש קורין ארבעה – וקשיא דהא בפרק אין דורשין בחגיגה (דף יח ע""א ושם) אמרינן ראש חדש יוכיח שיש בו קרבן מוסף ומותר בעשיית מלאכה, וי""ל דודאי מותר הוא בעשיית מלאכה לאנשים אבל נשים אסורות במלאכה לפי שלא פרקו נזמיהן במעשה העגל.']",,Tosafot on Megillah 22b:3:1
"רש""י שם ד""ה 'ראשי חדשים':","['ראשי חדשים – אין בו ביטול מלאכה כל כך, שאין הנשים עושות מלאכה בהן, והכי נמי אמרינן במסכת ראש השנה (כג ע""א) גבי משואות: משום ביטול מלאכה לעם שני ימים, ושמעתי מפי מורי הזקן זכרונו לברכה שניתנה להם מצוה זו בשביל שלא פירקו נזמיהן בעגל (תוספות: ואני מצאתי בפרק מה דברייתא דרבי אליעזר, שמעו הנשים ולא רצו ליתן נזמיהן לבעליהן, אלא אמרו להן: אתם רוצים לעשות פסל ומסכה שאין בו כח להציל, ונתן הקדוש ברוך הוא שכרן של נשים בעולם הזה, שיהו משמרות ראשי חדשים יותר מן האנשים, ולעולם הבא הן עתידות להתחדש כמו ראשי חדשים, שנאמר תתחדש כנשר נעורייכי, עד כאן), ומקרא מסייעו, דכתיב אשר נסתרת שם ביום המעשה (שמ""א כ, יט) ותרגם יונתן: ביומא דחולא, והתם נמי גבי ראש חדש קאי, דקאמר ליה מחר חודש, וקרי ליה לערב ראש חדש יום המעשה אלמא: ראש חדש לאו יום המעשה הוא, ומועד נמי לאו ביטול מלאכה לעם, שהרי באין לבית הכנסת יותר מימות החול, לפי שאין עושין בו מלאכה אלא בדבר האבד.']",,Rashi on Megillah 22b:3:1
"חידושי הריטב""א שם ד""ה 'הא דאמרינן כל':","['הא דאמרינן כל שאין בו ביטול [מלאכה] לעם כגון ראשי חדשים – לפי מנהגם אמר כן שהיו נוהגין שלא לעשות מלאכה בר""ח ומנהג הראשונים כמו שכתוב בדוד ויהונתן אשר נסתרת שם ביום המעשה (שמואל א\' כ\') שהיה יום שלפני ראש חודש כדכתיב מחר חדש למימרא דחדש עצמו אינו יום מעשה להם, אבל אנו אין אנו נוהגים בכך אלא הנשים בלבד, ובפרק מ""ה מפרקי דר\' אליעזר כתיב כן לפי שלא קבלו הנשים עליהם ליתן נזמיהם לעגל נתן להם הקדוש ברוך הוא שכרן בעולם הזה שהם משמרות ראשי חדשים יותר מן האנשים.']",,
"טורי אבן שם ד""ה 'ושאין בו ביטול':","['פרש""י... הוא דוחק כיון דיהונתן ודוד שהן זכרים יום המעשה הוא... ול""נ דר""ח אסור בעשיית מלאכה מדינא אפי\' לזכרי\' בזמן שבהמ""ק קיים מפני המוספין שקריבי\' בו.']",,
"תוספות ברכות יד ע""א ד""ה 'ימים':","['ימים שהיחיד גומר בהם את ההלל – לאו דוקא יחיד אלא אפילו צבור קורא יחיד כיון שאין כל ישראל ביחד כמו שהיו בשחיטת פסחים בי""ד בניסן ולאו דוקא גומר דודאי קי""ל דימים שאין יחיד גומר את ההלל אין חובה לאמרו כלל אפילו בדילוג דהכי משמע בערכין (פ""ב דף י ע""ב) דחשיב כ""א יום דיחיד גומר בהן את ההלל ופריך ר""ה וי""כ נמי לימא משמע דבשאר ימים טובים כמו בראשי חדשים פשיטא ליה דאין לומר מדלא חשיב יותר מכ""א יום וגם מדלא קאמר לגמור בר""ה ובי""ה דאז הוה משמע דבשאר ימים טובים כמו בר""ח ודאי אין גומרין אבל קורין אבל עתה משמע אפילו קורין לא וכן משמע בפרק בתרא דתענית (דף כח ע""ב) רב איקלע לבבל חזנהו דהוו קא קרו בר""ח סבר לאפסוקינהו. פירוש שהיה סובר שהיו גומרים אותו כיון דחזא דקא מדלגי דלוגי אמר ש""מ מנהג אבותיהם בידיהם אלמא דימים דאין גומרין בהן הלל אין חובה לאמרו ומה שאנו אומרין אותו היינו משום מנהג. וכתוב במחזור ויטרי כיון שאינו אלא מנהג בעלמא לא מברכינן עליה כדאמר פרק לולב וערבה (סוכה דף מד ע""ב) אין מברכין על דבר שהוא מנהג. ומיהו אומר ר""ת דאינו ראיה דאטלטול ודאי לא מברכינן אבל על מצוה פשיטא דמברכינן דהא חזינן כל יום טוב שני אינו אלא מנהגא ומברכין והכא נמי משמע דמברכין דאי לא מברכין מאי הפסקה שייך בה ועוד ראיה דמברכינן על מנהגא מהא דרב על לבי כנישתא וכו\' ואם לא ברכו בתחלה אמאי לא הרגיש רב דהוה מנהגא עד שדלגו אלא בוודאי ברכו מפני שמברכים בטוב על מנהגא ובשביל כן לא הרגיש עד הדלוג.']",Tosafot on Berakhot 14a:4:1,
"של""ה, עניני תפלה וקריאה בספר תורה:","['ומה שאומרים הלל בר""ח משום שמקביעות ר""ח נמשך זמן המועדים.']",,
"ערוך השולחן או""ח תכב, ו:","['הלל בר""ח אינו אלא מנהג ולא מדינא דהלל מדינא אינו אלא ביום טוב וחנוכה בימים שנעשו נסים וישועות והמנהג היה גם בימי חכמי הש""ס כדאיתא בתענית (כח ע""ב) והגאונים אמרו רמז במזמור האחרון הללו אל בקדשו יש י""ב פעמים הלל כנגד י""ב חדשים והכפל של פסוק כל הנשמה תהלל כנגד חדש העיבור (ב""י). ועיקר הטעם נראה לפי שבחידוש הלבנה נראה רמז למצבינו, כמו שאומרים בברכת הלבנה, לכן חשבינן זה לקצת ישועה והנהיגו בהלל (הפר""ח הקשה על הרמז הא בתשרי ליכא הלל, ע""ש. ולא קשה כלל דכוונת הגאונים דענין ר""ח יש הילול ודו""ק).']","Arukh HaShulchan, Orach Chaim 422:6",
"שבת כד ע""א:","['איבעיא להו: מהו להזכיר של חנוכה בברכת המזון? כיון דמדרבנן הוא - לא מדכרינן, או דילמא: משום פרסומי ניסא מדכרינן? אמר רבא אמר רב סחורה אמר רב הונא: אינו מזכיר, ואם בא להזכיר - מזכיר בהודאה. רב הונא בר יהודה איקלע לבי רבא, סבר לאדכורי בבונה ירושלים. אמר להו רב ששת: כתפלה, מה תפלה בהודאה, אף ברכת המזון בהודאה.', 'איבעיא להו: מהו להזכיר ראש חודש בברכת המזון? אם תימצי לומר בחנוכה דרבנן לא צריך, ראש חודש דאורייתא - צריך, או דילמא: כיון דלא אסור בעשיית מלאכה - לא מזכרינן? רב אמר: מזכיר, רבי חנינא אמר: אינו מזכיר. אמר רב זריקא: נקוט דרב בידך, דקאי רבי אושעיא כוותיה. דתני רבי אושעיא: ימים שיש בהן קרבן מוסף, כגון ראש חודש וחולו של מועד - ערבית ושחרית ומנחה מתפלל שמונה עשרה, ואומר מעין המאורע בעבודה, ואם לא אמר - מחזירין אותו, ואין בהן קדושה על הכוס, ויש בהן הזכרה בברכת המזון.']",Shabbat 24a,
"ברכות מט ע""ב:","['אמר רב אידי בר אבין אמר רב עמרם אמר רב נחמן אמר שמואל: טעה ולא הזכיר של ראש חדש בתפלה - מחזירין אותו, בברכת המזון - אין מחזירין אותו. אמר ליה רב אבין לרב עמרם: מאי שנא תפלה ומאי שנא ברכת המזון? - אמר ליה: אף לדידי קשיא לי, ושאילתיה לרב נחמן, ואמר לי: מיניה דמר שמואל לא שמיע לי, אלא נחזי אנן, תפלה דחובה היא - מחזירין אותו; ברכת מזונא, דאי בעי אכיל אי בעי לא אכיל - אין מחזירין אותו.']",Berakhot 49b,
"תוספות שם ד""ה 'אי':","['אי בעי אכיל ואי בעי לא אכיל – וא""ת והא הוי ר""ח מיומי דלא להתענות בהון במגילת תענית, וי""ל דה""פ אי בעי אכיל ואי בעי לא אכיל פת שחייבנו בברכת המזון, אבל ביום טוב צריך לאכול פת.']",,Tosafot on Berakhot 49b:4:1
"ראש השנה כד ע""א:","['תנו רבנן: ראינוהו במים, ראינוהו בעששית, ראינוהו בעבים - אין מעידין עליו. חציו במים, חציו בעבים, חציו בעששית - אין מעידין עליו. השתא כולו אמרת לא, חציו מבעיא? אלא הכי קאמר: חציו במים חציו ברקיע, חציו בעבים חציו ברקיע, חציו בעששית חציו ברקיע - אין מעידין. תנו רבנן: ראינוהו ושוב לא ראינוהו - אין מעידין עליו. כל הכי חזו לה ואזלי? אמר אביי, הכי קאמר: ראינוהו מאלינו ושבנו לראותו מדעתנו, ולא ראינוהו - אין מעידין עליו. מאי טעמא? אימור כוביתא דעיבא בעלמא הוא דחזי.']",Rosh Hashanah 24a,
שבות יעקב א סימן קכו:,"['ומה""ט כתב בתשובת דבר שמואל סי\' רמ""ב דהרואה הלבנה מנוגה נגדה מתוך אספקלריא או מראה של זכוכית דאין לברך ברכת הלבנה אך לבסוף מפיק דיוכל לסמוך על שאר הרואים... אכן נראה לאחר העיון דאין ראיה מסוגיא זו כלל הנה מלבד דיש לחלק ולומר דשאני התם לענין עדות קידוש החודש החמירו.']",,
"אסתר פרק ט – בעיקר פסוקים יז–יט, כב, כז–כח:","['בְּיוֹם שְׁלֹשָׁה עָשָׂר לְחֹדֶשׁ אֲדָר וְנוֹחַ בְּאַרְבָּעָה עָשָׂר בּוֹ וְעָשֹׂה אֹתוֹ יוֹם מִשְׁתֶּה וְשִׂמְחָה: וְהַיְּהוּדִים אֲשֶׁר בְּשׁוּשָׁן נִקְהֲלוּ בִּשְׁלֹשָׁה עָשָׂר בּוֹ וּבְאַרְבָּעָה עָשָׂר בּוֹ וְנוֹחַ בַּחֲמִשָּׁה עָשָׂר בּוֹ וְעָשֹׂה אֹתוֹ יוֹם מִשְׁתֶּה וְשִׂמְחָה: עַל כֵּן הַיְּהוּדִים הַפְּרָזִים הַיֹּשְׁבִים בְּעָרֵי הַפְּרָזוֹת עֹשִׂים אֵת יוֹם אַרְבָּעָה עָשָׂר לְחֹדֶשׁ אֲדָר שִׂמְחָה וּמִשְׁתֶּה וְיוֹם טוֹב וּמִשְׁלוֹחַ מָנוֹת אִישׁ לְרֵעֵהוּ: [...]', 'כַּיָּמִים אֲשֶׁר נָחוּ בָהֶם הַיְּהוּדִים מֵאוֹיְבֵיהֶם וְהַחֹדֶשׁ אֲשֶׁר נֶהְפַּךְ לָהֶם מִיָּגוֹן לְשִׂמְחָה וּמֵאֵבֶל לְיוֹם טוֹב לַעֲשׂוֹת אוֹתָם יְמֵי מִשְׁתֶּה וְשִׂמְחָה וּמִשְׁלוֹחַ מָנוֹת אִישׁ לְרֵעֵהוּ וּמַתָּנוֹת לָאֶבְיוֹנִים: [...]', 'קִיְּמוּ וְקִבְּלוּ הַיְּהוּדִים עֲלֵיהֶם וְעַל זַרְעָם וְעַל כָּל הַנִּלְוִים עֲלֵיהֶם וְלֹא יַעֲבוֹר לִהְיוֹת עֹשִׂים אֵת שְׁנֵי הַיָּמִים הָאֵלֶּה כִּכְתָבָם וְכִזְמַנָּם בְּכָל שָׁנָה וְשָׁנָה: וְהַיָּמִים הָאֵלֶּה נִזְכָּרִים וְנַעֲשִׂים בְּכָל דּוֹר וָדוֹר מִשְׁפָּחָה וּמִשְׁפָּחָה מְדִינָה וּמְדִינָה וְעִיר וָעִיר וִימֵי הַפּוּרִים הָאֵלֶּה לֹא יַעַבְרוּ מִתּוֹךְ הַיְּהוּדִים וְזִכְרָם לֹא יָסוּף מִזַּרְעָם:']",Esther 9,
"מגילה ב ע""ב:","[""כרכים המוקפים חומה מימות יהושע בן נון קורין בחמשה עשר וכו'. מנהני מילי? אמר רבא: דאמר קרא על כן היהודים הפרזים הישבים בערי הפרזות, וגו' מדפרזים בארבעה עשר - מוקפין בחמשה עשר. ואימא: פרזים בארבעה עשר, מוקפין כלל כלל לא! ולאו ישראל נינהו? ועוד, מהדו ועד כוש כתיב. ואימא: פרזים בארביסר, מוקפין בארביסר ובחמיסר, כדכתיב להיות עשים את יום ארבעה עשר לחדש אדר ואת יום חמשה עשר [בו] בכל שנה! אי הוה כתב את יום ארבעה עשר וחמשה עשר - כדקאמרת, השתא דכתיב את יום ארבעה עשר ואת יום חמשה עשר - אתא את ופסיק: הני בארבעה עשר, והני בחמשה עשר. ואימא: פרזים בארביסר, מוקפין - אי בעו בארביסר, אי בעו בחמיסר! אמר קרא בזמניהם, זמנו של זה לא זמנו של זה. ואימא בתליסר! - כשושן. אשכחן עשייה, זכירה מנלן? אמר קרא והימים האלה נזכרים ונעשים, איתקש זכירה לעשייה.""]",Megillah 2b,
"רש""י שם ד""ה 'אשכחן עשייה', 'זכירה':","['אשכחן עשייה - דמשתה ויום טוב שתהא לפרזים בארבעה עשר, ומוקפין בחמשה עשר.', 'זכירה - קריאת המגילה.']",Rashi on Megillah 2b:12:1,
"חידושי הריטב""א שם ד""ה 'אשכחן עשייה'.","['אשכחן עשייה זכירה מנ""ל. פי\' עשייה היינו סעודה וכדגרסינן בירושלמי נזכרים ונעשים נזכרים לקריאה נעשים לסעודה.']",,
"לב בנים, ""בן סורר ומורה, בדין אכילת מצוה של פורים וחנוכה, עמ' רכה:","['ושו""ר באיזה ספר שעמד בחקירה זו בדין משתה ושמחה ביום הפורים אם הוא חלות דין על כל יום הפורים דהוה יום של שמחה או דהוה חיוב על הגברא לשתות ולשמוח רק בעת סעודת פורים אבל בכל היום של פורים אין בכלל חובת שמחה.']",,
ברכת מרדכי יד:,"['אשר יתכן לומר בזה דכל עיקר היקישא ד""זכירה"" ל""עשייה"" נאמר רק עד כמה שנוגע הדבר לחפצא של ה""עשייה"" וה""זכירה"" שהם הינם דיני היום... אבל עד כמה שנוגע הדבר לקיומי דינים אלו מצד הגברא זה אינו שייך להיקישא של זכירה לעשייה... אשר לכן כיון שחיובי ופטורי האשה במגילה אינו נוגע לעצם החיוב מצד דיני היום אלא אך לקיום גינו של הגברא... דמש""כ השבות יעקב שהאשה חייבת במתנות לאביונים ומשלוח מנות היינו משום דהאשה הינה בכלל היהודים שעל כולהו נאמר ""להיות עושים"" וזה כמש""נ לא שייך למגילה שאינה אלא בכלל זכירה ולא בכלל עשייה.']",,
"רמב""ם הלכות מגילה א, א:","['קריאת המגילה בזמנה מצות עשה מדברי סופרים, והדברים ידועים שהיא תקנת נביאים. והכל חייבים בקריאתה אנשים ונשים וגרים ועבדים משוחררים, ומחנכין את הקטנים לקרותה, ואפילו כהנים בעבודתן מבטלין עבודתן ובאין לשמוע מקרא מגילה, וכן מבטלים תלמוד תורה לשמוע מקרא מגילה, קל וחומר לשאר מצות של תורה שכולן נדחין מפני מקרא מגילה. ואין לך דבר שנדחה מקרא מגילה מפניו חוץ ממת מצוה שאין לו קוברין, שהפוגע בו קוברו תחלה ואחר כך קורא.']","Mishneh Torah, Scroll of Esther and Hanukkah 1:1",
"שם ב, יד:","['מצות יום ארבעה עשר לבני כפרים ועיירות ויום חמשה עשר לבני כרכים להיות יום שמחה ומשתה ומשלוח מנות לריעים ומתנות לאביונים. ומותר בעשיית מלאכה, ואף על פי כן אין ראוי לעשות בו מלאכה. אמרו חכמים כל העושה מלאכה ביום פורים אינו רואה סימן ברכה לעולם. בני כפרים שקדמו וקראו בשני או בחמישי אם חלקו מעות לאביונים ביום קריאתן יצאו, אבל השמחה והמשתה אין עושין אותה אלא ביום ארבעה עשר, ואם הקדימו לא יצאו, וסעודת פורים שעשאה בלילה לא יצא ידי חובתו.']",,
"רה""י הרב משה ליכטנשטיין, כתונת יוסף (תשס""ב):",['אנו מציינים שני דברים שהתרחשו בפורים: א. נס ההצלה שניצלו ממזימת המן הרשע להשמיד להרוג ולאבד את כל היהודים וב. חידוש הברית שבא בעקבות הסכנה הרוחנית של ההתבוללות וההיטמעות בארץ נכר.'],,
"רמב""ם מגילה א, ג:","['מצוה לקרות את כולה, ומצוה לקרותה בלילה וביום, וכל הלילה כשר לקריאת הלילה, וכל היום כשר לקריאת היום, ומברך קודם קריאתה בלילה שלש ברכות ואלו הן: בא""י אמ""ה אשר קב""ו על מקרא מגילה, בא""י אמ""ה שעשה נסים לאבותינו בימים ההם (ובזמן) [בזמן] הזה, בא""י אמ""ה שהחיינו וקיימנו והגיענו לזמן הזה. וביום אינו חוזר ומברך שהחיינו. ומקום שנהגו לברך אחריה מברך: בא""י אמ""ה האל הרב את ריבנו והדן את דינינו והנוקם את נקמתינו והנפרע לנו מצרינו והמשלם גמול לכל אויבי נפשנו בא""י [האל] הנפרע (לישראל) [לעמו ישראל] מכל צריהם האל המושיע.']","Mishneh Torah, Scroll of Esther and Hanukkah 1:3",
צפנת פענח שם:,"['הנה דין של מגילה נ""ל דיש בה שתי מצות, א\' הקריאה גופא שזה תיקון והב\' משום פרסום הנס.']",,
"מגילה ז ע""א–ע""ב:","['ומתנות לאביונים. תני רב יוסף: ומשלוח מנות איש לרעהו - שתי מנות לאיש אחד. ומתנות לאביונים - שתי מתנות לשני בני אדם. רבי יהודה נשיאה שדר ליה לרבי אושעיא אטמא דעיגלא תלתא וגרבא דחמרא, שלח ליה: קיימת בנו רבינו ומשלוח מנות איש לרעהו ומתנות לאביונים. רבה שדר ליה למרי בר מר ביד אביי מלא טסקא דקשבא, ומלי כסא קמחא דאבשונא. אמר ליה אביי: השתא אמר מרי: אי חקלאה מלכא ליהוי - דיקולא מצואריה לא נחית. הדר שדר ליה איהו מלא טסקא דזנגבילא, ומלא כסא דפלפלתא אריכא. אמר אביי: השתא אמר מר: אנא שדרי ליה חוליא ואיהו שדר לי חורפא. אמר אביי: כי נפקי מבי מר הוה שבענא, כי מטאי להתם קריבו לי שיתין צעי דשיתין מיני קדירה, ואכלי בהו שיתין פלוגי. ובישולא בתרייתא הוו קרו ליה צלי קדר, ובעאי למיכס צעא אבתרה. אמר אביי: היינו דאמרי אינשי: כפין עניא ולא ידע. אי נמי: רווחא לבסימא שכיח. אביי בר אבין ורבי חנינא בר אבין מחלפי סעודתייהו להדדי.']",Megillah 7,
"מסכת סופרים כא,<b> ג-</b> ד:","['ג. וצריכין כל ישראל לתת שקליהן לפני שבת זכור, ואסור לומר עליהם לשם כופר, אלא לשם נדבה. וצריכין להספיק מים ומזון לאחיהם העניים, משום קולבון, ומשום מתנות לאביונים. ויש שמספיקין לחם ויין, ויש שמספיקין לחם ודגים, מכל מקום לא יפחות משתי מתנות, אפילו חיטין ופולין.', 'ד. בארבע עשר ובחמשה עשר יושבין שולחנות של חבירים, בכפרים בארבע עשר, ובכרכים בחמשה עשר.']",Tractate Soferim 21:3-4,
"חזון איש או""ח קנה, א:","['מפני שעיניהם של עניים נשואות למ""מ, פרש""י וא""א בשבת, נראה דר""ל דאי אפשר להביא מחנות לבית עני משום איסור הוצאה... אבל אין סברא דמשום דיוצאין מתנות לאביונים במעות אי אפשר בשבת דשפיר יש לקיים בבשר ויין... והא דאמרו מפני שעיניהם כו\' משמע דלולא טעם זה היה אפשר לחלק ויקבעו קריאת המגלה בשבת ומשלוח מנות ומלא""ב ליום אחר.']",,
"אור שמח על הלכות מגילה ב, טז:","['אבל בגדים וכיו""ב אינו יוצא דהוי כמו שנצטוו לשמח היתום במעות מעשר.']","Ohr Sameach on Mishneh Torah, Scroll of Esther and Hanukkah 2:16",
"חידושי הריטב""א מגילה ז ע""א ד""ה 'גרסינן בגמרא דב""מ':","['פירשו בירושלמי (פ""א ה""ד) שכל הפושט ידו ליטול יתנו לו, לומר שנותנין לכל אדם ואין מדקדקין אם הוא עני וראוי ליתן לו, שאין נתינה זו מדין צדקה גרידתא אלא מדין שמחה שהרי אף לעשירים יש לשלוח מנות.']",,
"שו""ת תרומת הדשן סימן קיא:",['דנראה הטעם דמשלוח מנות הוא כדי שיהא לכל אחד די וספק להיות הסעודה כדינא.'],,
"ב""ח או""ח תרצה, ה:",['על כן המצוה לשלוח שתי מנות לרעהו הטוב להיות שמח ושש עמו.'],"Bach, Orach Chayim 695:5",
"מגילה ז ע""ב:","['אמר רבא: מיחייב איניש לבסומי בפוריא עד דלא ידע בין ארור המן לברוך מרדכי. רבה ורבי זירא עבדו סעודת פורים בהדי הדדי, איבסום, קם רבה שחטיה לרבי זירא. למחר בעי רחמי ואחייה. לשנה אמר ליה: ניתי מר ונעביד סעודת פורים בהדי הדדי! אמר ליה: לא בכל שעתא ושעתא מתרחיש ניסא. אמר רבא: סעודת פורים שאכלה בלילה לא יצא ידי חובתו, מאי טעמא - ימי משתה ושמחה כתיב. רב אשי הוה יתיב קמיה (דרב כהנא) [דאמימר] נגה ולא אתו רבנן. אמר ליה: מאי טעמא לא אתו רבנן? - דלמא טרידי בסעודת פורים. אמר ליה: ולא הוה אפשר למיכלה באורתא? אמר ליה: לא שמיע ליה למר הא דאמר רבא: סעודת פורים שאכלה בלילה לא יצא ידי חובתו? אמר ליה: אמר רבא הכי? [אמר ליה: אין]. תנא מיניה ארבעין זימנין, ודמי ליה כמאן דמנח בכיסיה.']",Megillah 7b,
"דברי שירה, פורים, יז:","['אולם בפורים נראה דאין השמחה רק מדיני היום אלא דקיום השמחה הנו חלק מפרסומי הניסא... ועיין בד""מ תרצה אות ג שכתב דמגמ\' ז ע""א אמאי לא אתי רבנן לבי מדרשא וכו\' א""ל קא עסקי בסעודת פורים ש""מ דסעודת פורים דוחה ת""ת ועיין בהגר""א תרצז ס""ד שכ\' משום דאיתקש זכירה לעשיה... וע""כ נאמרו גם דינים מסעודה זו וכן נאמר בה דאין לה שיעור עד דלא ידע... דלקיום השמחה לא בעי למידע את סיבת השמחה.']",,
"שבת כא ע""ב:","['מאי חנוכה? דתנו רבנן: בכ""ה בכסליו יומי דחנוכה תמניא אינון, דלא למספד בהון ודלא להתענות בהון. שכשנכנסו יוונים להיכל טמאו כל השמנים שבהיכל, וכשגברה מלכות בית חשמונאי ונצחום, בדקו ולא מצאו אלא פך אחד של שמן שהיה מונח בחותמו של כהן גדול, ולא היה בו אלא להדליק יום אחד, נעשה בו נס והדליקו ממנו שמונה ימים. לשנה אחרת קבעום ועשאום ימים טובים בהלל והודאה.']",Shabbat 21b,
"רמב""ם הלכות חנוכה ג, א–ג:","['א. בבית שני כשמלכו יון גזרו גזרות על ישראל ובטלו דתם ולא הניחו אותם לעסוק בתורה ובמצות, ופשטו ידם בממונם ובבנותיהם ונכנסו להיכל ופרצו בו פרצות וטמאו הטהרות, וצר להם לישראל מאד מפניהם ולחצום לחץ גדול, עד שריחם עליהם אלהי אבותינו והושיעם מידם והצילם וגברו בני חשמונאי הכהנים הגדולים והרגום והושיעו ישראל מידם והעמידו מלך מן הכהנים וחזרה מלכות לישראל יתר על מאתים שנה עד החורבן השני.', 'ב. וכשגברו ישראל על אויביהם ואבדום בחמשה ועשרים בחדש כסלו היה, ונכנסו להיכל ולא מצאו שמן טהור במקדש אלא פך אחד ולא היה בו להדליק אלא יום אחד בלבד, והדליקו ממנו נרות המערכה שמונה ימים עד שכתשו זיתים והוציאו שמן טהור.', 'ג. ומפני זה התקינו חכמים שבאותו הדור שיהיו שמונת הימים האלו שתחלתן מליל חמשה ועשרים בכסלו ימי שמחה והלל ומדליקין בהן הנרות בערב על פתחי הבתים בכל לילה ולילה משמונת הלילות להראות ולגלות הנס, וימים אלו הן הנקראין חנוכה והן אסורין בהספד ותענית כימי הפורים, והדלקת הנרות בהן מצוה מדברי סופרים כקריאת המגילה.']","Mishneh Torah, Scroll of Esther and Hanukkah 3:1-3",
צפנת פענח שם הלכה ג:,"['והנה יש בזה ב\' נסים, א\' מהנרות וגם מה שנצולו מן העכו""ם.']","Tzafnat Pa'neach on Mishneh Torah, Scroll of Esther and Hanukkah",
"גדרי המועדים, חנוכה, יסוד ימי חנוכה:",['ובפשיטות יש לומר שכל חלק נתקן משום ענין מסוים... דהלל והודאה נתקן על נצחון המלחמה והדלקת הנר נתקנה על נס השמן.'],,
"רה""י הרב משה ליכטנשטיין, כתונת יוסף (תשס""ב):","['עצם קביעת חנוכה כיום טוב ארכביה אתרי רכשי ויש בה שני קיומים הן כיום טוב שהוא זכר לנס ההצלה ולפורקן שגמלנו הקב""ה והן יום חג משום הברית שחודשה בו.']",,
"שבת כא ע""ב:","['תנו רבנן: נר חנוכה מצוה להניחה על פתח ביתו מבחוץ. אם היה דר בעלייה - מניחה בחלון הסמוכה לרשות הרבים. ובשעת הסכנה - מניחה על שלחנו, ודיו. אמר רבא: צריך נר אחרת להשתמש לאורה. ואי איכא מדורה - לא צריך, ואי אדם חשוב הוא, אף על גב דאיכא מדורה - צריך נר אחרת.']",Shabbat 21b,
"שם כב ע""ב – כג ע""א:","['אמר רב הונא בריה דרב יהושע: חזינא אי הדלקה עושה מצוה - מדליקין מנר לנר, ואי הנחה עושה מצוה - אין מדליקין מנר לנר.', 'דאיבעיא להו: הדלקה עושה מצוה או הנחה עושה מצוה? תא שמע, דאמר רבא: היה תפוש נר חנוכה ועומד - לא עשה ולא כלום. שמע מינה: הנחה עושה מצוה. התם: הרואה אומר לצורכו הוא דנקיט לה. תא שמע, דאמר רבא: הדליקה בפנים והוציאה - לא עשה כלום. אי אמרת בשלמא הדלקה עושה מצוה - הדלקה במקומו בעינן. משום הכי לא עשה כלום. אלא אי אמרת הנחה עושה מצוה אמאי לא עשה ולא כלום? התם נמי, הרואה הוא אומר לצורכו הוא דאדלקה. תא שמע, דאמר רבי יהושע בן לוי: עששית שהיתה דולקת והולכת כל היום כולו, למוצאי שבת מכבה ומדליקה. אי אמרת בשלמא הדלקה עושה מצוה - שפיר. אלא אי אמרת הנחה עושה מצוה, האי מכבה ומדליקה? מכבה ומגביהה ומניחה ומדליקה מיבעי ליה! ועוד, מדקא מברכינן אשר קדשנו במצותיו וצונו להדליק נר של חנוכה שמע מינה: הדלקה עושה מצוה, שמע מינה. והשתא דאמרינן הדלקה עושה מצוה, הדליקה חרש שוטה וקטן - לא עשה ולא כלום. אשה ודאי מדליקה, דאמר רבי יהושע בן לוי: נשים חייבות בנר חנוכה, שאף הן היו באותו הנס.']",Shabbat 22b-23a,
"שפת אמת שם ד""ה 'בגמ' ת""ר נר':","['ויש לעיין אי המצווה נר א\' בבית כמו מזוזה וכמו נר שבת... או נימא דהמצוה על כל אדם אלא הבעה""ב מוציא את כל ב""ב... ונ""מ לפי הנ""ל במהדרין אי כ""א מצי לברך.']",,
"שבת כא ע""ב:","['וכבתה אין זקוק לה? ורמינהו: מצותה משתשקע החמה עד שתכלה רגל מן השוק. מאי לאו, דאי כבתה הדר מדליק לה! לא, דאי לא אדליק - מדליק. ואי נמי: לשיעורה.']",Shabbat 21b,
"תוספות שם ד""ה 'דאי':","['ולר""י נראה דעתה אין לחוש מתי ידליק, דאנו אין לנו היכרא אלא לבני הבית, שהרי מדליקין מבפנים.']",Tosafot on Shabbat 21b:3:1,
"חידושי הרשב""א שם ד""ה 'הא דאמרינן':","['והא נמי דקתני עד שתכלה רגל מן השוק ופרישנא דאי לא אדליק מדליק. לאו למימרא דאי לא אדליק בתוך שיעור זה אינו מדליק, דהא תנן (מגילה כ ע""ב) כל שמצותו בלילה כשר כל הלילה, אלא שלא עשה מצוה כתקנה דליכא פרסומי ניסא כולי האי ומיהו אי לא אדליק מדליק ולא הפסיד אלא כעושה מצוה שלא כתקנה לגמרי, וכן כתב מורי הרב ז""ל בהלכותיו.']",,
"רה""י הרב משה ליכטנשטיין, כתונת יוסף (תשס""ב):","['והנראה בזה הוא דאכן ישנה למצוות הדלקה בפני עצמה מלבד פרסומי ניסא, והיא משום עניין הברית הבא לידי ביטוי בהדלקת הנר... מחד הדלקת הנר כזכר לנס... משום חידוש הברית... ומאידך יש בה אף משום פרסום הנס שנעשה על ידי הקב""ה לאבותינו בטובו ובחסדו הגדול.']",,
"תענית טו ע""ב, המשנה (פ""ב מ""ט–מ""י):","['אין גוזרין תענית על הצבור בתחילה בחמישי שלא להפקיע השערים, אלא שלש תעניות הראשונות שני וחמישי ושני, ושלש שניות חמישי שני וחמישי. רבי יוסי אומר: כשם שאין הראשונות בחמישי כך לא שניות ולא אחרונות. אין גוזרין תענית על הצבור בראשי חדשים, בחנוכה, ובפורים. ואם התחילו - אין מפסיקין, דברי רבן גמליאל. אמר רבי מאיר: אף על פי שאמר רבן גמליאל אין מפסיקין - מודה היה שאין משלימין. וכן תשעה באב שחל להיות בערב שבת.']",Taanit 15b,
"תוספות שם יח ע""ב ד""ה 'הלכה':","['הלכה מתענה ומשלים – פי\' הא דקפסק הלכה מתענה ומשלים אר""ח קאי דאי אחנוכה ואפורים אינו יכול להתענות דיום משתה ושמחה כתיב.']",,Tosafot on Taanit 18b:12:1
"מרדכי פסחים תרה, והגה""ה שם:","['דשמא על כן נהגו לומר שירות ותשבחות להקב""ה ולהללו על החסד שעשה עם אדם וחוה אם כן אינה סעודת הרשות וסעודת הרשות נראה דלא מיקרי אלא היכא דאיכא סעודה בלא מצוה כגון בשמחת מריעות או בחנוכה שמרבים סעודות אלו לאלו ואלו לאלו.', '[הגה""ה: אעפ""כ נראה דהואיל וחנוכה הוא מימים שנתחייב בהם באכילה שהרי אסור להתענות בהן, אין בהן משום סעודת הרשות. ועוד הרי בכל סעודה אומרים על הנסים ומהללים להקב""ה על הנס ועל גבורתן והוי פרסום הנסים. מ""א]']",,
"ערכין י ע""ב:","['והא חנוכה דלא הכי ולא הכי (=לא חלוק בקרבנותיו, ולא מקודש בעשיית מלאכה) וקאמר (=הלל)!']",Arakhin 10b,
"רש""י שבת כא ע""ב ד""ה 'ה""ג ועשאום':","['הכי גרסינן: ועשאום ימים טובים בהלל והודאה – לא שאסורין במלאכה, שלא נקבעו אלא לקרות הלל ולומר על הנסים בהודאה.']",,Rashi on Shabbat 21b:10:3
"שולחן ערוך או""ח תרע, א:","['בכ""ה בכסליו (מתחילין) שמונת ימי חנוכה ואסורים בהספד ותענית, אבל מותרין בעשיית מלאכה; ונוהגות הנשים שלא לעשות מלאכה בעוד שהנרות דולקות, ויש מי שאומר שאין להקל להם.']","Shulchan Arukh, Orach Chayim 670:1",
"ט""ז שם ס""ק ב:","['שאין להקל להם – היא דעת הטור משום דברים המותרים ואחרים נוהגים בהם איסור אין להתיר בפניהם. וכ\' עוד גם אם יש מקומות שנוהגין בו איסור כל היום אין להקל להם. וכ\' ב""י שאין זה מוכרח, כיון שאין כאן צד איסור. ול""נ לדמותו לר""ח רסי\' תיז דמותר מן הדין בעשיית מלאכה ואפ""ה כיון שנוהגים כן הנשים שלא לעשות מלאכה הוא מנהג טוב וזהו להם לשכר שלא נתנו נזמיהם לעגל כמ""ש הטור ואמרי\' ביה דברים המותרים ואחרים כו\' כמ""ש שם ב""י ה""ה בחנוכה, כיון שנעשה הנס ע""י הנשים יפה להם כשהם נוהגות שלא לעשות מלאכה, אבל האנשים ודאי אין שייכות מנהג בזה. ובמהרי""ל כ\' קבלה בידינו שאין לאדם לעשות מלאכה בעוד שהנרות דולקות וי""א גם ביום הראשון וביום האחרון מנהג רבותינו ג""כ לאסור מלאכה עכ""ל.']",,
פרי חדש שם:,"['הב""י כתב... וכן עיקר ומיהו אפילו לדעת המחמיר דוקא בנשים לפי שנעשה הנס ע""י יהודית אבל אנשים לית לן בה.']",,
"רמב""ם הלכות תעניות א, א–ה.","['א. מצות עשה מן התורה לזעוק ולהריע בחצוצרות על כל צרה שתבא על הצבור, שנאמר על הצר הצורר אתכם והרעותם בחצוצרות, כלומר כל דבר שייצר לכם כגון בצורת ודבר וארבה וכיוצא בהן זעקו עליהן והריעו.', ""ב. ודבר זה מדרכי התשובה הוא, שבזמן שתבוא צרה ויזעקו עליה ויריעו ידעו הכל שבגלל מעשיהם הרעים הורע להן ככתוב עונותיכם הטו וגו', וזה הוא שיגרום להם להסיר הצרה מעליהם."", 'ג. אבל אם לא יזעקו ולא יריעו אלא יאמרו דבר זה ממנהג העולם אירע לנו וצרה זו נקרה נקרית, הרי זו דרך אכזריות וגורמת להם להדבק במעשיהם הרעים, ותוסיף הצרה צרות אחרות, הוא שכתוב בתורה והלכתם עמי בקרי והלכתי עמכם בחמת קרי, כלומר כשאביא עליכם צרה כדי שתשובו אם תאמרו שהוא קרי אוסיף לכם חמת אותו קרי.', ""ד. ומדברי סופרים להתענות על כל צרה שתבוא על הצבור עד שירוחמו מן השמים, ובימי התעניות האלו זועקין בתפלות ומתחננים ומריעין בחצוצרות בלבד, ואם היו במקדש מריעין בחצוצרות ובשופר, השופר מקצר והחצוצרות מאריכות, שמצות היום בחצוצרות, ואין תוקעין בחצוצרות ושופר כאחד אלא במקדש שנאמר בחצוצרות וקול שופר הריעו לפני המלך ה'."", 'ה. תעניות אלו שגוזרין על הצבור מפני הצרות אינן יום אחר יום, שאין רוב הצבור יכולים לעמוד בדבר זה, ואין גוזרין בתחלה תענית אלא בשני בשבת ובחמישי שלאחריו ובשני שלאחריו וכן על הסדר הזה שני וחמישי ושני עד שירוחמו.']","Mishneh Torah, Fasts 1:1-5",
"שם ה, א:","[""יש שם ימים שכל ישראל מתענים בהם מפני הצרות שאירעו בהן כדי לעורר הלבבות ולפתוח דרכי התשובה ויהיה זה זכרון למעשינו הרעים ומעשה אבותינו שהיה כמעשינו עתה עד שגרם להם ולנו אותן הצרות, שבזכרון דברים אלו נשוב להיטיב שנאמר והתודו את עונם ואת עון אבותם וגו'.""]","Mishneh Torah, Fasts 5:1",
"תוספות יום טוב תענית ד, א:","['ומאי דכתב הר""ב דבקצת תענית יש נעילה ובמקצתן לא הרמב""ם כתב בפרק יד מהלכות תפלה בתעניות שיש בהן נעילה כגון צום כפור ותענית צבור ותענית שאין בו נעילה כגון ט\' באב וי""ז בתמוז. וכ""כ ג""כ בפ""ה מהל\' תענית דבד\' צומות הללו אין מתריעין ולא מתפללין בהן תפלת נעילה. נראה שסברתו כמ""ש הר""ן דנעילה נתקנה בכל תעניות שהוקבעו לתפלה אבל ד\' צומות לא הוקבעו אלא לאבל לא תקנו בהו נעילה. ותמיהני על הר""ן שנסתפק אם כל תעניות צבור שוות בזה ולא הביא דברי הרמב""ם דנראין בהדיא כסברא זו.']",,
"ברכות יד ע""א:","['בעי מיניה אשיאן תנא דבי רבי אמי מרבי אמי: השרוי בתענית מהו שיטעום? אכילה ושתיה קביל עליה - והא ליכא, או דילמא הנאה קביל עליה - והא איכא? אמר ליה: טועם ואין בכך כלום. תניא נמי הכי: מטעמת אינה טעונה ברכה, והשרוי בתענית טועם ואין בכך כלום. עד כמה? רבי אמי ורבי אסי טעמי עד שיעור רביעתא.']",Berakhot 14a,
"תוספות שם ד""ה 'טועם':","['טועם ואין בכך כלום – פירש ר""ח שחוזר ופולט, דלא חשיב הנאה מן הטעימה. אבל בולע לא אפילו בשאר תעניות. ומשום הכי הפולט אינו צריך ברכה שאינו נהנה.']",Tosafot on Berakhot 14a:8:1,
"תענית יא ע""ב:","['ואמר רבי ירמיה בר אבא: אין תענית ציבור בבבל אלא תשעה באב בלבד. אמר רבי ירמיה בר אבא אמר ריש לקיש: אין תלמיד חכם רשאי לישב בתענית, מפני שממעט במלאכת שמים.']",Taanit 11b,
"רש""י שם ד""ה 'אין תענית':","['אין תענית צבור בבבל – לענין איסורי חומרי תענית אמר רבי ירמיה למילתיה, שהיו נוהגין בו כעין אבילות, שהיו אוכלין מבעוד יום ואסורין בנעילת הסנדל, אלא תשעה באב בלבד.']",,Rashi on Taanit 11b:3:1
"שם יב ע""א–ע""ב:","['תנו רבנן: עד מתי אוכל ושותה? עד שיעלה עמוד השחר, דברי רבי, רבי אליעזר בר שמעון אומר: עד קרות הגבר. אמר אביי: לא שנו אלא שלא גמר סעודתו, אבל גמר סעודתו - אינו אוכל. איתיביה רבא: גמר ועמד הרי זה אוכל! - התם כשלא סילק. איכא דאמרי, אמר רבא: לא שנו אלא כשלא ישן, אבל ישן - אינו אוכל. איתיביה אביי: ישן ועמד הרי זה אוכל! התם במתנמנם. היכי דמי מתנמנם? אמר רב אשי: נים ולא נים, תיר ולא תיר, דקרו ליה ועני, ולא ידע אהדורי סברא, וכי מדכרי ליה - מדכר.']",,
"מרץ צבי א, לא:","['ועל דרך יסוד זה נוכל להגדיר את החילוק בין תענית אסתר ליתר התעניות. מהות התעניות היא שנתקנו בגלל הצרות שאירעו בימים ההם כלומר הצום שצמים היום הוא בגלל אותה הסיבה שצמו אז... אך לעומת זה תענית אסתר... איננה בגלל צרותיו וגזרותיו של המן אלא היא ""זכר"" לתענית שהתענו בימי המן.']",,
"עז ואורה ח, ז:","['אהא דפסק שו""ע הל\' תענית סי\' תקסח סעי\' א דמי שנדר להתענות יום אחד ושכח ואכל כזית איבד תעניתו אמאי שיעורו בכזית ולא בככותבת... בחילוק גדר אכילה ושתיה בת""ב מהשאר צוצות... דהא נתבאר לעיל דחזינן דהחילוק שבין הצומות דתליא ברצו מתענין רצו אין מתענין לבין דין ת""ב דלא תליא ברצון... דת""ב דלא תליא ברצון וחומרו של צוםזה כחומר צום מדברי קבלה כדכתיב וצום החמישי א""כ לא הוה רק איסור אכילה גרידא אלא הוה גדר של תענית וכתענית יוה""כ משא""כ שאר תעניות דתליא ברצון הוה גדר של איסור אכילה ולא כגדר תענית... ולכן מדינא ועכ""פ לדעת המחבר הנאת טעימה מותרת בשאר צומות הואיל והנאת טעימה לא קבילו עלייהו... י""ל לגבי השיעור דכיון דגדרם של שאר צומות הוא שהם ימים שקיבלו עלייהו... י""ל לגבי השיעור דכיון דגדרם של שאר צומות הוא שהם ימים שקיבלו עלייהו איסור אכילה א""כ הרי שיעור איסור אכילה כל מקום הוא בכזית משא""כ לגבי ת""ב... כמו ביוה""כ דתלי ביתובי דעתיה.']",,
"שם ח, ג:","['דת""ב... דמשום עינוי הוא דאסור באכילה ושתיה משא""כ שאר צומות דגדרם הוא איסור אכילה.']",,
"שו""ת מהרש""ג ב סימן לד:","['מש""כ מעכ""ת בשם המגן אברהם בשם השל""ה דגם בג\' צומות... יש לבעל נפש להחמיר על עצמו בכל החומרות שיש כת""ב. ובאמת לא ראיתי שיחמיר בזה אף בעל נפש.']",,
"חזון עובדיה, תעניות, איסור עשיית מלאכה בתשעה באב, <b>א</b>:","['שלא לעשות מלאכה בתשעה באב ובליל תשעה באב יש להתיר...', 'כן הוא בש""ע ובבית יוסף. וכתב המגן אברהם שהואיל וטעם הנוהגים שלא לעשות מלאכה בט\' באב הוא כדי שלא יסיח דעתו מהאבל, מטעם זה גם בלילה אסור... ולא דמי לתענית צבור שבלילה מותר דהתם הטעם שיהיו פנויים ויתאספו להתפלל ואין זה אלא ביום משא""כ בט\' באב ע""כ.']",,
"שמירת שבת כהלכתה א לט, ל:",['אדם חלש שקשה לו לצום וללכת לבית הכנסת מוטב שיצום וישכב במיטה... ומצוה הוא עושה כאשר הוא נשאר בביתו ושוכב במיטה כדי שיוכל לצום כדין.'],,
"תשובה באתר כיפה (הרב יהודה עמיחי, ד' בתשרי תשס""ח):","['האם בצום גדליה עדיף לצום ולהתפלל יחיד או ללכת להתפלל במנין?...', 'נראה שצום שהוא מדברי קבלה עדיף טפי מללכת במנין בצום גדליה.']",,
"תענית יא ע""א–ע""ב:","[""אמר שמואל: כל היושב בתענית נקרא חוטא. סבר כי האי תנא, דתניא: רבי אלעזר הקפר ברבי אומר: מה תלמוד לומר וכפר עליו מאשר חטא על הנפש, וכי באיזה נפש חטא זה? אלא שציער עצמו מן היין, והלא דברים קל וחומר: ומה זה שלא ציער עצמו אלא מן היין נקרא חוטא, המצער עצמו מכל דבר ודבר - על אחת כמה וכמה. רבי אלעזר אומר: נקרא קדוש, שנאמר קדוש יהיה גדל פרע שער ראשו. ומה זה שלא ציער עצמו אלא מדבר אחד נקרא קדוש, המצער עצמו מכל דבר - על אחת כמה וכמה. ולשמואל, הא איקרי קדוש! - ההוא אגידול פרע קאי. ולרבי אלעזר, הא נקרא חוטא! - ההוא דסאיב נפשיה. ומי אמר רבי אלעזר הכי? והאמר רבי אלעזר: לעולם ימוד אדם עצמו כאילו קדוש שרוי בתוך מעיו, שנאמר בקרבך קדוש ולא אבוא בעיר! - לא קשיא, הא - דמצי לצעורי נפשיה, הא - דלא מצי לצעורי נפשיה. ריש לקיש אמר: נקרא חסיד, שנאמר גמל נפשו איש חסד ועכר שארו וגו'.""]",Taanit 11,
"נזיר יט ע""א:","['ור\' ישמעאל סבר לה כר\' אלעזר הקפר; דתניא: ר\' אלעזר הקפר ברבי אומר, מה ת""ל: וכפר עליו מאשר חטא על הנפש? וכי באיזו נפש חטא זה? אלא שציער עצמו מן היין, וק""ו: ומה זה שלא ציער עצמו אלא מן היין נקרא חוטא, המצער עצמו מכל דבר על אחת כמה וכמה. והא בנזיר טמא כתיב, ואנן אפילו נזיר טהור קאמרינן! קסבר ר\' אלעזר הקפר: נזיר טהור נמי חוטא הוא, והיינו טעמא דכתיב בנזיר טמא, הואיל ושנה בחטא.']",Nazir 19a,
"טור או""ח תקעא:",['היושב בתענית אי מצי מצער נפשיה נקרא קדוש ואי לא מצי מצער נפשיה נקרא חוטא.'],"Tur, Orach Chayim 571",
"שמונה פרקים, פרק רביעי (תרגום הרב שילת):","[""ואולם מה שעשו החסידים בקצת הזמנים, וקצת אנשים מהם גם כן, מן הנטיה אל הקצה האחד, כמו הצום... לא עשו דבר מאלה אלא על דרך הרפואה... וכאשר ראו הסכלים שאותם החסידים עשו אלו המעשים... התחילו לענות גופותיהם בכל מיני עינוי, וחשבו שהם קנו לעצמם מעלה, ועשו טוב, ושבזה יתקרב האדם לה'; כאלו ה' שונא את הגוף, ורוצה להמיתו ולאבדו. והם לא ידעו שאלו הפעולות רעות, ושבהן תושג פחיתות מפחיתויות הנפש.""]",,
"ויקרא כג, כג–כה:","[""וַיְדַבֵּר ה' אֶל מֹשֶׁה לֵּאמֹר: דַּבֵּר אֶל בְּנֵי יִשְׂרָאֵל לֵאמֹר בַּחֹדֶשׁ הַשְּׁבִיעִי בְּאֶחָד לַחֹדֶשׁ יִהְיֶה לָכֶם שַׁבָּתוֹן זִכְרוֹן תְּרוּעָה מִקְרָא קֹדֶשׁ: כָּל מְלֶאכֶת עֲבֹדָה לֹא תַעֲשׂוּ וְהִקְרַבְתֶּם אִשֶּׁה לַה':""]",Leviticus 23:23,
"במדבר כט, א–ו:","[""וּבַחֹדֶשׁ הַשְּׁבִיעִי בְּאֶחָד לַחֹדֶשׁ מִקְרָא קֹדֶשׁ יִהְיֶה לָכֶם כָּל מְלֶאכֶת עֲבֹדָה לֹא תַעֲשׂוּ יוֹם תְּרוּעָה יִהְיֶה לָכֶם: וַעֲשִׂיתֶם עֹלָה לְרֵיחַ נִיחֹחַ לַה' פַּר בֶּן בָּקָר אֶחָד אַיִל אֶחָד כְּבָשִׂים בְּנֵי שָׁנָה שִׁבְעָה תְּמִימִם: וּמִנְחָתָם סֹלֶת בְּלוּלָה בַשָּׁמֶן שְׁלֹשָׁה עֶשְׂרֹנִים לַפָּר שְׁנֵי עֶשְׂרֹנִים לָאָיִל: וְעִשָּׂרוֹן אֶחָד לַכֶּבֶשׂ הָאֶחָד לְשִׁבְעַת הַכְּבָשִׂים: וּשְׂעִיר עִזִּים אֶחָד חַטָּאת לְכַפֵּר עֲלֵיכֶם: מִלְּבַד עֹלַת הַחֹדֶשׁ וּמִנְחָתָהּ וְעֹלַת הַתָּמִיד וּמִנְחָתָהּ וְנִסְכֵּיהֶם כְּמִשְׁפָּטָם לְרֵיחַ נִיחֹחַ אִשֶּׁה לַה':""]",Numbers 29:1-6,
"נחמיה ח, ה–יב:","[""וַיִּפְתַּח עֶזְרָא הַסֵּפֶר לְעֵינֵי כָל הָעָם כִּי מֵעַל כָּל הָעָם הָיָה וּכְפִתְחוֹ עָמְדוּ כָל הָעָם: וַיְבָרֶךְ עֶזְרָא אֶת ה' הָאֱלֹהִים הַגָּדוֹל וַיַּעֲנוּ כָל הָעָם אָמֵן אָמֵן בְּמֹעַל יְדֵיהֶם וַיִּקְּדוּ וַיִּשְׁתַּחֲוֻ לַה' אַפַּיִם אָרְצָה: וְיֵשׁוּעַ וּבָנִי וְשֵׁרֵבְיָה יָמִין עַקּוּב שַׁבְּתַי הוֹדִיָּה מַעֲשֵׂיָה קְלִיטָא עֲזַרְיָה יוֹזָבָד חָנָן פְּלָאיָה וְהַלְוִיִּם מְבִינִים אֶת הָעָם לַתּוֹרָה וְהָעָם עַל עָמְדָם: וַיִּקְרְאוּ בַסֵּפֶר בְּתוֹרַת הָאֱלֹהִים מְפֹרָשׁ וְשׂוֹם שֶׂכֶל וַיָּבִינוּ בַּמִּקְרָא: וַיֹּאמֶר נְחֶמְיָה הוּא הַתִּרְשָׁתָא וְעֶזְרָא הַכֹּהֵן הַסֹּפֵר וְהַלְוִיִּם הַמְּבִינִים אֶת הָעָם לְכָל הָעָם הַיּוֹם קָדֹשׁ הוּא לַה' אֱלֹהֵיכֶם אַל תִּתְאַבְּלוּ וְאַל תִּבְכּוּ כִּי בוֹכִים כָּל הָעָם כְּשָׁמְעָם אֶת דִּבְרֵי הַתּוֹרָה: וַיֹּאמֶר לָהֶם לְכוּ אִכְלוּ מַשְׁמַנִּים וּשְׁתוּ מַמְתַקִּים וְשִׁלְחוּ מָנוֹת לְאֵין נָכוֹן לוֹ כִּי קָדוֹשׁ הַיּוֹם לַאֲדֹנֵינוּ וְאַל תֵּעָצֵבוּ כִּי חֶדְוַת ה' הִיא מָעֻזְּכֶם: וְהַלְוִיִּם מַחְשִׁים לְכָל הָעָם לֵאמֹר הַסּוּ כִּי הַיּוֹם קָדֹשׁ וְאַל תֵּעָצֵבוּ: וַיֵּלְכוּ כָל הָעָם לֶאֱכֹל וְלִשְׁתּוֹת וּלְשַׁלַּח מָנוֹת וְלַעֲשׂוֹת שִׂמְחָה גְדוֹלָה כִּי הֵבִינוּ בַּדְּבָרִים אֲשֶׁר הוֹדִיעוּ לָהֶם:""]",Nehemiah 8:5-12,
"ראש השנה ב ע""א, המשנה (פ""א מ""א):","['ארבעה ראשי שנים הם. באחד בניסן - ראש השנה למלכים ולרגלים, באחד באלול - ראש השנה למעשר בהמה. רבי אלעזר ורבי שמעון אומרים: באחד בתשרי. באחד בתשרי - ראש - השנה לשנים, ולשמיטין, וליובלות, לנטיעה, ולירקות. באחד בשבט - ראש השנה לאילן, כדברי בית שמאי, בית הלל אומרים: בחמשה עשר בו.']",Rosh Hashanah 2a,
"שם ח ע""א:","['באחד בתשרי ראש השנה לשנים, למאי הלכתא? אמר רב פפא: לשטרות. דתנן: שטרי חוב המוקדמין - פסולין, והמאוחרין - כשירין. והתנן: באחד בניסן ראש השנה למלכים, ואמרינן: למאי הלכתא, ואמר רב חסדא: לשטרות! לא קשיא; כאן - למלכי ישראל, כאן - למלכי אומות העולם. אלא הא דאמר רב חסדא: לא שנו אלא למלכי ישראל, אבל למלכי אומות העולם - מתשרי מנינן, רב חסדא מתניתין אתא לאשמועינן? לא, רב חסדא קראי אתא לאשמועינן. ואיבעית אימא: רב חסדא כרבי זירא מתני לה, דרבי זירא אמר: לתקופה, ורבי אליעזר היא, דאמר: בתשרי נברא העולם. רב נחמן בר יצחק אמר: לדין. דכתיב מראשית השנה ועד אחרית שנה - מראשית השנה נידון מה יהא בסופה. ממאי דתשרי הוא? דכתיב תקעו בחדש שופר בכסה ליום חגנו, איזהו חג שהחדש מתכסה בו? הוי אומר זה ראש השנה, וכתיב כי חק לישראל הוא משפט לאלהי יעקב.']",Rosh Hashanah 8a,
"שם י ע""ב – יא ע""א:","['תניא, רבי אליעזר אומר: בתשרי נברא העולם, בתשרי נולדו אבות, בתשרי מתו אבות, בפסח נולד יצחק, בראש השנה נפקדה שרה רחל וחנה, בראש השנה יצא יוסף מבית האסורין, בראש השנה בטלה עבודה מאבותינו במצרים, בניסן נגאלו, בתשרי עתידין ליגאל. רבי יהושע אומר: בניסן נברא העולם, בניסן נולדו אבות, בניסן מתו אבות, בפסח נולד יצחק, בראש השנה נפקדה שרה רחל וחנה, בראש השנה יצא יוסף מבית האסורין, בראש השנה בטלה עבודה מאבותינו במצרים, בניסן נגאלו, בניסן עתידין ליגאל.']",Rosh Hashanah 10b-11a,
"שם יב ע""א:",['תנו רבנן: חכמי ישראל מונין למבול כרבי אליעזר ולתקופה כרבי יהושע. חכמי אומות העולם מונין אף למבול כרבי יהושע.'],Rosh Hashanah 12a,
"מורה נבוכים ג, מג (תרגום הרב קאפח):","['וכן ראש השנה יום אחד, כי הוא יום תשובה והערה לבני אדם מתרמדתם, ולפיכך תוקעין בו בשופר כמו שבארנו במשנה תורה, וכאלו הוא הצעה ופתיחה ליום הצום.']",,
"רש""ר הירש לויקרא כג, כד:","['כאן אין הפסוק פותח בעיצומו של היום כגון: יום תרועה יהיה לכם; אלא מיד הוא מגדיר את אופיו של היום על ידי המצוות המוטלות בו עלינו... אין הוא יום זיכרון למתנות ה\' שנתקבלו; אלא הוא יום המזמין אותנו לפעילות בעצמנו... אנחנו מכירים ""תרועה"" מספר במדבר י, ה–ו; כשהיא יוצאת ממשה אל העם, הרי זו קריאה למסע המחנות; וכשהיא יוצאת מן העם אל ה\', הרי זו קריאה לעזרה ולמעשה הצלה; היא קול המלווה את הזעקה לעזרה: ""קומה ה\' ויפצו איביך וגו\'"" (שם פסוק לה). הרי אלה קולות היוצאים מן האדם; הם קוראים למעשה התערבות, שיש בו כדי לשנות את הקיים; המכשיר שלהם הוא החצוצרה, שנוצרה בידי אדם. כמו כן אנחנו מכירים את התרועה מן הפרשה הסמוכה (ויקרא כה, ט); שם היא סימן לחזרת האדם והרכוש מרשות זרים; והיא קוראת להם לשוב לחירותם המקורית ולייעוד שניתן להם מידי ה\'. זו קריאה לשינוי מעמיק של היחסים החברתיים של אדם ורכוש; והיא קוראת להשיב על כנם את היחסים המקוריים, הנובעים מה\'.']",,
"רא""ש ראש השנה ד, יד:","['כתב ראבי""ה, שאלתי את רבותי ר""ה שחל להיות בשבת אם אומרים למוצאי שבת ותודיענו מפני שאומרים בו וחגיגת הרגל ור""ה לא חג ולא רגל. והשיבוני דאע""פ כן מתפללין ותודיענו כי היכי דאמרינן (חולין דף כו ע""ב) במוצאי יום טוב בהבדלה בין יום השביעי לששת ימי המעשה דאמרינן סדר הבדלות הוא מונה הכא נמי סידור תיקון הוא מונה. אבל בתשובת מר שר שלום כתוב בר""ה היו אומרים בשתי ישיבות בין בתפלה בין בקידושא מועדים לשמחה חגים וזמנים לששון את יום הזכרון הזה שהרי כתוב אלה מועדי ה\' בריש ענינא ובסוף ענינא וידבר משה את מועדי ה\' וקאי אכל ענינא פסח ועצרת וראש השנה ויום הכפורים וסוכות ושמיני עצרת וכולהו איתקוש להדדי לקרותם מועדי ה\' מקראי קדש וכתיב זכרון תרועה מקרא קדש. ושנינו במשנה (לעיל יח ע""א) על ששה חדשים שלוחים יוצאים כו\' באלול מפני תקנת המועדות מקיש ר""ה לסוכות ומנין שנקרא חג שנאמר בכסה ליום חגינו. ומנין שנקרא שמחה שנאמר וביום שמחתכם ובמועדיכם ובראשי חדשיכם ואמר מר (סוכה נה ע""א) חדשיכם כיצד זה ר""ה. וגם בספר עזרא מצינו שהיו בוכים בשובם מן הגולה ואמר להם עזרא כי קדוש היום לאדוננו ואמר אכלו מעדנים ושתו ממתקים כדי שתהא השנה שמינה ומתוקה עליכם ושלחו מנות לאין נכון לו ודרשו רבותינו ז""ל (ביצה טו ע""ב) למי שלא הניח עירובי תבשילין. ופשטו של מקרא למי שהיה בדעתו להתענות מאתמול ולא הכין לו מאכל. מכאן שאין מתענין בראש השנה והכי איתא בריש פרק שלישי דתעניות בירושלמי (הלכה ג) ר""ע אומר מתריעין ולא מתענין שכן מתריעין בראש השנה ולא מתענין. ובפרק שני דמס\' ערכין (דף י ע""ב) אמרינן דראש השנה ויום הכפורים איקרו מועד ובסוטה (דף מא ע""א) גבי פרשת המלך קאמר אי כתב רחמנא במועד הוה אמינא ר""ה דאקרי מועד. וגם רבינו שמואל בר רבי חפני כתב שמנהג בשתי ישיבות שאם חל ראש השנה בשבת אומרים מועדים לשמחה חגים וזמנים לששון את יום הזכרון הזה זכרון תרועה מקרא קודש. ואם חל להיות בחול אומרים יום תרועה מקרא קודש. וכן כתב רב פלטוי גאון ותתן לנו באהבה מועדים לשמחה חגים וזמנים לששון. ורב האי כתב אין מנהג לומר חגים וזמנים לששון וכן המנהג פשוט בזמן הזה בכל המקומות.']",Rosh on Rosh Hashanah 4:14,
אור זרוע סימן רנז:,"['ומורי ה""ר יצחק בר מרדכי מפרגא היה מתענה בראש השנה והיה דן ק""ו מתענית חלום... ואינה ראיה... אבל בראש השנה אע""פ שנידון שמא לטובה דנין אותו...']",,
"שולחן ערוך או""ח תקפג, ב בהגהה:","['וגם נוהגים שלא לישן ביום ראש השנה (ירושלמי), ומנהג נכון הוא.']","Shulchan Arukh, Orach Chayim 583:2",
"משחא דרבותא ב, תקפג, ב:","['שלא לישן בראש השנה... כתב מ""א שאחר חצות מותר. ונראה דהיינו דוקא לפום טעמא דאיך בר נש דמיך ועוסקים בדיניה דאחר חצות לית דין ולית דיין, אבל לפום טעמא דמאן דדמיך בריש שתא דמיך מזליה דמורה עצלות, כדכ\' הפר""ח, אסור לו לישן כל היום.']",,
"פרי חדש או""ח שם:","['אבל מהר""ם היה רגיל לישן (בראש השנה, ז.ה.) כמו בשאר י""ט.']",,
"שולחן ערוך או""ח תקפא, ד:",['מכבסין ומסתפרין בערב ראש השנה.'],"Shulchan Arukh, Orach Chayim 581:4",
"ט""ז שם ס""ק ה:","['מכבסין ומסתפרין – הטעם בטור, להראות שאנו בטוחים בו ית\' שיוציא לצדק משפטינו. ועכ""פ לא ילבש בר""ה בגדי רקמה ומשי כבשאר י""ט שיש לו מלבושים יותר נאים, דמ""מ יהי\' מורא הדין עליו, אלא ילבוש בגדים לבנים נאים. וכ""מ בשם רש""ל.']",,
"שערי תשובה שם ס""ק טו:","['מכבסים – עיין באר היטב, ועיין טור שכתב לובשים לבינים. והאחרונים כתבו דוקא לבינים להורות סליחה כמש""ה כשלג ילבינו כו\'. והעולם נוהגין ללבוש בגדי יום טוב כשאר יום טוב, רק הנשים לובשים לבינים.']",,
"באר היטב או""ח תקפד, ג:","['[שולחן ערוך שם סעיף א בהגהה: ומאריכים בפיוטים ותפלות עד חצות]', 'חצות – לכל הפחות, אם לא כשחל בשבת, יש""ש בביצה. ודוקא בפיוטים ותפלות ולא בניגונים, מ""א. האר""י ז""ל נהג לבכות בר""ה ויה""כ ואמר כי מי שאינו בוכה בימים אלו אין נשמתו טובה ושלמה. גם אמר כל מי שבוכה אז מעצמו בבכיה גדולה מאיליו אותו שעה דיינין ליה בב""ד של מעלה ונפשו מרגשת ובא לו הבכיה מאליו.']","Shulchan Arukh, Orach Chayim 584:3",
"חזון עובדיה, ימים נוראים, סדר ליל ראש השנה, יא:","['התפלות בראש השנה יהיו בשמחה ובטוב לבב ובנעימה קדושה ומתוך כוונה שלימה כי בטוחים אנחנו בישועת הקב""ה שיכתבנו ויחתמנו לחיים טובים, ולא כאותם שמביאים עצמם לידי בכיה בתפלות ראש השנה. שהרי ראש השנה יום שמחה הוא, וכמו שנאמר ושמחת בחגך, ונאמר תקעו בחדש שופר בכסה ליום חגנו, איזה חג שהחדש מתכסה בו הוי אומר זה ראש השנה.']",,
"שו""ת יחווה דעת ה סימן מב:","['שאלה: רבים נוהגים לומר בראש השנה וביום הכפורים שחרית פיוט ""ה\' שמעתי שמעך יראתי"" בין תפלת לחש לבין חזרת השליח צבור ויש שמערערים על המנהג באמרם שצריך לסמוך גאולה לתפלה גם בחזרת השליח צבור ולכן אין להפסיק בפיוטים. האם יש לקיים המנהג?... תשובה: ... ומעתה נראה שרשאים לומר הפיוט... בשחרית, בין תפלת לחש לחזרה, וכמו שכן פשט המנהג בירושלים ת""ו, וכמו שהעיד הרה""ג רבי רפאל בן שמעו בספר נהר מצרים (הלכות ראש השנה אות יג), כיון שהפיוט והניגון שלו מעוררים לב האדם לתשובה... ואמנם ראיתי להגאון רבי עבדאללה סומך... שכתב שאין להפסיק כלל בין העמידה לחזרה בשום פיוט בין בשחרית בין במוסף.']",,
"שולחן ערוך או""ח תקפא, א:",['נוהגים לקום באשמורת לומר סליחות ותחנונים מראש חדש אלול ואילך עד יום הכפורים.'],"Shulchan Arukh, Orach Chayim 581:1",
"שם תקפד, א:","['אין אומרים הלל בראש השנה ויום הכפורים. הגה: ונוהגין לומר אבינו מלכנו על הסדר, ואם הוא שבת אין אומרים אותו (ר""ן פ""ב דר""ה וריב""ש סימן תקיב). ומאריכים בפיוטים ותפלות עד חצות (מהרי""ל).']",,
"מגן אברהם שם ס""ק ד:","['עד חצות – לכל הפחות, וכ""כ ביש""ש בביצה, שבר""ה יוכל להאריך יותר מחצות אם לא כשחל בשבת. ונ""ל דוקא בפיוטים ותפלות ולא בניגונים, עיין סימן תקכט ס""א.']",Magen Avraham 581:4,
"ראש השנה לב ע""ב:","[""מתני'. העובר לפני התיבה ביום טוב של ראש השנה - השני מתקיע, ובשעת הלל - הראשון מקרא את ההלל."", ""גמ'. ...מדקאמר בשעת הלל - מכלל דבראש השנה ליכא הלל, מאי טעמא? אמר רבי אבהו: אמרו מלאכי השרת לפני הקדוש ברוך הוא: רבונו של עולם, מפני מה אין ישראל אומרים שירה לפניך בראש השנה וביום הכפורים? אמר להם: אפשר מלך יושב על כסא דין וספרי חיים וספרי מתים פתוחין לפניו - וישראל אומרים שירה?""]",Rosh Hashanah 32b,
"חידושי המהרש""א שם ד""ה 'מפני מה אין':","['מפני מה אין ישראל אומרים שירה לפניך בר""ה כו\' – מפורש פרק אין נערכין (ערכין י ע""ב) דהיה ראוי לומר שירה בר""ה וביה""כ, דאקרי מועד וקדוש בעשיית מלאכה, אי לאו האי טעמא אפשר מלך יושב כו\'. וע""ש בתוס\' ובחדושנו שם.']",,
"ראש השנה לב ע""א–ע""ב:","[""מתני'. סדר ברכות: אומר אבות וגבורות וקדושת השם, וכולל מלכיות עמהן ואינו תוקע. קדושת היום - ותוקע, זכרונות - ותוקע, שופרות - ותוקע, ואומר עבודה והודאה וברכת כהנים, דברי רבי יוחנן בן נורי. אמר לו רבי עקיבא: אם אינו תוקע למלכיות למה הוא מזכיר? אלא: אומר אבות וגבורות וקדושת השם, וכולל מלכיות עם קדושת היום - ותוקע, זכרונות - ותוקע, שופרות - ותוקע, ואומר עבודה והודאה וברכת כהנים."", ""גמ'. אמר לו רבי עקיבא: אם אינו תוקע למלכיות, למה הוא מזכיר? - למה הוא מזכיר? רחמנא אמר אידכר! אלא: למה עשר? לימא תשע, דהואיל ואשתני - אשתני. תנו רבנן: מנין שאומרים אבות - שנאמר הבו לה' בני אלים. ומנין שאומרים גבורות - שנאמר הבו לה' כבוד ועז, ומנין שאומרים קדושות - שנאמר הבו לה' כבוד שמו השתחוו לה' בהדרת קדש. ומנין שאומרים מלכיות זכרונות ושופרות? רבי אליעזר אומר: דכתיב שבתון זכרון תרועה מקרא קדש. שבתון - זה קדושת היום, זכרון - אלו זכרונות, תרועה - אלו שופרות, מקרא קדש - קדשהו בעשיית מלאכה. אמר לו רבי עקיבא: מפני מה לא נאמר שבתון - שבות, שבו פתח הכתוב תחילה? אלא: שבתון - קדשהו בעשיית מלאכה, זכרון - אלו זכרונות, תרועה - אלו שופרות, מקרא קדש - זו קדושת היום. מנין שאומרים מלכיות? תניא, רבי אומר: אני ה' אלהיכם ובחדש השביעי - זו מלכות. רבי יוסי בר יהודה אומר: אינו צריך, הרי הוא אומר והיו לכם לזכרון לפני אלהיכם. שאין תלמוד לומר אני ה' אלהיכם, ומה תלמוד לומר אני ה' אלהיכם - זה בנה אב, לכל מקום שנאמר בו זכרונות - יהיו מלכיות עמהן."", 'והיכן אומרה לקדושת היום? תניא, רבי אומר: עם המלכיות אומרה, מה מצינו בכל מקום ברביעית, אף כאן ברביעית. רבן שמעון בן גמליאל אומר: עם הזכרונות אומרה, מה מצינו בכל מקום באמצע - אף כאן באמצע. וכשקידשו בית דין את השנה באושא ירד רבי יוחנן בן ברוקא לפני רבן שמעון בן גמליאל, ועשה כרבי יוחנן בן נורי, אמר לו רבן שמעון: לא היו נוהגין כן ביבנה. ליום השני ירד רבי חנינא בנו של רבי יוסי הגלילי ועשה כרבי עקיבא. אמר רבן שמעון בן גמליאל: כך היו נוהגין ביבנה. למימרא דרבי שמעון בן גמליאל כרבי עקיבא סבירא ליה? והא אמר רבי עקיבא מלכיות עם קדושת היום אמר להו, ורבן שמעון בן גמליאל אומר קדושת היום עם הזכרונות אמר להו! אמר רבי זירא: לומר שתוקעין למלכיות. ליום השני ירד רבי חנינא. מאי שני? אילימא יום טוב שני - למימרא דעברוה לאלול? והאמר רבי חנינא בר כהנא : מימות עזרא ואילך לא מצינו אלול מעובר! - אמר רב חסדא: מאי שני - ליום שני לשנה הבאה.', ""מתני'. אין פוחתין מעשרה מלכיות, מעשרה זכרונות, מעשרה שופרות. רבי יוחנן בן נורי אומר: אם אמר שלש שלש מכולן - יצא."", ""גמרא. הני עשרה מלכיות כנגד מי? אמר [רבי לוי]: כנגד עשרה הלולים שאמר דוד בספר תהילים. - הלולים טובא הוו! - הנך דכתיב בהו הללוהו בתקע שופר. רב יוסף אמר: כנגד עשרת הדברות שנאמרו לו למשה בסיני. רבי יוחנן אמר: כנגד עשרה מאמרות שבהן נברא העולם. הי נינהו – ויאמר. (ויאמר) דבראשית תשעה הוו! - בראשית נמי מאמר הוא, דכתיב בדבר ה' שמים נעשו."", 'רבי יוחנן בן נורי אומר אם אמר שלש שלש מכולן יצא. איבעיא להו: היכי קתני: שלש מן התורה, שלש מן הנביאים, ושלש מן הכתובים, דהוו תשע - ואיכא בינייהו חדא, או דלמא: אחד מן התורה, ואחד מן הנביאים, ואחד מן הכתובים, דהויין להו שלש - ואיכא בינייהו טובא? תא שמע, דתניא: אין פוחתין מעשרה מלכיות, מעשרה זכרונות, מעשרה שופרות. ואם אמר שבע מכולן - יצא, כנגד שבעה רקיעים. רבי יוחנן בן נורי אמר: הפוחת - לא יפחות משבע, ואם אמר שלש מכולן - יצא, כנגד תורה נביאים וכתובים. ואמרי לה: כנגד כהנים לוים וישראלים. אמר רב הונא אמר שמואל: הלכה כרבי יוחנן בן נורי.', 'משנה. אין מזכירין [מלכות זכרונות ושופרות] של פורענות. מתחיל בתורה ומשלים בנביא, רבי יוסי אומר: אם השלים בתורה - יצא.', ""גמ'. מלכיות כגון חי אני נאם ה' [אלהים] אם לא ביד חזקה ובזרוע נטויה ובחמה שפוכה אמלוך עליכם. ואף על גב דאמר רב נחמן: כל כי האי ריתחא לירתח קודשא בריך הוא עלן, וליפרוקינן. כיון דבריתחא אמור - אדכורי ריתחא בריש שתא לא מדכרינן. זכרון - כגון ויזכר כי בשר המה וגו'. שופר - כגון תקעו שופר בגבעה וגו'. אבל אם בא לומר מלכות זכרון ושופר של פורענות של נכרים - אומר: מלכות - כגון ה' מלך ירגזו עמים, וכגון ה' מלך עולם ועד אבדו גוים מארצו, זכרון - כגון זכר ה' לבני אדום וגו', שופר - כגון וה' אלהים בשופר יתקע והלך בסערות תימן, וכתיב ה' צבאות יגן עליהם. אין מזכירין זכרון של יחיד ואפילו לטובה, כגון זכרני ה' ברצון עמך, וכגון זכרה לי אלהי לטובה. פקדונות הרי הן כזכרונות, כגון וה' פקד את שרה, וכגון פקוד פקדתי אתכם, דברי רבי יוסי. רבי יהודה אומר: אינן כזכרונות. ולרבי יוסי, נהי נמי דפקדונות הרי הן כזכרונות - וה' פקד את שרה, פקדון דיחיד הוא! - כיון דאתו רבים מינה - כרבים דמיא. שאו שערים ראשיכם והנשאו פתחי עולם ויבוא מלך הכבוד. מי (הוא) זה מלך הכבוד ה' עזוז וגבור ה' גבור מלחמה. שאו שערים ראשיכם ושאו פתחי עולם ויבא מלך הכבוד מי הוא זה מלך הכבוד ה' צבאות הוא מלך הכבוד סלה. ראשונה - שתים, שניה - שלש, דברי רבי יוסי. רבי יהודה אומר: ראשונה - אחת, שניה - שתים. זמרו אלהים זמרו זמרו למלכנו זמרו כי מלך כל הארץ אלהים - שתים, דברי רבי יוסי. רבי יהודה אומר: אחת. ושוין במלך אלהים על גוים אלהים ישב על כסא קדשו שהיא אחת. זכרון שיש בו תרועה, כגון שבתון זכרון תרועה מקרא קדש - אומרה עם הזכרונות ואומרה עם השופרות, דברי רבי יוסי. רבי יהודה אומר: אינו אומרה אלא עם הזכרונות [בלבד]. מלכות שיש עמו תרועה, כגון ה' אלהיו עמו ותרועת מלך בו - אומרה עם המלכיות ואומרה עם השופרות, דברי רבי יוסי. רבי יהודה אומר: אינו אומרה אלא עם המלכיות בלבד. תרועה שאין עמה לא כלום, כגון יום תרועה יהיה לכם - אומרה עם השופרות, דברי רבי יוסי. רבי יהודה אומר: אינו אומרה כל עיקר."", ""מתחיל בתורה ומשלים בנביא, רבי יוסי אומר אם השלים בתורה יצא. אם השלים, דיעבד - אין, לכתחילה - לא. והתניא, רבי יוסי אומר: המשלים בתורה הרי זה משובח! אימא: משלים. והא אם השלים קתני, דיעבד - אין, לכתחילה - לא! הכי קאמר: מתחיל בתורה ומשלים בנביא. רבי יוסי אומר: משלים בתורה, ואם השלים בנביא - יצא. תניא נמי הכי, אמר רבי אלעזר ברבי יוסי: וותיקין היו משלימין אותה בתורה. בשלמא זכרונות ושופרות - איכא טובא, אלא מלכיות תלת הוא דהויין ה' אלהיו עמו ותרועת מלך בו, ויהי בישרון מלך, ה' ימלך לעלם ועד, ואנן בעינן עשר, וליכא! - אמר רב הונא, תא שמע: שמע ישראל ה' אלהינו ה' אחד - מלכות, דברי רבי יוסי. רבי יהודה אומר: אינה מלכות. וידעת היום והשבת אל לבבך כי ה' הוא האלהים... אין עוד - מלכות, דברי רבי יוסי. רבי יהודה אומר: אינה מלכות. אתה הראת לדעת כי ה' הוא האלהים אין עוד מלבדו - מלכות, דברי רבי יוסי. רבי יהודה אומר: אינה מלכות.""]",Rosh Hashanah 32,
"שם לד ע""ב:","['תנו רבנן: תקיעות אין מעכבות זו את זו, ברכות אין מעכבות זו את זו, תקיעות וברכות של ראש השנה ושל יום הכפורים מעכבות. מאי טעמא? - אמר רבה, אמר הקדוש ברוך הוא: אמרו לפני בראש השנה מלכיות זכרונות ושופרות. מלכיות - כדי שתמליכוני עליכם, זכרונות - כדי שיבא לפני זכרוניכם לטובה, ובמה - בשופר.']",Rosh Hashanah 34b,
"רמב""ם הלכות תשובה ג, ד:","['אף על פי שתקיעת שופר בראש השנה גזירת הכתוב, רמז יש בו, כלומר עורו ישינים משנתכם ונרדמים הקיצו מתרדמתכם וחפשו במעשיכם וחזרו בתשובה וזכרו בוראכם, אלו השוכחים את האמת בהבלי הזמן ושוגים כל שנתם בהבל וריק אשר לא יועיל ולא יציל הביטו לנפשותיכם והטיבו דרכיכם ומעלליכם ויעזוב כל אחד מכם דרכו הרעה ומחשבתו אשר לא טובה. לפיכך צריך כל אדם שיראה עצמו כל השנה כולה כאילו חציו זכאי וחציו חייב, וכן כל העולם חציו זכאי וחציו חייב - חטא חטא אחד הרי הכריע את עצמו ואת כל העולם כולו לכף חובה וגרם לו השחתה, עשה מצוה אחת הרי הכריע את עצמו ואת כל העולם כולו לכף זכות וגרם לו ולהם תשועה והצלה, שנאמר וצדיק יסוד עולם, זה שצדק הכריע את כל העולם לזכות והצילו. ומפני ענין זה נהגו כל בית ישראל להרבות בצדקה ובמעשים טובים ולעסוק במצות מראש השנה ועד יום הכפורים יתר מכל השנה, ונהגו כולם לקום בלילה בעשרה ימים אלו ולהתפלל בבתי כנסיות בדברי תחנונים ובכיבושין עד שיאור היום.']","Mishneh Torah, Repentance 3:4",
"במדבר י, ט-י:","[""וְכִי תָבֹאוּ מִלְחָמָה בְּאַרְצְכֶם עַל הַצַּר הַצֹּרֵר אֶתְכֶם וַהֲרֵעֹתֶם בַּחֲצֹצְרֹת וְנִזְכַּרְתֶּם לִפְנֵי ה' אֱלֹהֵיכֶם וְנוֹשַׁעְתֶּם מֵאֹיְבֵיכֶם: וּבְיוֹם שִׂמְחַתְכֶם וּבְמוֹעֲדֵיכֶם וּבְרָאשֵׁי חָדְשֵׁיכֶם וּתְקַעְתֶּם בַּחֲצֹצְרֹת עַל עֹלֹתֵיכֶם וְעַל זִבְחֵי שַׁלְמֵיכֶם וְהָיוּ לָכֶם לְזִכָּרוֹן לִפְנֵי אֱלֹהֵיכֶם אֲנִי ה' אֱלֹהֵיכֶם:""]",Numbers 10:9-10,
"ראש השנה כו ע""ב, המשנה (פ""ג מ""ג):","['שופר של ראש השנה של יעל, פשוט ופיו מצופה זהב, ושתי חצוצרות מן הצדדין. שופר מאריך וחצוצרות מקצרות, שמצות היום בשופר. ובתעניות בשל זכרים, כפופין ופיהן מצופה כסף, ושתי חצוצרות באמצע. שופר מקצר וחצוצרות מאריכות, שמצות היום בחצוצרות. שוה היובל לראש השנה לתקיעה ולברכות. רבי יהודה אומר: בראש השנה תוקעין בשל זכרים, וביובלות בשל יעלים.']",Rosh Hashanah 26b,
"שם כז ע""א:","[""שוה היובל לראש השנה לתקיעה ולברכות וכו'. אמר רב שמואל בר יצחק: כמאן מצלינן האידנא זה היום תחלת מעשיך זכרון ליום ראשון, כמאן - כרבי אליעזר, דאמר: בתשרי נברא העולם. מתיב רב עינא: שוה יובל לראש השנה לתקיעה ולברכות, והא איכא זה היום תחלת מעשיך זכרון ליום ראשון, דבראש השנה איתא וביובל ליתא! כי קתני - אשארא. רב שישא בריה דרב אידי מתני הכי: אמר רב שמואל בר יצחק: הא דתנן שוה היובל לראש השנה לתקיעה ולברכות כמאן - דלא כרבי אליעזר, דאי רבי אליעזר - כיון דאמר בתשרי נברא העולם, הא איכא זה היום תחלת מעשיך זכרון ליום ראשון, דבראש השנה איתא וביובל ליתא! כי קתני - אשארא.""]",Rosh Hashanah 27a,
"תוספות שם ד""ה 'כמאן מצלינן':","['כמאן מצלינן זה היום תחלת מעשיך - תימה הא קי""ל כרבי יהושע כדאמרינן בפ""ק (דף יב ע""א) לתקופה כר\' יהושע ואומר ר""ת דקי""ל כרב עינא דפריך משוה יובל ורב עינא ה""ק והא איכא זה היום תחלת מעשיך דאיתיה בראש השנה וליתיה ביובל אלא ודאי הא דאמרינן ליה לאו משום ברייתו של עולם אלא משום תחלת מעשה דין שהעולם נדון בו להתקיים או לאו וזה שייך נמי ביוה""כ דיובל דהוקש לר""ה.']",,Tosafot on Rosh Hashanah 27a:15:1
"רש""י ראש השנה כו ע""ב ד""ה 'שוה היובל':","['שוה היובל לראש השנה לתקיעה – בפשוטין, ואף על גב דתקיעתו ביובל לא לתפלה ולא לזכרון אלא לסימן שילוח עבדים והשמטת מכירת שדות, אפילו הכי כדראש השנה בעי למעבדיה דגמרינן לה לגזירה שוה שביעי שביעי בפרק בתרא (לד ע""א).']",Rashi on Rosh Hashanah 26b:9:1,
"משנה תענית ב, א–ג:","['א. סדר תעניות כיצד? מוציאין את התיבה לרחובה של עיר ונותנין אפר מקלה על גבי התיבה ובראש הנשיא ובראש אב בית דין, וכל אחד ואחד נותן בראשו. הזקן שבהן אומר לפניהן דברי כבושין, אחינו לא נאמר באנשי נינוה וירא אלהים את שקם ואת תעניתם, אלא וירא אלהים את מעשיהם כי שבו מדרכם הרעה. ובקבלה הוא אומר, וקרעו לבבכם ואל בגדיכם.', 'ב. עמדו בתפלה. מורידין לפני התיבה זקן ורגיל ויש לו בנים וביתו ריקם, כדי שיהא לבו שלם בתפלה. ואומר לפניהם עשרים וארבעה ברכות, שמונה עשרה שבכל יום ומוסיף עליהן עוד שש.', ""ג. ואלו הן: זכרונות, ושופרות, אל ה' בצרתה לי קראתי ויענני, אשא עיני אל ההרים וגו', ממעמקים קראתיך ה', תפלה לעני כי יעטוף. ר' יהודה אומר: לא היה צריך לומר זכרונות ושופרות, אלא אומר תחתיהן רעב כי יהיה בארץ דבר כי יהיה בארץ, אשר היה דבר ה' אל ירמיהו על דברי הבצרות. ואומר חותמיהן.""]",Mishnah Ta'anit 2:1-3,
"תוספות יו""ט שם ד""ה 'זכרונות ושופרות':","['אלא נ""ל... והאי קרא גופיה דמיניה דריש כתיב ביה וביום שמחתכם וראש השנה נקרא יום שמחה ממה שנאמר ביום א\' לחדש השביעי וגו\' כי קדוש היום לאדונינו ואל תעצבו כי חדות ה\' היא מעוזכם, ויו""כ של יובל איש אל משפחתו ואיש אל אחוזת אבותיו ישוב שהוא ודאי שמחת לב. ואע""ג דלעיל מיניה דהאי קרא דביום שמחתכם כתיב וכי תבואו מלחמה על הצר וגו\' דדרשינן מיניה תקיעות דתענית במשנה ד פרק ג דראש השנה, הא פסוקי פסקי לקראי.']",,
"ראש השנה לג ע""ב – לד ע""א:","['תנו רבנן: מנין שבשופר? תלמוד לומר והעברת שופר תרועה. אין לי אלא ביובל, בראש השנה מנין? תלמוד לומר בחדש השביעי, שאין תלמוד לומר בחדש השביעי, ומה תלמוד לומר בחדש השביעי? שיהיו כל תרועות של חדש שביעי זה כזה. ומנין שפשוטה לפניה? תלמוד לומר והעברת שופר תרועה. ומנין שפשוטה לאחריה? תלמוד לומר תעבירו שופר. ואין לי אלא ביובל, בראש השנה מנין? תלמוד לומר בחדש השביעי, שאין תלמוד לומר בחדש השביעי, ומה תלמוד לומר בחדש השביעי, שיהו כל תרועות החדש השביעי זה - כזה. ומנין לשלש של שלש שלש? תלמוד לומר והעברת שופר תרועה, שבתון זכרון תרועה, יום תרועה יהיה לכם. ומנין ליתן את האמור של זה בזה ושל זה בזה? תלמוד לומר שביעי שביעי לגזירה שוה. הא כיצד? שלש שהן תשע. שיעור תקיעה כתרועה, שיעור תרועה כשלשה שברים. האי תנא, מעיקרא מייתי לה בהיקישא, והשתא מייתי לה בגזירה שוה? - הכי קאמר: אי לאו גזירה שוה - הוה מייתינא לה בהיקישא, השתא דאתיא גזירה שוה - היקישא לא צריך. והאי תנא מייתי לה בגזירה שוה ממדבר, דתניא: ותקעתם תרועה - תקיעה בפני עצמה ותרועה בפני עצמה. אתה אומר תקיעה בפני עצמה ותרועה בפני עצמה, או אינו אלא תקיעה ותרועה אחת היא? כשהוא אומר ובהקהיל את הקהל תתקעו ולא תריעו - הוי אומר: תקיעה בפני עצמה ותרועה בפני עצמה. ומנין שפשוטה לפניה? תלמוד לומר ותקעתם תרועה, ומנין שפשוטה לאחריה? תלמוד לומר תרועה יתקעו. רבי ישמעאל בנו של רבי יוחנן בן ברוקא אומר: אינו צריך, הרי הוא אומר ותקעתם תרועה שנית, שאין תלמוד לומר שנית, ומה תלמוד לומר שנית? זה בנה אב: שכל מקום שנאמר תרועה - תהא תקיעה שניה לה. אין לי אלא במדבר, בראש השנה מנין? תלמוד לומר תרועה תרועה לגזירה שוה. ושלש תרועות נאמרו בראש השנה: שבתון זכרון תרועה, יום תרועה, והעברת שופר תרועה. ושתי תקיעות לכל אחת ואחת. מצינו למדין: שלש תרועות ושש תקיעות נאמרו בראש השנה, שתים מדברי תורה ואחת מדברי סופרים; שבתון זכרון תרועה, והעברת שופר תרועה - מדברי תורה, יום תרועה יהיה לכם - לתלמודו הוא בא. רבי שמואל בר נחמני אמר רבי יונתן: אחת מדברי תורה, ושתים מדברי סופרים: והעברת שופר תרועה - מדברי תורה, שבתון זכרון תרועה, ויום תרועה יהיה לכם - לתלמודו הוא בא. מאי לתלמודו הוא בא? - מיבעי: ביום ולא בלילה. - ואידך: ביום ולא בלילה מנא ליה? נפקא ליה מביום הכפרים. אי [מביום] הכפרים יליף - נגמור נמי מיניה לפשוטה לפניה ופשוטה לאחריה! והעברת תעבירו - לא משמע להו. אלא מאי דרשי בהו? והעברת - כדרב מתנא, דאמר רב מתנא: והעברת - דרך העברתו, תעבירו דקאמר רחמנא נעבריה ביד. ואידך, דרב מתנא מדשני בדיבוריה. תעבירו ביד - לא מצית אמרת, דגמר עברה עברה ממשה, כתיב הכא והעברת שופר תרועה, וכתיב התם ויצו משה ויעבירו קול במחנה, מה להלן בקול - אף כאן בקול. ולהאי תנא דמייתי לה ממדבר, אי מה להלן חצוצרות - אף כאן חצוצרות? תלמוד לומר תקעו בחדש שופר בכסה ליום חגנו אי זהו חג שהחדש מתכסה בו - הוי אומר זה ראש השנה, וקאמר רחמנא שופר.']",Rosh Hashanah 33b-34a,
"שם כו ע""ב, המשנה (פ""ג מ""ג):","['שופר של ראש השנה של יעל, פשוט ופיו מצופה זהב, ושתי חצוצרות מן הצדדין. שופר מאריך וחצוצרות מקצרות, שמצות היום בשופר. ובתעניות בשל זכרים, כפופין ופיהן מצופה כסף, ושתי חצוצרות באמצע. שופר מקצר וחצוצרות מאריכות, שמצות היום בחצוצרות. שוה היובל לראש השנה לתקיעה ולברכות. רבי יהודה אומר: בראש השנה תוקעין בשל זכרים, וביובלות בשל יעלים.']",Rosh Hashanah 26b,
"תוספות שם ד""ה 'רבי יהודה':","['רבי יהודה אומר בר""ה בשל זכרים וביובלות בשל יעלים – לית ליה לרבי יהודה שוה יובל לר""ה והא דבעינן שופר בראש השנה לאו משום דילפינן מיובל אלא כאידך תנא דיליף בפ\' בתרא (שם דף לד ע""א) מדכתיב תקעו בחדש שופר ומיהו ההוא תנא נמי יליף ר""ה מיובל בגזרה שוה כדקאמרינן שלש תרועות נאמרו בר""ה ומייתי קרא דוהעברת שופר תרועה דכתיב ביובל וביום ולא בלילה נמי יליף מיובל כדקאמר התם והא דאיצטריך ליה קרא דתקעו בחדש שופר משום דיליף נמי ראש השנה ממדבר והוה אמינא דבחצוצרות כמדבר לכך נראה דמודה רבי יהודה דשוה יובל לר""ה אלא לענין הך מילתא אין שייך להשוותם להיות בשל זכרים כשל ר""ה דטעמא דר""ה מסברא בעלמא דכמה דכייף איניש טפי עדיף שהוא יום הדין ולהזכיר עקידה אבל יובל דלשלוח עבדים ושדות החוזרות לבעלים אין לחוש אלא שיהא שם שופר עליו אף על גב דר\' לוי נמי משוה להו לענין זה משום גזרה שוה יש לומר דבהא פליגי.']",,Tosafot on Rosh Hashanah 26b:9:1
"רא""ש ראש השנה ד, י:","['ור""ת כתב שיש לברך על תקיעת שופר משום דעשייתה היא גמר מצותה. וראבי""ה הביא הירושלמי תוקע שופר צריך לברך אקב""ו לשמוע בקול שופר ושהחיינו ואח""כ תוקעין. וכן כתב בה""ג הא דמברכים לשמוע בקול שופר ולא מברכים לתקוע בשופר או על תקיעת שופר כמו על מקרא מגילה משום דבשמיעת קול שופר הוא יוצא ולא בתקיעת שופר. כדתנן (לעיל דף כז ע""ב) התוקע לתוך הבור וכו\' ופעמים שהתוקע בעצמו לא יצא כגון שהיה עומד על שפת הבור והכניס פיו לתוך הבור ותקע.']",Rosh on Rosh Hashanah 4:10,
"תוספות הרא""ם על הסמ""ג עשין מב:","['מ""ע לתקוע בשופר – אע""ג דמקראי דיום תרועה וזכרון תרועה משמע שכל ישראל יוצאים בתרועה אחת... וא""א זה אלא על שמיעה מיהו לקמן ילפינן בג""ש דשביעי שביעי ליתן האמור של זה בזה, וקרא דוהעברת שופר דיובל כאלו הוא כתיב בראש השנה, וכיון דמהך קרא משמע תרועה כדילפינן העברה העברה ממשה, מה להלן בקול אף כאן בקול.']",,
"ראש השנה לד ע""א–ע""ב:","['אתקין רבי אבהו בקסרי: תקיעה, שלשה שברים, תרועה, תקיעה. מה נפשך? אי ילולי יליל - לעביד תקיעה תרועה ותקיעה, ואי גנוחי גנח - לעביד תקיעה שלשה שברים ותקיעה! מספקא ליה אי גנוחי גנח אי ילולי יליל. מתקיף לה רב עוירא: ודלמא ילולי הוה, וקא מפסיק שלשה שברים בין תרועה לתקיעה! דהדר עביד תקיעה תרועה ותקיעה. מתקיף לה רבינא: ודלמא גנוחי הוה, וקא מפסקא תרועה בין שברים לתקיעה! דהדר עביד תקיעה שברים תקיעה. אלא רבי אבהו מאי אתקין? אי גנוחי גנח - הא עבדיה, אי ילולי יליל - הא עבדיה! מספקא ליה דלמא גנח ויליל. אי הכי, ליעבד נמי איפכא: תקיעה, תרועה, שלשה שברים ותקיעה, דלמא יליל וגנח! סתמא דמילתא, כי מתרע באיניש מילתא - ברישא גנח והדר יליל.', 'תקע בראשונה ומשך בשניה כשתים. אמר רבי יוחנן: שמע תשע תקיעות בתשע שעות ביום, יצא, תניא נמי הכי: שמע תשע תקיעות בתשע שעות ביום – יצא.']",Rosh Hashanah 34,
"רש""ר הירש לבמדבר י, ג:","['ותקעו וגו\' – ברור מפסוק ז שתקיעה ותרועה הן שני קולות שונים. אף על פי כן נאמר בפסוק ה: ותקעתם תרועה - ולא ""והרעותם"", במקביל אל תריעו שבפסוק ז; ולמדנו מכאן שיש לצרף את שני קולות האלה ולפתוח את התרועה בתקיעה; ובהתאם לכך, הרי תרועה יתקעו של פסוק ו מורה שיש לסיים את התרועה בתקיעה. ולכך מתאימה גם ההלכה (ראש השנה לד ע""א והשוה פי\' ויקרא כג, כד). המשמעות המקורית של ""תקע"" היא: לנעוץ, להכניס בכח. אדם תוקע מסמר בקיר או יתד באדמה, או הוא תוקע את כפו בכף חבירו כדי לסמל הבטחה. וזו משמעות הסמל של תקיעת כף: כבעל הפעולה - או מוטב: כבעל הרכוש, שהרי הביטוי השגור הוא ""תקיעת כף"", ולא ""תקיעת יד"" - הרי הוא מוסר את עצמו לרשות חבירו בכח וללא סייג; כפו נשתעבדה לחבירו, והרי היא עומדת לשירותו. בביטוי זה הכף מסמלת את אישיותו של עושה הפעולה - או מוטב: של בעל הרכוש; ולפיכך מצאנו ""יִתָּקֵעַ"" (איוב יז, ג) במשמעות של בניין חוזר: לתקוע את עצמו. וכן נאמר במשלי ו, ג על מי שמסר תקיעת כף לחבירו: ""באת בכף רעך"". ובהשאלה לנגינה הרי זו משמעות ""תקע"": לנשוף בכח ובהתמדה כדי להכניס עמוד אויר לכלי נשיפה; ומשמעות ""תקיעה"": הקול היוצא על ידי כך מתוך הכלי והנכנס לאוזן בכח ובהתמדה. ומכאן המשמעות המיוחדת של ""תקיעה"": הקול הישר, המתמיד, שלא נשבר, היוצא מתוך כלי הנשיפה: ""פשוטה"". משמעות ""רוע"", ""רעע"": לשבור. כך: ""תרעם בשבט ברזל"" (תהלים ב, ט). בנגינה הוא מבטא את הקול השבור, הרועד, המתקבל מתוך ריבוי של קולות קצרים: ""תרועה"".', 'בפסוק ב נאמר שהמטרה העיקרית של החצוצרות היא ""למקרא העדה ולמסע את המחנות"". כסימן למקרא העדה משמשת התקיעה, הקול הישר של הקריאה (פסוקים ג, ד, ז); כסימן למסע המחנות משמשת התרועה, הקול השבור של האזעקה (פסוקים ה, ו); אלא שנאמר: ""ותקעתם תרועה"" ו""תרועה יתקעו"", ומכאן שהתרועה לא באה לבדה אלא ""פשוטה לפניה"" ו""פשוטה לאחריה"" (ראש השנה שם). למקרא העדה כיחידה - כשהיא מיוצגת על ידי הנשיאים ראשי אלפי ישראל - היו תוקעים בחצוצרה אחת (פסוק ד); ובכך היו נותנים ביטוי למושג היחידה. אולם אם נקראה העדה בריבוי פרטיה, היו תוקעים בשתי חצוצרות, ובכך היו נותנים ביטוי למושג הריבוי. הסימן למסע המחנות היה, כאמור, תרועה, אלא ש""פשוטה לפניה ופשוטה לאחריה"". והואיל והתקיעה היא סימן קריאה, והתרועה היא סימן אזעקה, הרי זו משמעות צירוף הקולות האלה: התקיעה הראשונה קוראת את כולם אל הנגיד המצווה לאומה. אלמלא נסמכה לה תרועה, היתה זו ההוראה: לבוא אל ראש האומה כדי לקבל ממנו את פקודותיו. אך מיד נשמעת תרועה, וזו מורה להביא את הכל לכלל תנועה, לפרק את המחנה ולהכין אותו למסע. וכך מצווה התקיעה המסיימת: משנתפרק המחנה, יש ללכת לכל מקום כמצוות הנגיד. ונראה שזו משמעות תרועה יתקעו למסעיהם: תיכף לתרועה ישמיעו תקיעה, וכך יתנו את ההוראה להמשך המסעות.']",,
"שם י, י:","['נמצא, שכך אומרת לנו התורה: הנה הגיעו ימי השמחה של דעת ה\', באו הזמנים שזכרונותיהם קוראים לנו להיוועד אל ה\', נכנסו הימים המעוררים אותנו להתחדשות; ובימים אלה נבטא בקרבן את דעת ה\', את השאיפה אל ה\' ואת ההתחדשות. בעולות, תמידים ומוספים, בשלמי ציבור של כבשי עצרת נבטא את קידוש המעשים ואת שמחת החיים שיביאו לידי קירבת ה\'; ובאותה שעה ""נקרא"" אל ה\' בתקיעת חצוצרות, נבקש ממנו שישמע את הנדרים שהזמן עורר בליבנו וישקיף על התמסרותנו המבקשת ""קירבת אלהים""; נקרא אליו שיקרב אלינו, כדרך ששמענו בקולו וביקשנו את קירבתו. נמצא, שגם תקיעת החצוצרות של קרבנות הציבור היא קריאה של ישראל אל ה\': אנחנו קוראים אליו שיקרב אלינו, וכך מבטאים את עיצומו של רעיון הקרבן. וכאשר אנחנו שואפים להתקרב אל ה\', וה\' נענה לנו ומתקרב אלינו, כבר מתקיים כל תוכנו של קרבן המועד; שהרי זמן הקרבן נעשה על ידי כך ל""מועד"", לזמן של היוועדות ישראל אל ה\'. וכבר אמרנו לעיל (ט, ב), שגם שבתות ותמידים הם מועדים של קרבנות.', 'ההלכה מורה שגם תקיעת הקרבנות לא באה לבדה, אלא היתה זו תקיעה־תרועה־תקיעה כדוגמת הקריאה לעזרה של הפסוק הקודם. ואף על פי שנאמר שם ""והרעתם"" וכאן ""ותקעתם"", כבר ביאר רמב""ן, ששם ההדגשה היא על תרועה - וכאן על תקיעה. שם זו תרועה הפותחת בתקיעה ומלֻווה על ידה, ואילו כאן אלו הן תקיעות הפותחות את התרועה ומלוות אותה. שם ההתערבות האלוהית היא התכלית וקירבת ה\' המיוחלת היא האמצעי, ואילו כאן קירבת ה\' היא התכלית, וההתערבות האלהית היא האמצעי. שכן גם קירבת ה\' המתמדת תלויה בהתערבות הכח האלוהי הכל יכול; היא תלויה בכפרה, שהיא מעשה פלא של חסד ה\', וזו תמחוק מעברנו את כל המתנגד לשאיפתנו להיות ראויים לקירבת ה\'. בזכות הכפרה ניוולד מחדש ונהיה ראויים לעתיד טהור וחדש. נמצא, שהתקיעה־תרועה־תקיעה של הקרבנות קוראת לה\' שיבוא אלינו (תקיעה), יכפר עלינו (תרועה) - על מנת שיהיה קרוב לנו מכאן ולהבא ויתמיד בלכתו עמנו.', 'אפשר שהמשמעות השונה של תקיעה־תרועה־תקיעה - כקריאה לעזרה או כקריאה עם הקרבנות - היתה ניכרת גם באופן ביצוע הקולות: שם הבליטו את התרועה על ידי שהאריכו בה והשמיעו אותה בקול חזק, ובאותה שיטה היו מבליטים את התקיעות כאן. וכעין זה מורה ההלכה ביחס לצירוף של חצוצרות ושופר בתענית ובראש השנה (ראש השנה כו ע""ב).']",,
"ויקרא כג, כו–לב:","[""וַיְדַבֵּר ה' אֶל מֹשֶׁה לֵּאמֹר: אַךְ בֶּעָשׂוֹר לַחֹדֶשׁ הַשְּׁבִיעִי הַזֶּה יוֹם הַכִּפֻּרִים הוּא מִקְרָא קֹדֶשׁ יִהְיֶה לָכֶם וְעִנִּיתֶם אֶת נַפְשֹׁתֵיכֶם וְהִקְרַבְתֶּם אִשֶּׁה לַה': וְכָל מְלָאכָה לֹא תַעֲשׂוּ בְּעֶצֶם הַיּוֹם הַזֶּה כִּי יוֹם כִּפֻּרִים הוּא לְכַפֵּר עֲלֵיכֶם לִפְנֵי ה' אֱלֹהֵיכֶם: כִּי כָל הַנֶּפֶשׁ אֲשֶׁר לֹא תְעֻנֶּה בְּעֶצֶם הַיּוֹם הַזֶּה וְנִכְרְתָה מֵעַמֶּיהָ: וְכָל הַנֶּפֶשׁ אֲשֶׁר תַּעֲשֶׂה כָּל מְלָאכָה בְּעֶצֶם הַיּוֹם הַזֶּה וְהַאֲבַדְתִּי אֶת הַנֶּפֶשׁ הַהִוא מִקֶּרֶב עַמָּהּ: כָּל מְלָאכָה לֹא תַעֲשׂוּ חֻקַּת עוֹלָם לְדֹרֹתֵיכֶם בְּכֹל מֹשְׁבֹתֵיכֶם: שַׁבַּת שַׁבָּתוֹן הוּא לָכֶם וְעִנִּיתֶם אֶת נַפְשֹׁתֵיכֶם בְּתִשְׁעָה לַחֹדֶשׁ בָּעֶרֶב מֵעֶרֶב עַד עֶרֶב תִּשְׁבְּתוּ שַׁבַּתְּכֶם:""]",Leviticus 23:26,
"במדבר כט, ז–יא:","[""וּבֶעָשׂוֹר לַחֹדֶשׁ הַשְּׁבִיעִי הַזֶּה מִקְרָא קֹדֶשׁ יִהְיֶה לָכֶם וְעִנִּיתֶם אֶת נַפְשֹׁתֵיכֶם כָּל מְלָאכָה לֹא תַעֲשׂוּ: וְהִקְרַבְתֶּם עֹלָה לַה' רֵיחַ נִיחֹחַ פַּר בֶּן בָּקָר אֶחָד אַיִל אֶחָד כְּבָשִׂים בְּנֵי שָׁנָה שִׁבְעָה תְּמִימִם יִהְיוּ לָכֶם: וּמִנְחָתָם סֹלֶת בְּלוּלָה בַשָּׁמֶן שְׁלֹשָׁה עֶשְׂרֹנִים לַפָּר שְׁנֵי עֶשְׂרֹנִים לָאַיִל הָאֶחָד: עִשָּׂרוֹן עִשָּׂרוֹן לַכֶּבֶשׂ הָאֶחָד לְשִׁבְעַת הַכְּבָשִׂים: שְׂעִיר עִזִּים אֶחָד חַטָּאת מִלְּבַד חַטַּאת הַכִּפֻּרִים וְעֹלַת הַתָּמִיד וּמִנְחָתָהּ וְנִסְכֵּיהֶם:""]",Numbers 29:7-11,
"רש""ר הירש, חורב (מהדורת פלדהיים, תשס""ז), פרק כב, קנה–קנו:","[""ביום זה שומה עליך לתת ביטוי מעשי למחשבה שמכיוון שכל חייך וייעודך ניתנו לך רק בחסדי ה', הרי שבשל עיוות חייך עד כה קיפחת את כוחך וזכותך לחיים ועליך להרגיש את עצמך כאפס וכאין. ואם יש את נפשך באמת ובתמים לשוב ולפתוח בחיים חדשים, כי צמאה נפשך אל חיי אמת באור ה' שיתן לך כוח להתחדשות ויחדש ימיך כאב אוהב המשיב אליו את בנו, - או אז יקרא אותך שנית ה'יהי' שלו אל הוויה חדשה ויעניק לך כוח לחיים חדשים, יבטל ממך את קללת עברך ויחדש עליך עתיד חדש."", 'הביטוי המעשי לכך אינו אלא איסור מלאכה וחובת העינוי, הווי אומר הימנעות מהנאה. לפעול וליהנות – הרי זה כל תוכן חיי האדם, אולם עקב החטא קיפחנו את הכוח הרוחני לפעול ואת הזכות ליהנות...']",,
"מהר""ל, נצח ישראל פרק מד:","['המלאכים, אשר הם נבדלים והם קדושים מן החומר... שהם קדושים מן החמרי הגשמי. וביום אשר מסולק האדם מן החומר, כמו יום הכפורים, שאסור באכילה ובשתיה, ומסולק מאתו שאר ענינים הגשמיים, עד שהאדם קדוש והוא במדריגת המלאכים בפרט...']",,
"יומא עג ע""ב, המשנה (פ""ח מ""א):","['יום הכפורים אסור באכילה, ובשתיה, וברחיצה, ובסיכה, ובנעילת הסנדל, ובתשמיש המטה והמלך והכלה ירחצו את פניהם, והחיה תנעול את הסנדל, דברי רבי אליעזר, וחכמים אוסרין. האוכל ככותבת הגסה, כמוה וכגרעינתה, והשותה מלא לוגמיו - חייב. כל האוכלים מצטרפין לככותבת, וכל המשקין מצטרפין למלא לוגמיו. האוכל ושותה אין מצטרפין.']",Yoma 73b,
"שם עד ע""ב:","['תנו רבנן: תענו את נפשתיכם, יכול ישב בחמה או בצנה כדי שיצטער, תלמוד לומר וכל מלאכה לא תעשו. מה מלאכה - שב ואל תעשה, אף ענוי נפש - שב ואל תעשה. ואימא: היכא דיתיב בשימשא וחיים ליה - לא נימא ליה קום תוב בטולא, יתיב בטולא וקריר ליה, לא נימא ליה קום תוב בשימשא! דומיא דמלאכה, מה מלאכה - לא חלקת בה, אף ענוי - לא תחלוק בו. תניא אידך: תענו את נפשתיכם יכול ישב בחמה ובצנה ויצטער - תלמוד לומר וכל מלאכה לא תעשו, מה מלאכה - דבר שחייבין עליו במקום אחר, אף ענוי נפש - שחייבין עליו במקום אחר. ואי זה זה - זה פגול ונותר. אביא פגול ונותר שהן בכרת, ולא אביא את הטבל שאינו בכרת - תלמוד לומר, תענו ועניתם את נפשתיכם ריבה. אביא הטבל שהוא במיתה, ולא אביא את הנבילה שאינה במיתה - תלמוד לומר תענו ועניתם את נפשתיכם ריבה. - אביא את הנבילה שהוא בלאו, ולא אביא את החולין שאינן בלאו - תלמוד לומר תענו ועניתם את נפשתיכם ריבה. אביא החולין שאינן בקום אכול ולא אביא את התרומה שהיא בקום אכול - תלמוד לומר תענו ועניתם את נפשתיכם ריבה. אביא את התרומה שאינה בבל תותירו ולא אביא את הקדשים שהן בבל תותירו - תלמוד לומר תענו ועניתם את נפשתיכם ריבה. ואם נפשך לומר: הרי הוא אומר והאבדתי את הנפש ההיא - ענוי שהוא אבידת הנפש, ואיזה זה - זה אכילה ושתיה. מאי ואם נפשך לומר? וכי תימא: בעריות קא מישתעי קרא - הרי הוא אומר והאבדתי הנפש ענוי שיש בו אבידת נפש, ואי זה זה - זה אכילה ושתיה. דבי רבי ישמעאל תנא: נאמר כאן ענוי ונאמר להלן ענוי, מה להלן ענוי רעבון - אף כאן ענוי רעבון. ונילף מאם תענה את בנתי! דנין ענוי דרבים מענוי דרבים, ואין דנין ענוי דרבים מענוי דיחיד. ונילף מענוי דמצרים, דכתיב וירא את ענינו ואמרינן: זו פרישות דרך ארץ! אלא, דנין ענוי בידי שמים מענוי בידי שמים, ואין דנין ענוי בידי שמים מענוי בידי אדם.']",,
"חידושי המאירי שם ד""ה 'יש אכילות':","['...וענוי סתם על אכילה ושתיה הוא נאמר כמו שביארנו ויש ענויים שמדברי סופרים כמו שביארנו במשנה והם דברים שמניעתם הפסק תענוג ושמצינו בהם לשון ענוי אבל שיתחייב לענות עצמו בישיבת חמה אם העת חם או בישיבת צנה אם העת קר אף על פי שזה הוא בודאי ענוי לא מפני שלא מצינו בו לשון ענוי אין זה חייב בו שהרי הכתוב הקיש תענית למלאכה מדכתיב תענו את נפשותיכם וכל מלאכה לא תעשו מה מלאכה בשב ואל תעשה אף ענוי בשב ואל תעשה ר""ל במניעת תענוג ולא בהבאת צער.']",,
"מגילה כא ע""א, המשנה (פ""ד מ""א):","['הקורא את המגילה עומד ויושב. קראה אחד, קראוה שנים - יצאו. מקום שנהגו לברך - יברך. ושלא לברך - לא יברך. בשני וחמישי, בשבת במנחה - קורין שלשה, אין פוחתין מהן ואין מוסיפין עליהן, ואין מפטירין בנביא. הפותח והחותם בתורה - מברך לפניה ולאחריה. בראשי חדשים ובחולו של מועד - קורין ארבעה, אין פוחתין מהן ואין מוסיפין עליהן, ואין מפטירין בנביא. הפותח והחותם בתורה - מברך לפניה ולאחריה. זה הכלל: כל שיש בו מוסף ואינו יום טוב - קורין ארבעה. ביום טוב חמשה. ביום הכפורים - ששה, בשבת - שבעה. אין פוחתין מהן, אבל מוסיפין עליהן, ומפטירין בנביא. הפותח והחותם בתורה - מברך לפניה ולאחריה.']",Megillah 21a,
"שם כג ע""א:","[""ביום טוב חמשה ביום הכפורים ששה וכו', מתניתין מני? לא רבי ישמעאל ולא רבי עקיבא, דתניא: ביום טוב - חמשה וביום הכפורים - ששה, ובשבת - שבעה, אין פוחתין מהן ואין מוסיפין עליהן, דברי רבי ישמעאל. רבי עקיבא אומר: ביום טוב - חמשה, וביום הכפורים - שבעה, ובשבת - ששה, אין פוחתין מהן אבל מוסיפין עליהן. מני? אי רבי ישמעאל - קשיא תוספת, אי רבי עקיבא - קשיא ששה ושבעה! אמר רבא: תנא דבי רבי ישמעאל היא, דתנא דבי רבי ישמעאל: ביום טוב - חמשה, ביום הכפורים - ששה, בשבת - שבעה, אין פוחתין מהן אבל מוסיפין עליהן, דברי רבי ישמעאל. - קשיא דרבי ישמעאל אדרבי ישמעאל! תרי תנאי אליבא דרבי ישמעאל. מאן תנא להא דתניא: ביום טוב מאחרין לבוא וממהרין לצאת, ביום הכפורים ממהרין לבוא ומאחרין לצאת, ובשבת ממהרין לבוא וממהרין לצאת - לימא רבי עקיבא, דאית ליה גברא יתירא? אפילו תימא רבי ישמעאל, דנפיש סידורא דיומא.""]",Megillah 23a,
"טורי אבן שם ד""ה 'ביוה""כ ז'':","['טעמא דר""ע לא נתברר לי בשלמא ר""י דאמ\' ביוה""כ ו\' ובשבת ז\', ה""ט כדמפ\' לעיל כל דטפי ליה מילתא מחבריה טפי ליה גברא יתירא, יוה""כ דענוש כרת ששה שבת דאיסור סקילה ז\'. אבל ר""ע דטפי ליה יוה""כ הקל משבת החמור, מ""ט? ואי משום דיוה""כ יום עינוי הוא, אין זה ענין לקדושת היום למטפי גברא יתירא... וי""ל דאיכא צלותא יתירא משבת וי""ט, שהוא תפילת נעילה.']",,
"מגילה ז ע""ב:","[""מתני'. אין בין שבת ליום הכפורים אלא שזה זדונו בידי אדם וזה זדונו בכרת."", ""גמ'. הא לענין תשלומין - זה וזה שוין. מני מתניתין - רבי נחוניא בן הקנה היא. דתניא, רבי נחוניא בן הקנה היה עושה את יום הכפורים כשבת לתשלומין. מה שבת מתחייב בנפשו ופטור מן התשלומין - אף יום הכפורים מתחייב בנפשו ופטור מן התשלומין. תנן התם: כל חייבי כריתות שלקו נפטרו מידי כריתתן, שנאמר ונקלה אחיך לעיניך - כיון שלקה הרי הוא כאחיך, דברי רבי חנניה בן גמליאל. אמר רבי יוחנן: חלוקין עליו חביריו על רבי חנניה בן גמליאל. אמר רבא: אמר בי רב: תנינא אין בין יום הכפורים לשבת אלא שזה זדונו בידי אדם וזה זדונו בהיכרת. ואם איתא - אידי ואידי בידי אדם היא! אמר רב נחמן: הא מני - רבי יצחק היא, דאמר: מלקות בחייבי כריתות ליכא. דתניא, רבי יצחק אומר: חייבי כריתות בכלל היו, ולמה יצאת כרת באחותו - לדונה בכרת ולא במלקות. רב אשי אמר: אפילו תימא רבנן, זה - עיקר זדונו בידי אדם, וזה - עיקר זדונו בהיכרת.""]",Megillah 7b,
ויקרא טז:,"[""וַיְדַבֵּר ה' אֶל מֹשֶׁה אַחֲרֵי מוֹת שְׁנֵי בְּנֵי אַהֲרֹן בְּקָרְבָתָם לִפְנֵי ה' וַיָּמֻתוּ: וַיֹּאמֶר ה' אֶל מֹשֶׁה דַּבֵּר אֶל אַהֲרֹן אָחִיךָ וְאַל יָבֹא בְכָל עֵת אֶל הַקֹּדֶשׁ מִבֵּית לַפָּרֹכֶת אֶל פְּנֵי הַכַּפֹּרֶת אֲשֶׁר עַל הָאָרֹן וְלֹא יָמוּת כִּי בֶּעָנָן אֵרָאֶה עַל הַכַּפֹּרֶת: בְּזֹאת יָבֹא אַהֲרֹן אֶל הַקֹּדֶשׁ בְּפַר בֶּן בָּקָר לְחַטָּאת וְאַיִל לְעֹלָה: כְּתֹנֶת בַּד קֹדֶשׁ יִלְבָּשׁ וּמִכְנְסֵי בַד יִהְיוּ עַל בְּשָׂרוֹ וּבְאַבְנֵט בַּד יַחְגֹּר וּבְמִצְנֶפֶת בַּד יִצְנֹף בִּגְדֵי קֹדֶשׁ הֵם וְרָחַץ בַּמַּיִם אֶת בְּשָׂרוֹ וּלְבֵשָׁם: וּמֵאֵת עֲדַת בְּנֵי יִשְׂרָאֵל יִקַּח שְׁנֵי שְׂעִירֵי עִזִּים לְחַטָּאת וְאַיִל אֶחָד לְעֹלָה: וְהִקְרִיב אַהֲרֹן אֶת פַּר הַחַטָּאת אֲשֶׁר לוֹ וְכִפֶּר בַּעֲדוֹ וּבְעַד בֵּיתוֹ: וְלָקַח אֶת שְׁנֵי הַשְּׂעִירִם וְהֶעֱמִיד אֹתָם לִפְנֵי ה' פֶּתַח אֹהֶל מוֹעֵד: וְנָתַן אַהֲרֹן עַל שְׁנֵי הַשְּׂעִירִם גֹּרָלוֹת גּוֹרָל אֶחָד לַה' וְגוֹרָל אֶחָד לַעֲזָאזֵל: וְהִקְרִיב אַהֲרֹן אֶת הַשָּׂעִיר אֲשֶׁר עָלָה עָלָיו הַגּוֹרָל לַה' וְעָשָׂהוּ חַטָּאת: וְהַשָּׂעִיר אֲשֶׁר עָלָה עָלָיו הַגּוֹרָל לַעֲזָאזֵל יָעֳמַד חַי לִפְנֵי ה' לְכַפֵּר עָלָיו לְשַׁלַּח אֹתוֹ לַעֲזָאזֵל הַמִּדְבָּרָה: וְהִקְרִיב אַהֲרֹן אֶת פַּר הַחַטָּאת אֲשֶׁר לוֹ וְכִפֶּר בַּעֲדוֹ וּבְעַד בֵּיתוֹ וְשָׁחַט אֶת פַּר הַחַטָּאת אֲשֶׁר לוֹ: וְלָקַח מְלֹא הַמַּחְתָּה גַּחֲלֵי אֵשׁ מֵעַל הַמִּזְבֵּחַ מִלִּפְנֵי ה' וּמְלֹא חָפְנָיו קְטֹרֶת סַמִּים דַּקָּה וְהֵבִיא מִבֵּית לַפָּרֹכֶת: וְנָתַן אֶת הַקְּטֹרֶת עַל הָאֵשׁ לִפְנֵי ה' וְכִסָּה עֲנַן הַקְּטֹרֶת אֶת הַכַּפֹּרֶת אֲשֶׁר עַל הָעֵדוּת וְלֹא יָמוּת: וְלָקַח מִדַּם הַפָּר וְהִזָּה בְאֶצְבָּעוֹ עַל פְּנֵי הַכַּפֹּרֶת קֵדְמָה וְלִפְנֵי הַכַּפֹּרֶת יַזֶּה שֶׁבַע פְּעָמִים מִן הַדָּם בְּאֶצְבָּעוֹ: וְשָׁחַט אֶת שְׂעִיר הַחַטָּאת אֲשֶׁר לָעָם וְהֵבִיא אֶת דָּמוֹ אֶל מִבֵּית לַפָּרֹכֶת וְעָשָׂה אֶת דָּמוֹ כַּאֲשֶׁר עָשָׂה לְדַם הַפָּר וְהִזָּה אֹתוֹ עַל הַכַּפֹּרֶת וְלִפְנֵי הַכַּפֹּרֶת: וְכִפֶּר עַל הַקֹּדֶשׁ מִטֻּמְאֹת בְּנֵי יִשְׂרָאֵל וּמִפִּשְׁעֵיהֶם לְכָל חַטֹּאתָם וְכֵן יַעֲשֶׂה לְאֹהֶל מוֹעֵד הַשֹּׁכֵן אִתָּם בְּתוֹךְ טֻמְאֹתָם: וְכָל אָדָם לֹא יִהְיֶה בְּאֹהֶל מוֹעֵד בְּבֹאוֹ לְכַפֵּר בַּקֹּדֶשׁ עַד צֵאתוֹ וְכִפֶּר בַּעֲדוֹ וּבְעַד בֵּיתוֹ וּבְעַד כָּל קְהַל יִשְׂרָאֵל: וְיָצָא אֶל הַמִּזְבֵּחַ אֲשֶׁר לִפְנֵי ה' וְכִפֶּר עָלָיו וְלָקַח מִדַּם הַפָּר וּמִדַּם הַשָּׂעִיר וְנָתַן עַל קַרְנוֹת הַמִּזְבֵּחַ סָבִיב: וְהִזָּה עָלָיו מִן הַדָּם בְּאֶצְבָּעוֹ שֶׁבַע פְּעָמִים וְטִהֲרוֹ וְקִדְּשׁוֹ מִטֻּמְאֹת בְּנֵי יִשְׂרָאֵל: וְכִלָּה מִכַּפֵּר אֶת הַקֹּדֶשׁ וְאֶת אֹהֶל מוֹעֵד וְאֶת הַמִּזְבֵּחַ וְהִקְרִיב אֶת הַשָּׂעִיר הֶחָי: וְסָמַךְ אַהֲרֹן אֶת שְׁתֵּי יָדָיו עַל רֹאשׁ הַשָּׂעִיר הַחַי וְהִתְוַדָּה עָלָיו אֶת כָּל עֲוֹנֹת בְּנֵי יִשְׂרָאֵל וְאֶת כָּל פִּשְׁעֵיהֶם לְכָל חַטֹּאתָם וְנָתַן אֹתָם עַל רֹאשׁ הַשָּׂעִיר וְשִׁלַּח בְּיַד אִישׁ עִתִּי הַמִּדְבָּרָה: וְנָשָׂא הַשָּׂעִיר עָלָיו אֶת כָּל עֲוֹנֹתָם אֶל אֶרֶץ גְּזֵרָה וְשִׁלַּח אֶת הַשָּׂעִיר בַּמִּדְבָּר: וּבָא אַהֲרֹן אֶל אֹהֶל מוֹעֵד וּפָשַׁט אֶת בִּגְדֵי הַבָּד אֲשֶׁר לָבַשׁ בְּבֹאוֹ אֶל הַקֹּדֶשׁ וְהִנִּיחָם שָׁם: וְרָחַץ אֶת בְּשָׂרוֹ בַמַּיִם בְּמָקוֹם קָדוֹשׁ וְלָבַשׁ אֶת בְּגָדָיו וְיָצָא וְעָשָׂה אֶת עֹלָתוֹ וְאֶת עֹלַת הָעָם וְכִפֶּר בַּעֲדוֹ וּבְעַד הָעָם: וְאֵת חֵלֶב הַחַטָּאת יַקְטִיר הַמִּזְבֵּחָה: וְהַמְשַׁלֵּחַ אֶת הַשָּׂעִיר לַעֲזָאזֵל יְכַבֵּס בְּגָדָיו וְרָחַץ אֶת בְּשָׂרוֹ בַּמָּיִם וְאַחֲרֵי כֵן יָבוֹא אֶל הַמַּחֲנֶה: וְאֵת פַּר הַחַטָּאת וְאֵת שְׂעִיר הַחַטָּאת אֲשֶׁר הוּבָא אֶת דָּמָם לְכַפֵּר בַּקֹּדֶשׁ יוֹצִיא אֶל מִחוּץ לַמַּחֲנֶה וְשָׂרְפוּ בָאֵשׁ אֶת עֹרֹתָם וְאֶת בְּשָׂרָם וְאֶת פִּרְשָׁם: וְהַשֹּׂרֵף אֹתָם יְכַבֵּס בְּגָדָיו וְרָחַץ אֶת בְּשָׂרוֹ בַּמָּיִם וְאַחֲרֵי כֵן יָבוֹא אֶל הַמַּחֲנֶה: וְהָיְתָה לָכֶם לְחֻקַּת עוֹלָם בַּחֹדֶשׁ הַשְּׁבִיעִי בֶּעָשׂוֹר לַחֹדֶשׁ תְּעַנּוּ אֶת נַפְשֹׁתֵיכֶם וְכָל מְלָאכָה לֹא תַעֲשׂוּ הָאֶזְרָח וְהַגֵּר הַגָּר בְּתוֹכְכֶם: כִּי בַיּוֹם הַזֶּה יְכַפֵּר עֲלֵיכֶם לְטַהֵר אֶתְכֶם מִכֹּל חַטֹּאתֵיכֶם לִפְנֵי ה' תִּטְהָרוּ: שַׁבַּת שַׁבָּתוֹן הִיא לָכֶם וְעִנִּיתֶם אֶת נַפְשֹׁתֵיכֶם חֻקַּת עוֹלָם: וְכִפֶּר הַכֹּהֵן אֲשֶׁר יִמְשַׁח אֹתוֹ וַאֲשֶׁר יְמַלֵּא אֶת יָדוֹ לְכַהֵן תַּחַת אָבִיו וְלָבַשׁ אֶת בִּגְדֵי הַבָּד בִּגְדֵי הַקֹּדֶשׁ: וְכִפֶּר אֶת מִקְדַּשׁ הַקֹּדֶשׁ וְאֶת אֹהֶל מוֹעֵד וְאֶת הַמִּזְבֵּחַ יְכַפֵּר וְעַל הַכֹּהֲנִים וְעַל כָּל עַם הַקָּהָל יְכַפֵּר: וְהָיְתָה זֹּאת לָכֶם לְחֻקַּת עוֹלָם לְכַפֵּר עַל בְּנֵי יִשְׂרָאֵל מִכָּל חַטֹּאתָם אַחַת בַּשָּׁנָה וַיַּעַשׂ כַּאֲשֶׁר צִוָּה ה' אֶת מֹשֶׁה:""]",Leviticus 16,
"במדבר כט, ז–יא:","[""וּבֶעָשׂוֹר לַחֹדֶשׁ הַשְּׁבִיעִי הַזֶּה מִקְרָא קֹדֶשׁ יִהְיֶה לָכֶם וְעִנִּיתֶם אֶת נַפְשֹׁתֵיכֶם כָּל מְלָאכָה לֹא תַעֲשׂוּ: וְהִקְרַבְתֶּם עֹלָה לַה' רֵיחַ נִיחֹחַ פַּר בֶּן בָּקָר אֶחָד אַיִל אֶחָד כְּבָשִׂים בְּנֵי שָׁנָה שִׁבְעָה תְּמִימִם יִהְיוּ לָכֶם: וּמִנְחָתָם סֹלֶת בְּלוּלָה בַשָּׁמֶן שְׁלֹשָׁה עֶשְׂרֹנִים לַפָּר שְׁנֵי עֶשְׂרֹנִים לָאַיִל הָאֶחָד: עִשָּׂרוֹן עִשָּׂרוֹן לַכֶּבֶשׂ הָאֶחָד לְשִׁבְעַת הַכְּבָשִׂים: שְׂעִיר עִזִּים אֶחָד חַטָּאת מִלְּבַד חַטַּאת הַכִּפֻּרִים וְעֹלַת הַתָּמִיד וּמִנְחָתָהּ וְנִסְכֵּיהֶם:""]",Numbers 29:7-11,
"יומא ב ע""א:","[""מתני'. שבעת ימים קודם יום הכפורים מפרישין כהן גדול מביתו ללשכת פרהדרין, ומתקינין לו כהן אחר תחתיו, שמא יארע בו פסול. רבי יהודה אומר: אף אשה אחרת מתקינין לו, שמא תמות אשתו. שנאמר וכפר בעדו ובעד ביתו, ביתו זו אשתו. אמרו לו: אם כן אין לדבר סוף."", ""גמ'. ...מנא הני מילי? אמר רב מניומי בר חלקיה אמר רבי מחסיא בר אידי אמר רבי יוחנן: אמר קרא כאשר עשה ביום הזה צוה ה' לעשת לכפר עליכם. לעשת - אלו מעשי פרה, לכפר - אלו מעשי יום הכפורים.""]",Yoma 2a,
"רש""י שם ד""ה 'כאשר עשה':","[""כאשר עשה – במלואים, שצוה אותם לפרוש מביתם שבעה ימים, שנאמר (ויקרא ח) ופתח אהל מועד תשבו יומם ולילה וגו', ובשמיני עבדו, שנאמר (שם ט) ויהי ביום השמיני קרא וגו' וכתיב קרב אל המזבח וגו' כאשר וגו' צוה לעשות לדורות, לפרוש שבעה לפני עבודת יום אחד.""]",,Rashi on Yoma 2a:8:2
"שם ג ע""ב:","[""אמר ליה ריש לקיש לרבי יוחנן: מהיכא קא ילפת לה - ממלואים, אי מה מלואים - כל הכתוב בהן מעכב בהן, אף הכא נמי - כל הכתוב בהן מעכב בהן. וכי תימא הכי נמי, והתנן: ומתקינין לו כהן אחר, ולא קתני מפרישין! וכי תימא: מאי מתקינין - מפרישין, ליתני או אידי ואידי מתקינין, או אידי ואידי מפרישין! אמר ליה: אלא מר מהיכא יליף לה? - אמר: מסיני, דכתיב וישכן כבוד ה' על הר סיני ויכסהו הענן ששת ימים ויקרא אל משה ביום השביעי. מכדי כתיב ויקרא אל משה ביום השביעי, מאי ששת ימים? זה בנה אב, שכל הנכנס במחנה שכינה - טעון פרישת ששה.""]",,
"שיעורי הגרי""ד, עבודת יום הכיפורים:","[""מסתבר שמחלוקתם מתייחסת לא רק למקור הדין אלא אף לאופיו ומחייבו אם הילפותא היא מסיני... הרי שהמחייב הוא ביאת מקדש... דרך נקבעה ההלכה דכל הבא לפני השכינה טעון הכשר והכנה לעצם עמידתו לפני ה' ואין כאן זיקה לכהונה או עבודה... אלא פשוט לעמוד לפני ה'. ואילו לרבי יוחנן דיליף ממילואים נראה שההפרשה היא בבחינת הכשר והכנה לעבודת יום הכפורים... שכן כל ממת המילואים היתה לחנך ולהכין לקראת העבודה העתידה.""]",,
"יומא לא ע""ב, המשנה (פ""ג מ""ד–מ""ה):","['פשט, ירד, וטבל, עלה ונסתפג. הביאו לו בגדי זהב ולבש וקידש ידיו ורגליו. הביאו לו את התמיד, קרצו, ומירק אחר שחיטה על ידו. קבל את הדם וזרקו. נכנס להקטיר קטורת של שחר, ולהיטיב את הנרות, ולהקריב את הראש ואת האברים והחביתין, ואת היין. קטורת של שחר היתה קריבה בין דם לאברים, של בין הערבים בין איברים לנסכים. אם היה כהן גדול זקן או איסטניס - מחמין לו חמין ומטילין לתוך הצונן, כדי שתפיג צינתן.']",Yoma 31b,
"שם לב ע""ב:","['אמר רבי: מנין לחמש טבילות ועשרה קידושין שטובל כהן גדול ומקדש בו ביום - תלמוד לומר כתנת בד קדש ילבש, הא למדת שכל המשנה מעבודה לעבודה שטעון טבילה. אשכחן מבגדי זהב לבגדי לבן, מבגדי לבן לבגדי זהב מנין? תנא דבי רבי ישמעאל: קל וחומר, מה בגדי לבן שאין כפרתן מרובה - טעונין טבילה, בגדי זהב שכפרתן מרובה - אינו דין שטעונין טבילה? איכא למפרך: מה לבגדי לבן - שכן נכנס בהן לפני ולפנים. - היינו דקתני: ואומר בגדי קדש הם ורחץ את בשרו במים ולבשם.']",Yoma 32b,
"ראש השנה כו ע""א:",['דאמר רב חסדא: מפני מה אין כהן גדול נכנס בבגדי זהב לפני ולפנים לעבוד עבודה - לפי שאין קטיגור נעשה סניגור.'],Rosh Hashanah 26a,
"חידושי הריטב""א, יומא שם ד""ה 'תנא דבי ר'':","['תנא דבי רבי ישמעאל קל וחומר ומה בגדי זהב שאין נכנס בהן לפני ולפנים כו\' – פי\' דאע""ג דמה שאין נכנס בהן הוי משום שאין קטיגור נעשה סניגור מה שאין כן בבגדי לבן, מ""מ מהאי טעמא (ד)ליהוו בגדי לבן עדיפי שנכנס בהן לפני ולפנים.']",,
"קידושין נד ע""א:","['ומשנתינו - בכתנות כהונה שלא בלו, הואיל וניתנו ליהנות בהן, לפי שלא ניתנה תורה למלאכי השרת.']",Kiddushin 54a,
"רש""י שם ד""ה 'בכתנות כהונה':",['בכתנות כהונה שלא בלו – וראויין לעבודה וכל זמן שראויין לעבודה אין מעילה בשגגתן שלכך הוקדשו מתחלה ליהנות בהן שוגגין רק שלא יתכוין לחללן שלא נתנה תורה למלאכי השרת שיהו הכהנים זריזים כמלאכים להפשיטן בגמר עבודה ולא ישהום עליהם אחר העבודה כהרף עין.'],Rashi on Kiddushin 54a:2:2,
"מקדש דוד לו, ב:","['אמרינן בקידושין דבבגדי כהונה ליכא מעלה הואיל וניתנו ליהנות בהם שלא ניתנה תורה למה""ש והנה יש לחקור בבגדי לבן של יוה""כ אם ג""כ הדין כן.']",,
"יומא ל ע""א:","[""מתני'. אין אדם נכנס לעזרה לעבודה אפילו טהור, עד שיטבול. חמש טבילות ועשרה קדושין טובל כהן גדול ומקדש בו ביום, וכולן בקדש על בית הפרוה, חוץ מזו בלבד. פרסו סדין של בוץ בינו לבין העם, (קדש ידיו ורגליו)."", ""גמ'. שאלו את בן זומא: טבילה זו למה? אמר להם: ומה המשנה מקודש לקודש, וממקום שענוש כרת למקום שענוש כרת - טעון טבילה, המשנה מחול לקודש וממקום שאין ענוש כרת למקום שענוש כרת - אינו דין שטעון טבילה?""]",Yoma 30a,
"רש""י שם ד""ה 'לעבודה':","['לעבודה – לאו דוקא, דאין אדם נכנס לעזרה עד שיטבול, וטעמא מפרש בגמרא.']",,Rashi on Yoma 30a:6:1
"תוספות שם ד""ה 'ומה':","['ומה המשנה בין קדש לקדש כו\' - תימה לי איכא למפרך מה להתם שכן רוצה לעבוד עבודה אבל טהור הנכנס שלא לעבודה מניין וי""ל דודאי הק""ו אינו אלא בטהור הנכנס כדי לעבוד אלא דמדרבנן גזרו אפילו בנכנס שלא לעבוד גזירה שמא יעבוד.']",,Tosafot on Yoma 30a:7:1
"שיעורי הגרי""ד שם:","['יש לעמוד על אופי טבילות אלו, הן דכל שנה והן דיום הכפורים. והנה לגבי טבילות דכל השנה נראה פשוט שאינן בגדר קיום עצמאי והן לא באות אלא בתורת מכשיר, אם לביאת המקדש וכדעת רש""י ואם לעבודה כדעת התוס\' ישנים... אך ביוה""כ יש להסתפק האם הטבילות אינן אלא מכשיר כבכל שנה, או שמא יש בהן משום קיום בסדר עבודת היום... על כרחינו אם כך שאפילו לדעת רבי יהודה הטבילה הראשונה מן התורה היא, אלא שאין מחייבה קשור בשינוי בגדים כביתר הטבילות... אלא מפני שהיא באה לטהר, וטהרה ניתן להשיג בכל מקום, וזאת בניגוד לשאר הטבילות שהן מקדשות בתור חלק מסדר עבודת היום ולפיכך טעונות מקום קדוש.']",,
"יומא לט ע""א, המשנה (פ""ד מ""א):","[""טרף בקלפי והעלה שני גורלות, אחד כתוב עליו לשם ואחד כתוב עליו לעזאזל. הסגן בימינו וראש בית אב משמאלו. אם של שם עלה בימינו - הסגן אומר לו: אישי כהן גדול הגבה ימינך. ואם של שם עלה בשמאלו ראש בית אב אומר לו אישי כהן גדול הגבה שמאלך. נתנן על שני השעירים, ואומר לה' חטאת - רבי ישמעאל אומר: לא היה צריך לומר חטאת, אלא לה'. והן עונין אחריו: ברוך שם כבוד מלכותו לעולם ועד.""]",Yoma 39a,
"שם סב ע""א, המשנה (פ""ו מ""א):","['שני שעירי יום הכפורים מצותן שיהיו שניהן שוין במראה ובקומה ובדמים ובלקיחתן כאחד. ואף על פי שאין שוין - כשרין. לקח אחד היום ואחד למחר - כשרין. מת אחד מהם, אם עד שלא הגריל מת - יקח זוג לשני, ואם משהגריל מת - יביא זוג אחר, ויגריל עליהם בתחילה, ויאמר: אם של שם מת - זה שעלה עליו הגורל לשם יתקיים תחתיו, ואם של עזאזל מת - זה שעלה עליו הגורל לעזאזל יתקיים תחתיו, והשני ירעה עד שיסתאב וימכר, ויפלו דמיו לנדבה. שאין חטאת צבור מתה. רבי יהודה אומר: תמות. ועוד אמר רבי יהודה: נשפך הדם - ימות המשתלח, מת המשתלח - ישפך הדם.']",,
"שם סו ע""א, המשנה (פ""ו מ""ב):","[""בא לו אצל שעיר המשתלח, וסומך שתי ידיו עליו, ומתודה. וכך היה אומר: אנא השם ! חטאו, עוו, פשעו לפניך עמך בית ישראל. אנא השם! כפר נא לחטאים ולעונות ולפשעים שחטאו, ושעוו, ושפשעו לפניך עמך בית ישראל, ככתוב בתורת משה עבדך לאמר כי ביום הזה יכפר עליכם לטהר אתכם מכל חטאתיכם לפני ה' תטהרו. והכהנים והעם העומדים בעזרה, כשהיו שומעים שם המפורש שהוא יוצא מפי כהן גדול, היו כורעים ומשתחוים ונופלים על פניהם, ואומרים: ברוך שם כבוד מלכותו לעולם ועד. מסרו למי שהיה מוליכו. הכל כשרין להוליכו, אלא שעשו הכהנים גדולים קבע ולא היו מניחין את ישראל להוליכו. אמר רבי יוסי: מעשה והוליכו ערסלא , וישראל היה. וכבש עשו לו, מפני הבבליים שהיו מתלשים בשערו ואומרים לו: טול וצא, טול וצא!""]",,
"שם ע""ב – סז ע""א, המשנה (פ""ו מ""ד):","['מיקירי ירושלים היו מלוין אותו עד סוכה הראשונה. עשר סוכות מירושלים ועד צוק תשעים ריס, שבעה ומחצה לכל מיל. על כל סוכה וסוכה אומרין לו: הרי מזון והרי מים. ומלוין אותו מסוכה לסוכה, חוץ מאחרון שבהן שאינו מגיע עמו לצוק, אלא עומד מרחוק ורואה את מעשיו. מה היה עושה? חולק לשון של זהורית, חציו קשור בסלע וחציו קשור בין שני קרניו. ודחפו לאחוריו, והוא מתגלגל ויורד. ולא היה מגיע לחצי ההר עד שנעשה אברים אברים. בא וישב לו תחת סוכה אחרונה עד שתחשך. ומאימתי מטמא בגדים - משיצא חוץ לחומת ירושלים, רבי שמעון אומר: משעת דחייתו לצוק.']",,
"שם לט ע""ב:","['אמר רבי ינאי: עליית גורל מתוך קלפי - מעכבת, הנחה - אינה מעכבת. ורבי יוחנן אמר: אף עלייה אינה מעכבת. אליבא דרבי יהודה, דאמר: דברים הנעשין בבגדי לבן מבחוץ לא מעכבא - כולי עלמא לא פליגי דלא מעכבא. כי פליגי - אליבא דרבי נחמיה. מאן דאמר מעכבא - כרבי נחמיה, ומאן דאמר לא מעכבא - הני מילי עבודה, הגרלה לאו עבודה היא. איכא דאמרי: אליבא דרבי נחמיה דאמר מעכבא - כולי עלמא לא פליגי דמעכבא, כי פליגי - אליבא דרבי יהודה. מאן דאמר לא מעכבא - כרבי יהודה, ומאן דאמר מעכבא - שאני הכא דתנא ביה קרא אשר עלה אשר עלה תרי זימני.']",,
"שיעורי הגרי""ד שם:","['לדעת רבי ינאי יש לברר מה מעכב בהגרלה: מעשה העלייה כשלעצמו, כחלק מסדר עבודת היום, או תוצאתו, דהיינו החלת השמות בחפצא של הקרבנות.']",,
"פרקים במחשבת הרב, עמ' 36–39:","['שני השעירים הזכרים היו זהים כפי שכבר הוסבר לעיל אולם מזלם הוליכם לכיוונים שונים שנקבעו על ידי הכרעות מקריות (גורל) שהיו לגמרי מעבר לשליטתם הם... הוא משקף את היסוד שעליו נשענת בקשתו של בעל התשובה לסליחה ולמחילה... הרי רק הקב""ה לבדו מסוגל להעריך את מידת אשמתו של האדם במצבים שאינם בשלמותם פרי מעשיו. הוא לבדו יודע עד כמה היה האדם חפשי ומשוחרר מגורמים חיצוניים בשעה שהגיע להחלטותיו... כאשר האדם מציג התנצלות כזאת רק אז יכול ה\' להכריז עליו כ""לא אשם"".']",,
"תורת מנחם, ספר המאמרים, פורים תשי""ג (אותיות ד, ט):","['שהדמיון דיוה""כ לפורים הוא שביוה""כ הפילו גורל, כמו פורים על שם הפור הוא הגורל... שנפילת הגורל למעלה היתה כפי כוונת ובחירת העצמים דהגם שאח עשו ליעקב מ""מ ואוהב את יעקב ואת עשו שנאתי דע""י המסירות נפש דישראל במשך כל השנה, דענין המס""נ הוא מעצם הנשמה.']",,
"יומא נג ע""ב, המשנה (פ""ה מ""ב):","[""משניטל ארון, אבן היתה שם מימות נביאים ראשונים ושתייה היתה נקראת, גבוה מן הארץ שלש אצבעות, ועליה היה נותן. נטל את הדם ממי שהיה ממרס בו, נכנס למקום שנכנס ועמד במקום שעמד, והזה ממנו אחת למעלה ושבע למטה, ולא היה מתכוון להזות לא למעלה ולא למטה אלא כמצליף. וכך היה מונה: אחת, אחת ואחת, אחת ושתים, אחת ושלש, אחת וארבע, אחת וחמש, אחת ושש, אחת ושבע. יצא והניחו על כן הזהב שבהיכל. הביאו לו את השעיר, שחטו, וקבל במזרק את דמו, נכנס למקום שנכנס, ועמד במקום שעמד, והזה ממנו אחת למעלה ושבע למטה . וכך היה מונה: אחת, אחת ואחת, אחת ושתים, וכו'. יצא והניחו על כן הזהב השני שבהיכל. רבי יהודה אומר: לא היה שם אלא כן אחד בלבד. נטל דם הפר והניח דם השעיר, והזה ממנו על הפרוכת שכנגד הארון מבחוץ, אחת למעלה ושבע למטה, ולא היה מתכוון וכו', וכך היה מונה וכו'. נטל דם השעיר והניח דם הפר, והזה ממנו על הפרוכת שכנגד הארון מבחוץ, אחת למעלה ושבע למטה וכו'. עירה דם הפר לתוך דם השעיר, ונתן את המלא בריקן.""]",Yoma 53b,
"שם סז ע""ב, המשנה (פ""ו מ""ז):","['בא לו אצל פר ושעיר הנשרפין, קרען והוציא את אימוריהן, נתנן במגיס והקטירן על גבי המזבח. קלען במקלעות, והוציאן לבית השריפה. ומאימתי מטמאין בגדים - משיצאו חוץ לחומת העזרה. רבי שמעון אומר: משיצית האור ברובן.']",Yoma 67b,
"שבועות ב ע""א (פ""א מ""א):","[""שבועות שתים שהן ארבע. ידיעות הטומאה - שתים שהן ארבע. יציאות השבת - שתים שהן ארבע. מראות נגעים - שנים שהן ארבעה. את שיש בה ידיעה בתחלה וידיעה בסוף והעלם בינתים - הרי זה בעולה ויורד. יש בה ידיעה בתחלה ואין בה ידיעה בסוף - שעיר הנעשה בפנים ויום הכפורים תולה, עד שיודע לו ויביא בעולה ויורד. אין בה ידיעה בתחלה אבל יש בה ידיעה בסוף - שעיר הנעשה בחוץ ויום הכפורים מכפר, שנאמר: מלבד חטאת הכפורים, על מה שזה מכפר זה מכפר, מה הפנימי אין מכפר אלא על דבר שיש בה ידיעה, אף החיצון אין מכפר אלא על דבר שיש בה ידיעה. ועל שאין בה ידיעה לא בתחלה ולא בסוף - שעירי הרגלים ושעירי ראשי חדשים מכפרין, דברי ר' יהודה.""]",,
"שם ט ע""א:","[""ונכפר נמי אפי' בשאר עבירות! תנא דבי ר' ישמעאל: הואיל וזה בא בזמן קבוע וזה בא בזמן קבוע, מה זה אינו מכפר אלא על טומאת מקדש וקדשיו, אף זה אינו מכפר אלא על טומאת מקדש וקדשיו.""]",,
"רש""י שם ד""ה 'וזה בא בזמן':","['וזה בא בזמן קבוע - שעיר יוה""כ דחיצון.']",,Rashi on Shevuot 9a:10:2
"תוספות שם ד""ה 'הואיל':",['ועוד אדיליף מפנימי לילף משעיר המשתלח דמכפר אשאר עבירות אף על גב דשעיר המשתלח אין קרבן פנימי נמי לאו קרבן גמור הוא דנשרף חוץ למחנה.'],,Tosafot on Shevuot 9a
מרומי שדה שם:,"['ועוד כתבו דא""כ נילף משעיר המשתלח, ואי משום שאינו קרבן ה""נ הפנימי אינו קרבן גמור שבשרו נשרף. ודבר זה תמוה, דהבשר אינו נוגע לכפרה, כי הדם הוא מכפר כידוע, והכתוב קראו חטאת, ואיך נימא שאינו קרבן.']",,
"רמב""ם הלכות עבודת יוה""כ ה, כב:","['דחפו ונפל השעיר ולא מת, ירד אחריו וימיתנו בכל דבר שממיתו, ואיברי שעיר זה מותרין בהנייה.']","Mishneh Torah, Service on the Day of Atonement 5:22",
"<b>שו""ת </b>דבר אברהם ב <b>סימן</b> ח, ט:",['דעיקר המצוה הוא באמת שידחפנו באופן שימות... שלא תיסוב המצווה [אלא] רק על מעשה שהוא ביד האדם... ומכל מקום כשלא ברח ירד אחריו וימיתנו... שום דהוי גמר מצווה.'],,
"סדר העבודה לר""י בן יוסף בן נחמיאש תלמיד הרא""ש:","['יורד אחריו להמיתו, שצריך השעיר להיות חתוך חתוך חתיכות חתיכות.']",,
"יומא מז ע""א, המשנה (פ""ה מ""א):","['הוציאו לו את הכף ואת המחתה, חפן מלא חפניו ונתן לתוך הכף, הגדול לפי גדלו והקטן לפי קטנו, וכך היתה מדתה. נטל את המחתה בימינו, ואת הכף בשמאלו.']",Yoma 47a,
"שם נא ע""ב, המשנה (פ""ה מ""א):","['היה מהלך בהיכל עד שמגיע לבין שתי הפרוכת המבדילות בין הקדש ובין קדש הקדשים, וביניהן אמה. רבי יוסי אומר: לא היתה שם אלא פרוכת אחת בלבד, שנאמר והבדילה הפרוכת לכם בין הקדש ובין קדש הקדשים.']",Yoma 51b,
"שם נב ע""ב, המשנה (פ""ה מ""א):","['החיצונה היתה פרופה מן הדרום, ופנימית מן הצפון, מהלך ביניהן עד שמגיע לצפון, הגיע לצפון הופך פניו לדרום, מהלך לשמאלו עם הפרוכת עד שהוא מגיע לארון. הגיע לארון, נותן את המחתה בין שני הבדים. צבר את הקטרת על גבי גחלים, ונתמלא כל הבית כולו עשן. יצא ובא לו בדרך בית כניסתו, ומתפלל תפלה קצרה בבית החיצון. ולא היה מאריך בתפלתו, שלא להבעית את ישראל.']",Yoma 52b,
"שם מד ע""א:","['אמר רבא, וכן אמר רבי יצחק בר אבדימי, וכן אמר רבי אלעזר: אמר קרא וכפר בעדו ובעד ביתו ובעד כל קהל ישראל איזהו כפרה ששוה לו ולביתו ולאחיו הכהנים ולכל קהל ישראל - הוי אומר זה הקטרת הקטורת. וקטורת מכפרת? אין, דהא תני רבי חנניא: למדנו לקטורת שמכפרת, שנאמר ויתן את הקטרת ויכפר על העם. ותנא דבי רבי ישמעאל: על מה קטורת מכפרת - על לשון הרע, יבא דבר שבחשאי ויכפר על מעשה חשאי.']",Yoma 44a,
"דעת זקנים לשמות כה, ו:","['והקטרת נמי שגן דרך מלכים שמבשמים להם הבית קודם שיכנסו לתוכה וכ""ש לפני ממ""ה הקב""ה וכן מצינו שעל ידי הקטרת שכינה נראית דכתיב וכסה ענן הקטרת וכתיב כי בענן אראה.']",,
"רשב""ם לויקרא טז, ב:","[""כי בענן אראה על הכפורת - לפי פשוטו שהרי מתוך עמוד הענן אני נראה כל שעה על הכפרת, כדכת' ודיברתי אתך מעל הכפרת מבין שני הכרובים, ואם יראה הכהן ימות. לפיכך כשיכנס ביום הכיפורים ציוהו הק' להקטיר קטורת בפנים תחילה להחשיך את הבית בענן הקטורת ואחר כך יביא דם הפר ודם השעיר.""]",Rashbam on Leviticus 16:2,
"חידושי הגרי""ז, מכתב מג' טו""ב אלול התרפ""א:","['והנה חזיתי ליקירי שמפרש להא דמבואר במשנה וברמב""ם דנתמלא הבית עשן שהוא חד שיעורא עם הך דקטורת משתעלה תמרתה אין בה מעילה ותרווייהו חד דינא נינהו דאז נגמרה הקטרת הקטורת והא דביוה""כ צריך להמתין מה שאין הדין כן בכל השנה זהו מדיני ביאה ויציאה של לפני ולפנים האמורים ביוה""כ... והא דבשאר קטורת של כל ימות השנה מקטיר ויוצא לאלתר הוא משום דבקטורת של כל השנה נגמר כל מצותה וחלות מעשה ההקטרה בזריקה על האשים... והך דנתמלא הבית עשן דמבואר במשנה וברמב""ם דין אחר הוא והוא דין מסוים בקטורת של לפני ולפנים.']",,
"יומא סא ע""א:","['תנו רבנן: וכפר את מקדש הקדש - זה לפני ולפנים, אהל מועד - זה היכל, מזבח - כמשמעו, יכפר - אלו עזרות, הכהנים - כמשמען, עם הקהל - אלו ישראל, יכפר, אלו הלוים - הושוו כולן לכפרה אחת, שכולן מתכפרין בשעיר המשתלח בשאר עבירות, דברי רבי יהודה. רבי שמעון אומר: כשם שדם השעיר הנעשה בפנים מכפר על ישראל בטומאת מקדש וקדשיו, כך דם הפר מכפר על הכהנים בטומאת מקדש וקדשיו. וכשם שוידוי של שעיר המשתלח מכפר על ישראל בשאר עבירות - כך וידוי של פר מכפר על הכהנים בשאר עבירות.']",Yoma 61a,
"שם לו ע""ב:","[""תנו רבנן: כיצד מתודה? עויתי פשעתי וחטאתי, וכן בשעיר המשתלח הוא אומר והתודה עליו את כל עונת בני ישראל ואת כל פשעיהם לכל חטאתם, וכן במשה הוא אומר נשא עון ופשע וחטאה, דברי רבי מאיר. וחכמים אומרים: עונות - אלו הזדונות, וכן הוא אומר הכרת תכרת הנפש ההיא עונה בה, פשעים - אלו המרדים, וכן הוא אומר מלך מואב פשע בי ואומר אז תפשע לבנה בעת ההיא, לכל חטאתם - אלו השגגות, וכן הוא אומר נפש כי תחטא בשגגה. ומאחר שהתודה על הזדונות ועל המרדים חוזר ומתודה על השגגות? אלא כך היה מתודה: חטאתי ועויתי ופשעתי לפניך אני וביתי וכו'. וכן בדוד הוא אומר חטאנו עם אבתינו העוינו הרשענו וכן בשלמה הוא אומר חטאנו והעוינו רשענו, וכן בדניאל הוא אומר חטאנו ועוינו והרשענו ומרדנו. אלא מהו שאמר משה נשא עון ופשע וחטאה? אמר משה לפני הקדוש ברוך הוא: רבונו של עולם, בשעה שישראל חוטאין לפניך ועושין תשובה - עשה להם זדונות כשגגות.""]",,
"שם פו ע""ב:","['וצריך לפרוט את החטא, שנאמר אנא חטא העם הזה חטאה גדלה ויעשו להם אלהי זהב דברי רבי יהודה בן בבא. רבי עקיבא אומר: אשרי נשוי פשע כסוי חטאה.']",Yoma 86b,
"רמב""ם הלכות תשובה א, א–ב:","[""א. כל מצות שבתורה, בין עשה בין לא תעשה, אם עבר אדם על אחת מהן, בין בזדון בין בשגגה, כשיעשה תשובה וישוב מחטאו חייב להתודות לפני האל ברוך הוא, שנאמר איש או אשה כי יעשו וגו' והתודו את חטאתם אשר עשו, זה וידוי דברים. וידוי זה מצות עשה. כיצד מתודין? אומר אנא השם חטאתי עויתי פשעתי לפניך ועשיתי כך וכך והרי נחמתי ובושתי במעשי ולעולם איני חוזר לדבר זה. וזהו עיקרו של וידוי, וכל המרבה להתודות ומאריך בענין זה הרי זה משובח. וכן בעלי חטאות ואשמות בעת שמביאין קרבנותיהן על שגגתן או על זדונן אין מתכפר להן בקרבנם עד שיעשו תשובה, ויתודו וידוי דברים שנאמר והתודה אשר חטא עליה, וכן כל מחוייבי מיתות בית דין ומחוייבי מלקות אין מתכפר להן במיתתן או בלקייתן עד שיעשו תשובה ויתודו, וכן החובל בחבירו והמזיק ממונו אף על פי ששילם לו מה שהוא חייב לו אינו מתכפר עד שיתודה וישוב מלעשות כזה לעולם שנאמר מכל חטאות האדם."", 'ב. שעיר המשתלח, לפי שהוא כפרה על כל ישראל, כהן גדול מתודה עליו על לשון כל ישראל, שנאמר והתודה עליו את כל עונות בני ישראל. שעיר המשתלח מכפר על כל עבירות שבתורה הקלות והחמורות, בין שעבר בזדון בין שעבר בשגגה, בין שהודע לו בין שלא הודע לו הכל מתכפר בשעיר המשתלח, והוא שעשה תשובה, אבל אם לא עשה תשובה אין השעיר מכפר לו אלא על הקלות. ומה הן הקלות ומה הן החמורות? החמורות הן שחייבין עליהם מיתת בית דין או כרת, ושבועת שוא ושקר אף על פי שאין בהן כרת הרי הן מן החמורות, ושאר מצות לא תעשה ומצות עשה שאין בהן כרת הם הקלות.']","Mishneh Torah, Repentance 1:1-2",
"מורה נבוכים ג, לו (תרגום הרב קאפח):","['ופשוט הוא כי גם התשובה מן הקבוצה הזו, כלומר מן ההשקפות אשר לא תהא סדירה מציאות אישי התורתיים כי אם בסבירתה, לפי שאי אפשר לאדם שלא יחטא ויטעה, אם שטעותו בהחשיבו השקפה או מדה שאינן חשובים באמת, או בהתגברות תאוה או כעס. ואם יהיה האדם בדעה שאין מרפא לשבר זה לעולם, יתמיד בתעייתו, ושמא גם יוסיף במריו אם לא תהיה לו עצה, אבל עם הסברא בתשובה יחזור למוטב, וישוב למצב מתוקן ביותר, וליותר שלם ממה שהיה קודם שיחטא, ולפיכך רבו המעשים המחזקים את ההשקפה הנכונה הזו המועילה מאד, כלומר הודויין, והקרבנות על השגגות, וכן גם על זדון מקצת העברות, והתעניות. והצווי הכללי לשוב מכל חטא היא ההתנתקות ממנו, וזו תכלית ההשקפה הזו. והנה נתבארו תועליות כל אלה.']",,
"על התשובה עמ' 48, 52–55:","['וזהו פירוש המלים ""חייב להתודות לפני הא־ל ברוך הוא. לשון תפילה היא זו שהגדרתה וכוונתה הפנימית מתומצתת בדע לפני מי אתה עומד. האדם המתפלל עומד לפני השכינה... וכשאדם עומד להתודות לפני הא־ל ברוך הוא וכולו חוויה של תפילה... כי היהדות מעמידה את האדם לפני ה\' תמיד... אפס כשאדם חוטא – הוא מרחיק עצמו מלפניו... כל מהותה של מצות תשובה היא בגעגועים בכיסופים בערגון לשוב אל לפניך... החטא מרחיק את האדם ומגביר את הגעגועים לשוב ועל כך כאשר בא האדם לידי וידוי הוא חייב לומר חטאתי עויתי פשעתי לפניך, כלומר תן לי לצאת מרשות חטאי ולחזור לפניך, תן לי לשוב אל המצב שהיה. וכך כתב הרמב""ם (ז, ו): גדולה תשובה שמקרבת את האדם לשכינה.']",,
"רמב""ם הלכות תשובה א, ג:","['בזמן הזה שאין בית המקדש קיים ואין לנו מזבח כפרה אין שם אלא תשובה, התשובה מכפרת על כל העבירות. אפילו רשע כל ימיו ועשה תשובה באחרונה אין מזכירין לו שום דבר מרשעו, שנאמר רשעת הרשע לא יכשל בה ביום שובו מרשעו. ועצמו של יום הכפורים מכפר לשבים, שנאמר כי ביום הזה יכפר עליכם.']","Mishneh Torah, Repentance 1:3",
"בית יוסף או""ח תרז, ב:","['ולענין הלכה כיון דהרי""ף והרא""ש הסכימו לפסוק כרבי עקיבא הכי נקטינן ומכל מקום נראה שאם רצה לפרט החטא הרשות בידו, דרבי עקיבא לא אסר לפרט החטא ולא בא אלא לומר שהוא יותר מאושר מי שאינו מפרט חטאיו. ועוד דאפשר דלא אמר רבי עקיבא אלא דמפרט אותם בקול רם אבל בלחש שפיר דמי למיפרט כדי שיתבייש יותר ואכתי כסוי חטאה הוא כיון דאינו נשמע לבני אדם והכי מוכח מדמשני כאן בחטא מפורסם וכו\' דבמתודה לפני בני אדם בקול רם מיירי דאי בלחש כי אינו מפורסם מאי הוי הא אף על פי דמפרט אכתי מכוסה הוא ובהכי ניחא מה שכתב רבינו בסמוך בשם הרא""ש שעבירות שהתודה עליהם ביום הכפורים שעבר יכול להתודות עליהם אף על פי שלא שנה בהם ובמתודה בפרטות מיירי וכמו שהוכחתי בסמוך.']","Beit Yosef, Orach Chayim 607:2",
"דרכי משה שם ס""ק ב:","['והמנהג לפרט החטא על סדר האל""ף בי""ת, וכן כתב המרדכי (סי\' תשכז): ונראה לי דבהא אפילו רבי עקיבא מודה דשרי אף על גב דאמרינן ליה בקול רם מאחר שכל אדם מתודה בשוה ונוסח תפלה הוא מגיד מקרי שפיר כסוי חטאה דלא ידעינן ביה מי הוא החוטא באמת אלא דסבירא להו לרי""ף ולרא""ש דאפילו הא לא צריך אבל פשיטא דאין איסור בדבר ונהגו שאף שליח צבור אומר על חטא ועל חטאים וכו\' דלא כספר הכל בו דכתב דשליח צבור אל יפרט החטאים דאיך יטיל חטא פרטי על הצבור בכלל אלא אומר חטאנו העוינו והרשענו וכו\' ולפי מה שכתבתי לעיל דסדר על חטא שאנו אומרים לא מקרי פרוט החטא ממש שהרי כל אדם אומרו בשוה אם כן אף שליח צבור יכול לאמרו.']",,
"יומא סו ע""ב – ס""ז ע""א, המשנה (פ""ו מ""ד):","['מיקירי ירושלים היו מלוין אותו עד סוכה הראשונה. עשר סוכות מירושלים ועד צוק תשעים ריס, שבעה ומחצה לכל מיל. על כל סוכה וסוכה אומרין לו: הרי מזון והרי מים. ומלוין אותו מסוכה לסוכה, חוץ מאחרון שבהן שאינו מגיע עמו לצוק, אלא עומד מרחוק ורואה את מעשיו. מה היה עושה? חולק לשון של זהורית, חציו קשור בסלע וחציו קשור בין שני קרניו. ודחפו לאחוריו, והוא מתגלגל ויורד. ולא היה מגיע לחצי ההר עד שנעשה אברים אברים. בא וישב לו תחת סוכה אחרונה עד שתחשך. ומאימתי מטמא בגדים - משיצא חוץ לחומת ירושלים, רבי שמעון אומר: משעת דחייתו לצוק.']",Yoma 66b-67a,
"שם סז ע""א:","['תנו רבנן: בראשונה היו קושרין לשון של זהורית על פתח האולם מבחוץ, הלבין - היו שמחין, לא הלבין - היו עצבין ומתביישין. התקינו שיהיו קושרין על פתח אולם מבפנים, ועדיין היו מציצין ורואין: הלבין - היו שמחין, לא הלבין - היו עצבין. התקינו שיהיו קושרין אותו חציו בסלע וחציו בין קרניו. אמר רבי נחום בר פפא משום רבי אלעזר הקפר: בראשונה היו קושרין לשון של זהורית על פתח אולם מבפנים, וכיון שהגיע שעיר למדבר - היה מלבין, וידעו שנעשית מצותו, שנאמר אם יהיו חטאיכם כשנים כשלג ילבינו.']",Yoma 67a,
"ראשית חכמה, שער האהבה, ז:",['וכמו שהמשכן נקרא משכן העדות שהיה עדות לישראל ששרתה שכינה ביניהם במציאות זה היה במקדש במעשה נסים שהיו בו בפרט ביום הכפורים בלשון של זהורית.'],,
"בית אלוהים, שער היסודות, כט:","['וקיום יעוד כי ביום הזה יכפר עליכם, היה מורה עליו לשון זהורית שהיו קושרין בראש שעיר המשתלח לעזאזל והוא סימן שמחל הקב""ה לישראל.']",,
"שמות כג, יד–יז:","[""שָׁלֹשׁ רְגָלִים תָּחֹג לִי בַּשָּׁנָה: אֶת חַג הַמַּצּוֹת תִּשְׁמֹר שִׁבְעַת יָמִים תֹּאכַל מַצּוֹת כַּאֲשֶׁר צִוִּיתִךָ לְמוֹעֵד חֹדֶשׁ הָאָבִיב כִּי בוֹ יָצָאתָ מִמִּצְרָיִם וְלֹא יֵרָאוּ פָנַי רֵיקָם: וְחַג הַקָּצִיר בִּכּוּרֵי מַעֲשֶׂיךָ אֲשֶׁר תִּזְרַע בַּשָּׂדֶה וְחַג הָאָסִף בְּצֵאת הַשָּׁנָה בְּאָסְפְּךָ אֶת מַעֲשֶׂיךָ מִן הַשָּׂדֶה: שָׁלֹשׁ פְּעָמִים בַּשָּׁנָה יֵרָאֶה כָּל זְכוּרְךָ אֶל פְּנֵי הָאָדֹן ה':""]",Exodus 23:14-17,
"שם לד, כב–כג:","[""וְחַג שָׁבֻעֹת תַּעֲשֶׂה לְךָ בִּכּוּרֵי קְצִיר חִטִּים וְחַג הָאָסִיף תְּקוּפַת הַשָּׁנָה: שָׁלֹשׁ פְּעָמִים בַּשָּׁנָה יֵרָאֶה כָּל זְכוּרְךָ אֶת פְּנֵי הָאָדֹן ה' אֱלֹהֵי יִשְׂרָאֵל:""]",Exodus 34:22-23,
"ויקרא כג, לג–מד:","[""וַיְדַבֵּר ה' אֶל מֹשֶׁה לֵּאמֹר: דַּבֵּר אֶל בְּנֵי יִשְׂרָאֵל לֵאמֹר בַּחֲמִשָּׁה עָשָׂר יוֹם לַחֹדֶשׁ הַשְּׁבִיעִי הַזֶּה חַג הַסֻּכּוֹת שִׁבְעַת יָמִים לַה': בַּיּוֹם הָרִאשׁוֹן מִקְרָא קֹדֶשׁ כָּל מְלֶאכֶת עֲבֹדָה לֹא תַעֲשׂוּ: שִׁבְעַת יָמִים תַּקְרִיבוּ אִשֶּׁה לַה' בַּיּוֹם הַשְּׁמִינִי מִקְרָא קֹדֶשׁ יִהְיֶה לָכֶם וְהִקְרַבְתֶּם אִשֶּׁה לַה' עֲצֶרֶת הִוא כָּל מְלֶאכֶת עֲבֹדָה לֹא תַעֲשׂוּ: אֵלֶּה מוֹעֲדֵי ה' אֲשֶׁר תִּקְרְאוּ אֹתָם מִקְרָאֵי קֹדֶשׁ לְהַקְרִיב אִשֶּׁה לַה' עֹלָה וּמִנְחָה זֶבַח וּנְסָכִים דְּבַר יוֹם בְּיוֹמוֹ: מִלְּבַד שַׁבְּתֹת ה' וּמִלְּבַד מַתְּנוֹתֵיכֶם וּמִלְּבַד כָּל נִדְרֵיכֶם וּמִלְּבַד כָּל נִדְבֹתֵיכֶם אֲשֶׁר תִּתְּנוּ לַה': אַךְ בַּחֲמִשָּׁה עָשָׂר יוֹם לַחֹדֶשׁ הַשְּׁבִיעִי בְּאָסְפְּכֶם אֶת תְּבוּאַת הָאָרֶץ תָּחֹגּוּ אֶת חַג ה' שִׁבְעַת יָמִים בַּיּוֹם הָרִאשׁוֹן שַׁבָּתוֹן וּבַיּוֹם הַשְּׁמִינִי שַׁבָּתוֹן: וּלְקַחְתֶּם לָכֶם בַּיּוֹם הָרִאשׁוֹן פְּרִי עֵץ הָדָר כַּפֹּת תְּמָרִים וַעֲנַף עֵץ עָבֹת וְעַרְבֵי נָחַל וּשְׂמַחְתֶּם לִפְנֵי ה' אֱלֹהֵיכֶם שִׁבְעַת יָמִים: וְחַגֹּתֶם אֹתוֹ חַג לַה' שִׁבְעַת יָמִים בַּשָּׁנָה חֻקַּת עוֹלָם לְדֹרֹתֵיכֶם בַּחֹדֶשׁ הַשְּׁבִיעִי תָּחֹגּוּ אֹתוֹ: בַּסֻּכֹּת תֵּשְׁבוּ שִׁבְעַת יָמִים כָּל הָאֶזְרָח בְּיִשְׂרָאֵל יֵשְׁבוּ בַּסֻּכֹּת: לְמַעַן יֵדְעוּ דֹרֹתֵיכֶם כִּי בַסֻּכּוֹת הוֹשַׁבְתִּי אֶת בְּנֵי יִשְׂרָאֵל בְּהוֹצִיאִי אוֹתָם מֵאֶרֶץ מִצְרָיִם אֲנִי ה' אֱלֹהֵיכֶם: וַיְדַבֵּר מֹשֶׁה אֶת מֹעֲדֵי ה' אֶל בְּנֵי יִשְׂרָאֵל:""]",Leviticus 23:33-44,
"במדבר כט, יב–לד [הציטוט כאן - עד פסוק טז]:","[""וּבַחֲמִשָּׁה עָשָׂר יוֹם לַחֹדֶשׁ הַשְּׁבִיעִי מִקְרָא קֹדֶשׁ יִהְיֶה לָכֶם כָּל מְלֶאכֶת עֲבֹדָה לֹא תַעֲשׂוּ וְחַגֹּתֶם חַג לַה' שִׁבְעַת יָמִים: וְהִקְרַבְתֶּם עֹלָה אִשֵּׁה רֵיחַ נִיחֹחַ לַה' פָּרִים בְּנֵי בָקָר שְׁלֹשָׁה עָשָׂר אֵילִם שְׁנָיִם כְּבָשִׂים בְּנֵי שָׁנָה אַרְבָּעָה עָשָׂר תְּמִימִם יִהְיוּ: וּמִנְחָתָם סֹלֶת בְּלוּלָה בַשָּׁמֶן שְׁלֹשָׁה עֶשְׂרֹנִים לַפָּר הָאֶחָד לִשְׁלֹשָׁה עָשָׂר פָּרִים שְׁנֵי עֶשְׂרֹנִים לָאַיִל הָאֶחָד לִשְׁנֵי הָאֵילִם: וְעִשָּׂרוֹן עִשָּׂרוֹן לַכֶּבֶשׂ הָאֶחָד לְאַרְבָּעָה עָשָׂר כְּבָשִׂים: וּשְׂעִיר עִזִּים אֶחָד חַטָּאת מִלְּבַד עֹלַת הַתָּמִיד מִנְחָתָהּ וְנִסְכָּהּ:"", '[ומשם ואילך עד פסוק לד פירוט קרבנות כל יום ויום, בסדר יורד לפרים, עד שבעה ביום השביעי]']",Numbers 29:12-34,
"דברים טז, יג–יז:","[""חַג הַסֻּכֹּת תַּעֲשֶׂה לְךָ שִׁבְעַת יָמִים בְּאָסְפְּךָ מִגָּרְנְךָ וּמִיִּקְבֶךָ: וְשָׂמַחְתָּ בְּחַגֶּךָ אַתָּה וּבִנְךָ וּבִתֶּךָ וְעַבְדְּךָ וַאֲמָתֶךָ וְהַלֵּוִי וְהַגֵּר וְהַיָּתוֹם וְהָאַלְמָנָה אֲשֶׁר בִּשְׁעָרֶיךָ: שִׁבְעַת יָמִים תָּחֹג לַה' אֱלֹהֶיךָ בַּמָּקוֹם אֲשֶׁר יִבְחַר ה' כִּי יְבָרֶכְךָ ה' אֱלֹהֶיךָ בְּכֹל תְּבוּאָתְךָ וּבְכֹל מַעֲשֵׂה יָדֶיךָ וְהָיִיתָ אַךְ שָׂמֵחַ: שָׁלוֹשׁ פְּעָמִים בַּשָּׁנָה יֵרָאֶה כָל זְכוּרְךָ אֶת פְּנֵי ה' אֱלֹהֶיךָ בַּמָּקוֹם אֲשֶׁר יִבְחָר בְּחַג הַמַּצּוֹת וּבְחַג הַשָּׁבֻעוֹת וּבְחַג הַסֻּכּוֹת וְלֹא יֵרָאֶה אֶת פְּנֵי ה' רֵיקָם: אִישׁ כְּמַתְּנַת יָדוֹ כְּבִרְכַּת ה' אֱלֹהֶיךָ אֲשֶׁר נָתַן לָךְ:""]",Deuteronomy 16:13-17,
"מורה נבוכים ג, מג (תרגום הרב קאפח):","[""אבל הרעיון בסכות השרשת אותות המדבר לדורות. והמדות, הם שיהא האדם זוכר תמיד ימי הרעה בימי הטובה, כדי שתגדל תודתו את ה' ותושג לו הענוה ושפלות הרוח, ולכן יאכל מצה ומרור בפסח כדי לזכור מה שאירע לנו. וכן יצאו מן הבתים וישבו בסכות כדרך שעושים העמלים שוכני המדברות והיערות, כדי לזכור שכך היה מצבנו לפנים, כי בסכות הושבתי את בני ישראל וגו', ועברנו מזה לשכון בתי משכיות במיטב המקומות שבעולם והדשן ביותר, בחסדי ה' והבטחתו לאבותינו, לפי שהיו אנשים שלמים בהשקפותיהם ומדותיהם כלומר אברהם ויצחק ויעקב, כי גם זה ממה שהתורה סובבת עליו, כלומר שכל טובה שיטיב בה והטיב אינה אלא בזכות אבות, הואיל ושמרו דרך ה' לעשות צדקה ומשפט.""]",,
"מאמרי הראי""ה עמ' 149:","[""הסוכה היא בעדנו מבצר הגנה... ואם יפלא בעינינו איך תוכל דירת עראי בסוכה להגן... איך יכול בנין של שתים כהלכתן ושלישית אפילו טפח ליהפך למבצר ולמגן נגד כל צר ואויב... דוקא זאת הסוכה שהיא נבנית בצורה כל כך קלושה... לא מפני החוזק החמרי שבמחיצותיה הקלושות והחלשות אלא מפני שהחוק דבר ה' הוא אשר גזר אומר.""]",,
"שפת אמת, סוכות, תרל""ד:","[""ענין סוכה כמו חופה שגומרת הקנין אשה לבעלה. בסוכות הושבתי. כי ביציאת מצרים נתקדשו בני ישראל לה' יתברך...""]",,
"שם, תרל""ה:",['סוכות זכר לענני כבוד...'],,
"שם, תרל""ז:","['מצות הסוכה נותנת ברכה והארת קדושה לדירת האדם...', 'בצלו חמדתי וישבתי הוא בימי הסוכות...']",,
"שם, תרל""ט:","['בזוהר הקדוש נקרא סוכה צילא דמהימנותא... וצריך לברוח תחת כנפיו יתברך שמו...', 'טעם סוכות אחר ראש השנה ויום הכפורים, שאין יכולים לזכות לדירה זו רק בכח התשובה...']",,
"שם, תר""מ:",['סוכה היא רמז לעולם הבא.'],,
"סוכה יא ע""א, המשנה (פ""א מ""ד):","['הדלה עליה את הגפן ואת הדלעת ואת הקיסוס, וסיכך על גבה - פסולה. ואם היה סיכוך הרבה מהן, או שקצצן - כשרה. זה הכלל: כל שהוא מקבל טומאה, ואין גידולו מן הארץ - אין מסככין בו. וכל דבר שאינו מקבל טומאה, וגידולו מן הארץ - מסככין בו.']",Sukkah 11a,
"שם יא ע""ב – יב ע""א:","[""זה הכלל כל דבר שמקבל טומאה כו'. מנא הני מילי? אמר ריש לקיש: אמר קרא ואד יעלה מן הארץ, מה אד דבר שאינו מקבל טומאה וגידולו מן הארץ - אף סוכה דבר שאין מקבל טומאה וגידולו מן הארץ. הניחא למאן דאמר ענני כבוד היו, אלא למאן דאמר סוכות ממש עשו להם, מאי איכא למימר? דתניא: כי בסכות הושבתי את בני ישראל - ענני כבוד היו, דברי רבי אליעזר. רבי עקיבא אומר סוכות ממש עשו להם. הניחא לרבי אליעזר, אלא לרבי עקיבא מאי איכא למימר? כי אתא רב דימי אמר רבי יוחנן: אמר קרא חג הסכות תעשה לך - מקיש סוכה לחגיגה, מה חגיגה - דבר שאינו מקבל טומאה, וגידולו מן הארץ, אף סוכה - דבר שאינו מקבל טומאה וגידולו מן הארץ. אי מה חגיגה בעלי חיים, אף סוכה נמי בעלי חיים! כי אתא רבין אמר רבי יוחנן: אמר קרא באספך מגרנך ומיקבך - בפסולת גורן ויקב הכתוב מדבר - ואימא גורן עצמו ויקב עצמו! אמר רבי זירא: יקב כתיב כאן, ואי אפשר לסכך בו. מתקיף לה רבי ירמיה: ואימא יין קרוש הבא משניר, שהוא דומה לעיגולי דבילה! אמר רבי זירא: הא מלתא הוה בידן, ואתא רבי ירמיה ושדא ביה נרגא. רב אשי אמר: מגרנך - ולא גורן עצמו, מיקבך - ולא יקב עצמו. רב חסדא אמר מהכא: צאו ההר והביאו עלי זית ועלי עץ שמן ועלי הדס ועלי תמרים ועלי עץ עבות. היינו הדס היינו עץ עבות! אמר רב חסדא: הדס שוטה לסוכה, ועץ עבות ללולב.""]",Sukkah 11b-12a,
"סוכה ב ע""א:","[""מתני'. סוכה שהיא גבוהה למעלה מעשרים אמה - פסולה, ורבי יהודה מכשיר. ושאינה גבוהה עשרה טפחים, ושאין לה שלש דפנות ושחמתה מרובה מצלתה - פסולה."", ""גמ'. ...מנא הני מילי? אמר רבה: דאמר קרא למען ידעו דרתיכם כי בסכות הושבתי את בני ישראל, עד עשרים אמה - אדם יודע שהוא דר בסוכה, למעלה מעשרים אמה - אין אדם יודע שדר בסוכה, משום דלא שלטא בה עינא. רבי זירא אמר: מהכא וסכה תהיה לצל יומם מחרב, עד עשרים אמה - אדם יושב בצל סוכה, למעלה מעשרים אמה - אין אדם יושב בצל סוכה, אלא בצל דפנות. אמר ליה אביי: אלא מעתה, העושה סוכתו בעשתרות קרנים, הכי נמי דלא הוי סוכה? - אמר ליה: התם, דל עשתרות קרנים - איכא צל סוכה, הכא דל דפנות - ליכא צל סוכה.""]",,
"רש""י שם ד""ה 'למען ידעו', 'דלא שלטא', 'וסוכה תהיה':","['למען ידעו - עשה סוכה שישיבתה ניכרת לך, דכתיב ידעו כי בסוכות הושבתי - צויתי לישב, הכי דריש ליה, ואף על גב דאין יוצא מידי פשוטו דהיקף ענני כבוד, מיהו דרשינן ליה לדרשה.', 'דלא שלטא ביה עינא - שאינו רואה את הסכך, וסוכה היינו סכך, כשמה.', 'וסוכה תהיה לצל - משמע: אין סכך אלא העשוי לצל.']",,Rashi on Sukkah 2a:8:1
"סוכה ז ע""ב:","['ושחמתה מרובה מצלתה פסולה. תנו רבנן: חמתה - מחמת סיכוך, ולא מחמת דפנות. רבי יאשיה אומר: אף מחמת דפנות. אמר רב יימר בר שלמיה משמיה דאביי: מאי טעמא דרבי יאשיה - דכתיב וסכת על הארון את הפרכת. פרכת מחיצה, וקא קרייה רחמנא סככה. אלמא: מחיצה כסכך בעינן. ורבנן: ההוא דניכוף ביה פורתא, דמחזי כסכך.']",,
"תוספות שם ד""ה 'מחיצה':",['מחיצה היא וקרייה רחמנא סככה – מהא דנפקא לן מחיצות לעיל מבסוכות וקרייה רחמנא סככה לא מצי דריש דהתם לא דרשינן אלא מייתורא ותדע דכולהו מודו דלא בעינן למחיצות פסולת גורן ויקב.'],,Tosafot on Sukkah 7b:8:1
"ישעיהו ד, ו:",['וְסֻכָּה תִּהְיֶה לְצֵל יוֹמָם מֵחֹרֶב וּלְמַחְסֶה וּלְמִסְתּוֹר מִזֶּרֶם וּמִמָּטָר:'],Isaiah 4:6,
"סוכה ד ע""ב – ה ע""ב:","[""ושאינה גבוהה עשרה טפחים. מנלן? אתמר, רב ורבי חנינא ורבי יוחנן ורב חביבא מתנו. בכולה סדר מועד, כל כי האי זוגא חלופי רבי יוחנן ומעיילי רבי יונתן. ארון תשעה וכפורת טפח - הרי כאן עשרה, וכתיב ונועדתי לך שם ודברתי אתך מעל הכפרת ותניא, רבי יוסי אומר: מעולם לא ירדה שכינה למטה, ולא עלו משה ואליהו למרום, שנאמר השמים שמים לה' והארץ נתן לבני אדם. [...] בשלמא ארון תשעה - דכתיב ועשו ארון עצי שטים אמתים וחצי ארכו ואמה וחצי רחבו ואמה וחצי קומתו. אלא כפורת טפח מנלן? דתני רבי חנינא: כל הכלים שעשה משה נתנה בהן תורה מדת ארכן ומדת רחבן ומדת קומתן. כפורת מדת ארכה ומדת רחבה נתנה, מדת קומתה לא נתנה. צא ולמד מפחות שבכלים, שנאמר ועשית לו מסגרת טפח סביב, מה להלן טפח - אף כאן טפח. [...] רב הונא אמר מהכא. על פני הכפרת קדמה - ואין פנים פחות מטפח. [...] וממאי דחללה עשרה בר מסככה? אימא בהדי סככה! אלא מבית עולמים גמר, דכתיב והבית אשר בנה המלך שלמה לה' ששים אמה ארכו ועשרים רחבו ושלשים אמה קומתו וכתיב קומת הכרוב האחד עשר באמה וכן הכרוב השני. ותניא: מה מצינו בבית עולמים - כרובים בשליש הבית הן עומדין, משכן נמי כרובים בשליש הבית הן עומדין. משכן כמה הוי - עשר אמות, דכתיב עשר אמות ארך הקרש. כמה הוי להו - שיתין פושכי. תלתיה כמה הוי - עשרים פושכי. דל עשרה דארון וכפורת - פשו להו עשרה, וכתיב והיו הכרבים פרשי כנפים למעלה סככים בכנפיהם על הכפרת. קרייה רחמנא סככה למעלה מעשרה. ממאי דגדפינהו עילוי רישייהו קיימי? דלמא להדי רישייהו קיימי! אמר רב אחא בר יעקב: למעלה כתיב. ואימא דמידלי טובא! מי כתיב למעלה למעלה? הניחא לרבי מאיר, דאמר: כל האמות היו בינוניות אלא לרבי יהודה, דאמר: אמה של בנין ששה טפחים, ושל כלים חמשה, מאי איכא למימר? ארון וכפורת כמה הוי להו - תמניא ופלגא, פשו להו חד סרי ופלגא, אימא סוכה עד דהויא חד סרי ופלגא! אלא: לרבי יהודה הלכתא גמירי לה. דאמר רבי חייא בר אשי אמר רב: שיעורין חציצין ומחיצין הלכה למשה מסיני.""]",Sukkah 4b-5b,
"רבינו חננאל שם (ה ע""ב):","['מחיצות הא דאמרן – שיעור מחיצות של סוכה עשרה טפחים הלכה למשה מסיני. הניחא לר\' יהודה דצריך הלכה אלא לר""מ מדאורייתא היא כדאמרן ארון ט\' טפחים וכפורת טפח הרי עשרה והכרובים סוככים על הכפורת ושנינן לר\' מאיר מדאורייתא גובה הדפנות אתאי הלכתא לגוד אסיק מחיצתא ולדופן עקומה ד\' אמות ופחות מג\' כלבוד דמי.']",Rabbeinu Chananel on Sukkah 5b,
"סוכה ו ע""ב:","['ושאין לה שלש דפנות. תנו רבנן: שתים כהלכתן, ושלישית אפילו טפח. רבי שמעון אומר: שלש כהלכתן, ורביעית אפילו טפח. במאי קמיפלגי? רבנן סברי: יש אם למסורת, ורבי שמעון סבר: יש אם למקרא. רבנן סברי: יש אם למסורת, בסכת בסכת בסכות - הרי כאן ארבע, דל חד לגופיה - פשו להו תלתא. שתים כהלכתן, ואתאי הלכתא וגרעתה לשלישית, ואוקמה אטפח. רבי שמעון סבר: יש אם למקרא: בסכות בסכות בסכות - הרי כאן שש, דל חד קרא לגופיה - פשו להו ארבע. שלש כהלכתן, אתאי הלכתא וגרעתה לרביעית ואוקמתה אטפח. ואי בעית אימא: דכולי עלמא יש אם למקרא, והכא בהא קמיפלגי; מר סבר: סככה בעיא קרא, ומר סבר: סככה לא בעיא קרא. ואיבעית אימא: דכולי עלמא יש אם למסורת, והכא בהא קמיפלגי: מר סבר: כי אתאי הלכתא - לגרע, ומר סבר: כי אתאי הלכתא - להוסיף. ואיבעית אימא: דכולי עלמא כי אתאי הלכתא - לגרע, ויש אם למסורת, והכא בדורשין תחילות קמיפלגי; מר סבר: דורשין תחילות, ומר סבר: אין דורשין תחילות. רב מתנה אמר: טעמיה דרבי שמעון מהכא וסכה תהיה לצל יומם מחרב ולמחסה ולמסתור מזרם וממטר.']",,
"רש""י שם ד""ה 'למחסה':","[""למחסה ולמסתור וגו' – בלא ארבע מחיצות לאו מחסה מזרם הוא, שהרוח משיב את הזרם דרך דופן הפרוץ.""]",,Rashi on Sukkah 6b:15:1
"תוספות שם ד""ה 'ורבי':","['ועוד אשכחן ר""ע דסבר יש אם למקרא ולקמן בסמוך (ז ע""ב) מכשיר ר""ע סוכה בראש הספינה ומוכח שמעתא משום דקסבר סוכה דירת עראי בעינן אלמא לא בעי ג\' כהלכתן דחד טעמא הוא.']",,Tosafot on Sukkah 6b
"סוכה יד ע""א:","[""מתני'. מסככין בנסרים, דברי רבי יהודה, ורבי מאיר אוסר. נתן עליה נסר שהוא רחב ארבעה טפחים - כשרה, ובלבד שלא יישן תחתיו."", ""גמ'. אמר רב: מחלוקת בנסרין שיש בהן ארבעה, דרבי מאיר אית ליה גזרת תקרה, ורבי יהודה לית ליה גזרת תקרה. אבל בנסרין שאין בהן ארבעה - דברי הכל כשרה. ושמואל אמר: בשאין בהן ארבעה מחלוקת, אבל יש בהן ארבעה - דברי הכל פסולה. אין בהן ארבעה, ואפילו פחות משלשה - הא קנים בעלמא נינהו! אמר רב פפא, הכי קאמר: יש בהן ארבעה - דברי הכל פסולה, פחות משלשה - דברי הכל כשרה, מאי טעמא - קנים בעלמא נינהו. כי פליגי - משלשה עד ארבעה. מר סבר: כיון דליתנהו שעור מקום - לא גזרינן, ומר סבר: כיון דנפקי להו מתורת לבוד - גזרינן.""]",Sukkah 14a,
"מנחת ביכורים על התוספתא סוכה א, ד ד""ה 'אוסרים':",['אוסרין – משום גזירת תקרה שיאמר מה לי בסוכתי או בביתי והתורה אמרה סוכה דיעשה לשם סכך ולא ביתו של כל ימות השנה:'],,
"תוספות סוכה ב ע""א ד""ה 'כי':","['וא""ת וכיון דלא חיישינן אלא שתהא ראויה לעשותה עראי ואף על פי שעושה אותה קבע א""כ אמאי אמר (תענית ב ע""א) גשמים סימן קללה בחג והלא יכול לקבוע הנסרים במסמרים שלא ירדו גשמים בסוכה ואפילו תימצי לומר דאסור משום גזרת תקרה כי היכי דאמר לקמן בפירקין (יד ע""א) גבי פלוגתא דר""מ ורבי יהודה דמסככין בנסרין דאי מכשרת בהו אתי למימר מה לי לסכך בזה מה לי לישב תחת תקרת ביתי וביתו ודאי פסול מדאורייתא דסוכה אמר רחמנא ולא ביתו של כל ימות השנה מ""מ כיון דלא אסור אלא מדרבנן לא שייכא למימר שהגשמים סימן קללה וי""ל דנהי דלא חיישינן בדפנות אי עביד להו קבע מ""מ בסככה שעיקר הסוכה על שם הסכך לא מיתכשרה עד דעביד לה עראי ומה""ט נמי ניחא לרבי זירא דדריש מדכתי\' וסוכה תהיה לצל הא כתי\' נמי מזרם וממטר וניבעי נמי שלא ירדו גשמים לתוכה אלא ודאי משום דבעינן סככה עראי וא""כ הוה ליה קבע.']",Tosafot on Sukkah 2a:14:1,
"שולחן ערוך או""ח תרכט, יח:","['וכן אסרו לסכך בנסרים שרחבן ארבעה, אפילו הפכן על צדן שאין בהם ארבעה; ואם אין ברחבן ארבעה, כשרים, אפילו הם משופים שדומים לכלים, ונהגו שלא לסכך בהם כלל.']","Shulchan Arukh, Orach Chayim 629:18",
"משנה ברורה שם ס""ק מט:","['ונהגו שלא וכו\' – דילמא אתי לסכך בענין שלא יהא מטר יכול לירד שם ויש מהראשונים שכתבו דכהיום מדינא אסור הואיל דבזמן הזה מסככין בתיהם בנסרים שאין בהן ד\' טפחים איכא גזירת תקרה ומ""מ יש לחוש גם לטעם הראשון וע""כ הלטי""ש אף על פי שאין בהם גזירת תקרה שאין מסככין בהם בתיהם מ""מ יש לחוש שיסכך כ""כ שלא יהיו הגשמים יורדים בתוכה וכ""ש בשינדלין.']",,
ערוך השולחן שם לב:,"['כתב רבינו הב""י בסעיף י""ח בדין נסרים שנהגו שלא לסכך כלל בנסרים עכ""ל. והמנהג הוא מעיקר הדין שהרי עתה נהגו לקרות בתים מנסרים פחותים מארבע ומשלש, א""כ פשיטא שיש כאן גזירת תקרה, ולכן לא שמענו מימינו לסכך בנסרים אפילו בקצרים כמ""ש בסעיף יג וכן בלאטע""ס ובכל מין עץ. ולכן אותן המסככים בנסרים קטני קטנים מצויירים אין דעת חכמים נוחה מהם וכ""ש שאין לסכך בשינדלע""ן. אמנם במקום שאי אפשר, שאין להשיג במה לסכך, בהכרח לסכך בנסרים פחות מרוחב ד\', אך לא יקבע אותם במסמורות דבכה""ג בית גמור הוא ופסול מן התורה (עמג""א ס""ק כב וא""ר ס""ק טו בשם אגודה שפסק כמ""ש).']",,
"חזון עובדיה, דיני הסכך, יא, א:","['הסכך החדש שנקרא ""סכך לנצח"", שעשוי מעצי דיקטים דקים וארוגים בחוטי צמר גפן (כותנה), כשר לסכך בו.']",,
שם הערה ט:,"['... ובין הדיקטים יש אויר כל שהוא וריוח שמו בין עדר ובין עדר באופן שהגשמים יורדים לתוכה... וכן מצאתי להגרש""ז אוירבך בשלמי מועד שכתב שאף שהרה""ג רי""ש אלישיב פוסל דעתי להכשיר, שאין בזה משום גזרת תקרה כיון שהדיקטים דקים ורכים ודינם ככל מחיצות שעשאוה לסיכוך שהיא כשרה לסכך בה.']",,
"מנחות מב ע""א:","[""דתניא: העושה סוכה לעצמו, אומר: ברוך אתה ה' אלהינו מלך העולם שהחיינו וקימנו והגיענו לזמן הזה. בא לישב בה, אומר: ברוך אתה ה' אלהינו מלך העולם אשר קדשנו במצותיו וצונו לישב בסוכה, ואילו לעשות סוכה לא מברך.""]",Menachot 42a,
"תוספות סוכה מו ע""א ד""ה 'העושה':","['העושה סוכה לעצמו – דווקא נקט לעצמו, אבל לאחר לא מברך מידי להאי תנא דסבר דאין מברך לעשות, כדדייקינן פרק התכלת (מנחות מב ע""א–ע""ב). ואיכא תנא דתני בירושלמי בפרק הרואה עשאה לעצמו מברך לעשות סוכה עשאה לאחר מברך לעשות סוכה [לשמו].', 'העושה סוכה לעצמו מברך שהחיינו – צריך לפרש טעם מאי שנא דיש מצות שתקינו לברך שהחיינו ויש מצות שלא תקינו בעשיית סוכה ולולב תקינו כדאשכחן הכא ובעשיית ציצית ותפילין לא תקינו כדמוכח פרק התכלת (ג""ז שם) דמפרש ר\' יוחנן מאי מברך אתפילין של יד ותפילין של ראש ואילו לעשות תפילין לא מברך דלא חשיב ליה וכמו כן יש לדקדק דשהחיינו נמי לא מברך מדלא חשיב לה וכן אפדיון הבן מברך שהחיינו כדאיתא בסוף פרק ערבי פסחים (פסחים קכא ע""ב) ואילו אמילה לא מברך מדלא חשיב בפ\' התכלת (מנחות שם) ובסוף ר""א דמילה (שבת דף קלז ע""ב) בהדי ברכות של מילה וכן אקריאת מגילה מברך שהחיינו כדאיתא בריש הקורא את המגילה עומד (מגילה כא ע""ב) ואילו אקריאת הלל לא מברך ונראה דמצוה שיש עליה שמחה תקנו שהחיינו ודאמרינן בהרואה (ברכות נד ע""א) דמברך על כלים חדשים כתב רב שרירא גאון דלא סמכינן עלה דמסקינן בפרק בכל מערבין (עירובין מ ע""ב) דבעינן מידי דאתי מזמן לזמן וקשה מפדיון הבן.']",,Tosafot on Sukkah 46a:1:1
"סוכה י ע""א–ע""ב:","[""מתני'. פירס עליה סדין מפני החמה, או תחתיה מפני הנשר, או שפירס על גבי הקינוף פסולה, אבל פורס הוא על גבי נקליטי המטה."", ""גמ'. אמר רב חסדא: לא שנו אלא מפני הנשר, אבל לנאותה - כשרה. - פשיטא, מפני הנשר תנן! מהו דתימא הוא הדין דאפילו לנאותה, והאי דקתני, מפני הנשר - אורחא דמילתא קתני, קא משמע לן. לימא מסייע ליה: סיככה כהלכתה ועיטרה בקרמין ובסדינין המצוירין, ותלה בה אגוזין, שקדים, אפרסקין ורימונים, פרכילי ענבים ועטרות של שבולין, יינות שמנים וסלתות - אסור להסתפק מהן עד מוצאי יום טוב האחרון של חג. ואם התנה עליהם - הכל לפי תנאו.""]",Sukkah 10,
"רש""י שם ד""ה 'הכל לפי תנאו':","['הכל לפי תנאו – וכגון דאמר: איני בודל מהם כל בין השמשות של יום טוב הראשון, דלא חל קדושה עלייהו, והכי מוקים לה במסכת ביצה בהמביא (ל ע""ב), ותנאה אחרינא לא מהני בהו, קתני מיהת סדינין, והיינו סייעתא.']",,Rashi on Sukkah 10a
"שבת כב ע""א:","['אמר רב יהודה אמר רב אסי (אמר רב): אסור להרצות מעות כנגד נר חנוכה. כי אמריתה קמיה דשמואל, אמר לי: וכי נר קדושה יש בה! מתקיף לה רב יוסף: וכי דם קדושה יש בו? דתניא: ושפך וכסה - במה ששפך יכסה, שלא יכסנו ברגל, שלא יהו מצות בזויות עליו. הכא נמי - שלא יהו מצות בזויות עליו. בעו מיניה מרבי יהושע בן לוי: מהו להסתפק מנויי סוכה כל שבעה? אמר להו: הרי אמרו, אסור להרצות מעות כנגד נר חנוכה. אמר רב יוסף: מריה דאברהם! תלי תניא בדלא תניא. סוכה - תניא, חנוכה - לא תניא. דתניא: סככה כהלכתה, ועיטרה בקרמים ובסדינין המצויירין, ותלה בה אגוזים אפרסקין שקדים ורמונים ופרכילי ענבים, ועטרות של שבלים, יינות (של) שמנים וסלתות - אסור להסתפק מהן עד מוצאי יום טוב האחרון של חג, ואם התנה עליהן - הכל לפי תנאו. אלא אמר רב יוסף: אבוהון דכולהו דם.']",Shabbat 22a,
"שו""ת הרשב""א א סימן נה:",['ולפי שאדם נותן בתקרתו קורות המצויירות או דברים אחרים שאינן עיקר תקרה אלא טפלה לה לנוי כדי שתערב עליו דירתו... שאין אלו לעיקר סכך אלא להתנאות ולהנעים עליו ישיבת סוכה ומצוה.'],,
"תוספות שבת כב ע""א ד""ה 'סוכה':","['סוכה תניא – משמע דטעמא דנויי סוכה משום ביזוי מצוה וקשה לר""י בפרק כירה (לקמן דף מה ע""א ושם) משמע דטעמא משום מיגו דאיתקצי למצותה ותירץ דצריכי לתרווייהו דמשום דאיתקצי למצותה לא הוה אסרינן בחולו של מועד דלא שייך מוקצה אלא (בנפל) בשבת וביו""ט ומשום ביזוי מצוה לא הוה אסרינן להו היכא דנפלו אבל השתא דאמרי\' דאיתקצי וביזוי מצוה אסרינן אפילו נפלו ואפי\' בחוה""מ.']",Tosafot on Shabbat 22a:4:1,
"שו""ת משנה הלכות טז סימן קכח:","['וא""כ בנידון דידן נמי לתלות פירות ערלה בסוכה כיון דבזיון ליכא ועושה מצוה ומצות לאו ליהנות נתנו למה יהא אסור.']",,
"ויקרא כג, מ:","[""וּלְקַחְתֶּם לָכֶם בַּיּוֹם הָרִאשׁוֹן פְּרִי עֵץ הָדָר כַּפֹּת תְּמָרִים וַעֲנַף עֵץ עָבֹת וְעַרְבֵי נָחַל וּשְׂמַחְתֶּם לִפְנֵי ה' אֱלֹהֵיכֶם שִׁבְעַת יָמִים:""]",Leviticus 23,
"רש""ר הירש שם:","['נעיין עתה במשמעות מצוות ארבעת המינים. חוסר המחשבה של זמננו טוען, שאין הם אלא זר של קציר; הם אות לברכת היבול; ולפיכך אין ליטול אותם בגולה; אלא יש להחליף אותם בפירות ובצמחים אחרים, המתאימים לאקלים ולטיב האדמה. אך שטחיות זו מתעלמת מדבר קטן. אנחנו מכירים את הפירות, שארץ ישראל נשתבחה בהם; ואלו הם: חיטה ושעורה, גפן, תאנה, רמון, זית־שמן ודבש תמרים (דברים ח, ח). נמצא, שרק כפות תמרים מנויים בכלל זה, אך אתרוגים, הדסים וערבות לא נמנו. וכלום יש ארץ בעולם, שהדסים וערבות ישקפו בה את ברכת היבול?!', 'הבה ונאזין ללשון המצוה, ונתבונן באורח קיומה; שמא צמחים אלה מסבירים את עצמם. התורה נותנת בידינו את האתרוג; כן היא נותנת בידינו את עלה הדקל, את ההדס ואת ענף הערבה; והרי היא מצווה עלינו לשמוח בכל אלה כאחד; או - כפי שראינו, שלולב אינו צריך אגד - עלינו לשמוח בכל אחד מהם לפני ה\'. נשמח בפרי עץ הדר, ונשמח גם בכפות תמרים, בענף עץ עבות ובערבי נחל. נתבונן עתה בארבעת המינים האלה - בקשרים שביניהם וביחסים שבין תכונותיהם המיוחדות. וכך נראה לנו במבט ראשון: תכונות ""פרי עץ הדר"", שנתקבצו באתרוג, נתחלקו אחת אחת באגד הלולב. התמר עושה פרי; אך כפות התמרים שבידינו מראות, שאין הוא עץ הדר; שהרי אין טעם עצו ופריו שוה; כי הפרי מתחיל רק בפרי; אילן זה מיתמר ועולה ושואף בכל נימיו לקראת הפרי - יותר משאר כל האילנות (הוא חד - פסיגי; ומבחינה זו הוא יחיד בין כל עצי הפרי); אף על פי כן אין עצו מגלה את החומר האֵיתֵרי האציל שבתוכו; אלא הוא מעבדו ומפתחו בצנעה - ומוליכו אל הפרי. כפות תמרים הן פרי ללא הדר. כנגד זה ענף עץ עבות הוא הדר ללא פרי; אכן הוא הדר במשמעות מיוחדת; לא רק ביפי עליו, שכל הענף קלוע לשלשלת של עלים; אלא הוא גם עץ הדר: חומר הבשמים האֵיתֵרי שבו חודר לכל חלקיו; משום כך הגרסה שבידינו (סוכה לב ע""ב) קוראת לו ""עץ שטעם עצו ופריו שוה""; אלא שהריטב""א סבור, שיש לתקן גרסה זו; שהרי אין הכתוב מזכיר ""פרי"" של הדס; ובלאו הכי אין לדבר על ""פרי"" הדסים - במשמעות הרגילה של המלה. ערבי נחל הם עץ סתם - ללא הדר וללא פרי.', 'נראה ברור, ש""עץ"", ""הדר"", ""פרי"" ולבסוף ""פרי עץ הדר"" הם שלבים מתקדמים של התפתחות הצמח: הערבה מגדלת עץ גרידא; ההדס יוצר חומרים אצילים; התמר מוליך את החומרים האצילים ומעביר אותם לצורך יצירת הפרי; וכל שלושת השלבים האלה נצטרפו באתרוג והגיעו לכלל שלמות עילאית; והאתרוג שביד שמאל הוא ביאור לאגד הלולב שביד ימין; נמצא, שהמצוה מוסרת לידינו את מוצרי הטבע של בריאת ה\' - על כל רב־גוניות דרגותיהם; על כולם היא אומרת ""תם"" ו""הדר""; כל אחד שלם במינו, כל אחד נאה במינו; הערבה הענוותנית, ההדס הנאה, הדקל הגאה, פרי האתרוג המפואר - כל אחד מהם הוא תם מהודר בדרגתו; על כולם השפיע הבורא מידה שווה של אהבה, דאגה וחכמה; כולם הושוו לתום ולהדר; והאדם נקרא להשוות את כולם בדקדוק הקיום של מצוות ""ולקחתם"": את כולם יביא לתחום שלטונו; את כולם יצרף לאישיותו; בכולם יבנה את אישיותו ואת פעילותו; אך יקח אותם בהיתר, למען יהיו ""שלו"" לפני ה\'; אל ייבוש בהם לפני ה\'; אלא יביאם מתוך תודעת העצמאות, שניתנה לו מידי ה\'; משום כך אל יהי בהם שאול, המעיד על חוסר עצמאותו; ואל יהי בהם גזול, שנעשה ""שלו"" בעבירה. ועתה יזכה בכולם לשמחה לפני ה\': בפרי עץ הדר, בעץ, בהדר ובפרי, בכולם כאחד מתוך אחדות של התאמה - כל אחד מהם תם, וכל אחד מהם הדר, בלא גזול ובלא שאול - בכולם יקיים עתה: ושמחתם לפני ה\' אלהיכם!', 'כלום אין המצוה מוסברת עתה מאליה? ומיני המצוה - המייצגים את כל עולם הצמחים שגדלו במשך השנה - כלום אין הם מייצגים גם את כלל כל המתנות, שהשגחת ה\' העניקה לנו? יהיו אלה אשר יהיו, ויהא גורלנו בהן כאשר יהא, הרי מצוות לולב אומרת לנו: יש אדם המשול לערבה; אין לו משלו לא נוי ולא פרי, ואין לו חוזק וכוח התנגדות; והרי הוא ממלא את תפקידו כסל נצרים (עי\' ביכורים ג, ח), העומד למשא ולמשמר; ויש אדם המשול להדס, והוא זוהר ביופי משלו; ויש אדם, העובד בצנעה ללא תהילה; הוא שואף קדימה, מישיר בדרכו ועובד קשה ללא הרף; ביצירתו יביא רב תועלת וישע - כתמר זה המניב פריו; ויש אדם הזוכה בעבודתו לשם ולתפארת - כפרי המהודר של עץ ההדר; אולם תהא מנת חלקו של אדם כאשר תהא - לעולם מעמדו קרוב לה\' ומעוצב בידי ה\'; כל מעמד יכול להיות תם והדר במינו ולהגיע לכלל שלמות ויופי; ואם זה חלקו של אדם מידי ה\' - וה\' קרא לו ""ולקחתם לכם"" - חובה על האדם ליטלו ""ביושר ובגבורה"", ""ללא חטא וללא תלות באחרים""; או אז יזכה בגדול שבנכסי הקיום - ב""שמחה לפני ה\'""!', 'על כל פנים חז""ל הבינו את מצוות ארבעת המינים במשמעות כללית כגון זו. אמת, ארבעת המינים מייצגים, לדעתם, את עולם הצמחים דרך כלל; וקיום המצוה הזאת קשור לגשם שאנו מתפללים עליו: בזכות קיום המצוה נזכה לגשמים בשנת הצמחים החדשה, - ולקחתם לכם וגו\' כדי לזכות אתכם להוריד לכם מטר. אולם ארבעת המינים רומזים, לדעת חז""ל, גם לעניינים אחרים. הם משקפים את הגילויים השונים של ההשגחה, שהאל היחיד מתגלה בהם; או הם מציירים את תמונות החיים השונות, הנראות בחיי האבות והאמהות - אף על פי שהושוו במעלתם; או הם רומזים לרב־גוניות הכשרונות המצויים במסגרת האומה היחידה: כך פרי עץ הדר רומז, לדברי חז""ל, להתגלות ה\' בהוד ובהדר: ""הוד והדר לבשת"" (תהלים קד, א). כפות תמרים הן התגלות ה\' בצדיקים; שהרי הצדיק משול לתמר, המיתמר הישר ועולה בגבורה: ""צדיק כתמר יפרח"" (שם צב, יג). ענף עץ עבות הוא השגחת ה\', הניכרת בכל מקום שבו הדסים מלבלבים במצולות ים: ""והוא עֹמד בין ההדסים אשר במצלה"" (זכריה א, ח). ערבי נחל הם השגחת ה\' המתגלה בשעת המעבר בישימון הערבה: ""סלו לרכב בערבות"" (תהלים סח, ה). או האתרוג הנהדר מצייר את תמונת החיים של אברהם ושרה; עלה הדקל החמור בסברו רומז לחיי יצחק ורבקה; ההדס רב העלים - לחיי יעקב ולאה שנתברכו בבנים; והערבה הממהרת לנבול מציירת את חיי רחל - שמתה בדמי ימיה - ויוסף. או ארבעת מיני הצמחים משקפים את דמות עמנו: ""פרי עץ הדר אלו ישראל; מה אתרוג זה יש בו ריח ויש בו אוכל (- הנוף נושא פרי, והריח האֵיתֵרי הטוב חודר בכל העץ על כל חלקיו -) כך ישראל יש בהן בני אדם שהן בעלי תורה ובעלי מעשים טובים""; רוח החכמה הפכה בקרבם למדע; ויחד עם זה כל חייהם חדורים מרוח זו, המתגלה על ידי מעשים טובים. וכפות תמרים אלו ישראל: ""מה תמרה זו יש בה אוכל ואין בה ריח, כך ישראל יש בהן בעלי תורה ואין בהן מעשים טובים""; רוח החכמה הפכה בקרבם למדע; אך אין זו מתגלה בחייהם המעשיים על ידי מעשים טובים. ""וענף עץ עבות אלו ישראל; מה הדס הזה יש בו ריח ואין בו אוכל, כך ישראל יש בהם בני אדם שיש בידיהם מעשים טובים ואין בהן תורה""; חייהם המעשיים חדורים ברוח התורה; אך רוח זו לא הפכה בקרבם למדע ולא הניבה פרי רוחני. ""וערבי נחל אלו ישראל; מה ערבה זו אין בה לא טעם ולא ריח, כך ישראל יש בהן בני אדם שאינם לא בעלי תורה ולא בעלי מעשים; אמר הקדוש ברוך הוא, לאבדן אי אפשר, אלא יעשו כולן אגודה אחת והן מכפרין אלו על אלו"" (ילקוט שמעוני כאן). וכעין זה אמרו במנחות כז ע""א: ""ארבעה מינין שבלולב שנים מהן עושין פירות ושנים מהן אין עושין פירות; העושין פירות יהיו זקוקין לשאין עושין פירות ושאין עושין פירות יהיו זקוקין לעושין פירות ואין אדם יוצא ידי חובתו בהן עד שיהיו כולן באגודה אחת; וכן ישראל בהרצאה עד שיהיו כולן באגודה אחת שנאמר הבונה בשמים מעלותיו ואגודתו על ארץ יסדה"" (עמוס ט, ו). שני הביאורים האחרונים מעוגנים בשיטה שלולב צריך אגד - וזו לא נתקבלה להלכה; אך זה הצד השווה שבכל המאמרים האלה: מצוות לולב מבטאת את אחדות ה\', המתגלה ברב־גוניות העולם, החיים ובני האדם.', 'ונעיר עוד: ארבעת מיני הלולב מייצגים את עולם הצמחים גם על פי האיזורים הגיאוגרפיים שהם גדלים בהם. התמר מצוי רק בארצות החום; עץ ההדר מצוי בארצות חמות פחות; ההדס גדל באיזורים ממוזגים; והערבה גדלה בארצות קרות עוד יותר.']",,
"שפת אמת סוכות תרל""ט:","['הד\' מינים הם לאגוד ולחבר נפשות בנ""י. כמ""ש במד\' יש בהם שיש להם טעם וריח כו\'. ועל ידי האגודה זוכין לכנוס לסוכה דכתיב אהבת כלולותיך לכתך אחרי כו\'. שאין יכולין לבוא להמשכה זו להיות נמשך אחר הבורא ית\'. רק ע""י שמכניסין עצמן בכלל ישראל. ודרשו חכמים כל האזרח כו\' כל ישראל ראוין לישב בסוכה אחת. וכל הראוי לבילה אין בילה מעכבת. לכן בשבת אין צריכין לולב. כי בשבת מתאחד ג""כ נפשות בנ""י כמ""ש דמתאחדין ברזא דאחד.']",,
"מורה נבוכים ג, מג (תרגום הרב קאפח):","['ואשר נראה לי בארבעת מינין שבלולב, שהיא שמחה וששון על יציאתם מן המדבר שהיה לא מקום זרע ותאנה וגפן ורמון ומים אין לשתות, אל מקום עצי פרי ונהרות, לפיכך נלקח לזכרון לכך הנאה שבפירותיה, ובעל הריח הטוב והעלים הנאים, וגם הנאה שבעשבותיה כלומר ערבי נחל. וארבעת המינין הללו הם אשר כוללים שלשה דברים, האחד רבוי מציאותם בארץ ישראל באותו העת ויכול כל אחד להשיגם, והענין השני הם היותר נאים במראיהן וחזותן, ומהן בעלי ריח טוב והם אתרוג והדס, אבל לולב וערבה הרי הם נעדרי ריח טוב ורע. והענין השלישי שעומדין במראיהן כל שבעת הימים מה שלא יתכן כן באפרסקין וברמונים ובפרישים ובקרוסטמלין ודומיהן.']",,
"ערוך השולחן או""ח תרסד, ח:","['יש מי שאומר שהושענא שבלולב אף על פי שנזרקת, שאינה תשמיש קדושה אלא תשמיש מצוה, מ""מ אין לפסוע עליה דרך בזיון וכמ""ש בסי\' כא גבי ציצית. וכן הערבה שנוטלין היום כך דינה. וכן יש מי שאומר שאסור ליהנות מן הערבה לאחר נטילתו דלכולי יומא אתקצאי למצותה אם לא שהתנה עליה שאינו מקצה אותה רק עד אחר חבטה. אך באמת י""א דלא מהני תנאי על יום זה, דבע""כ הוקצה לכל היום ויש בזה דיעות (עמג""א סי\' תרמט ס""ק יט וסי\' זה ס""ק ט ועמ""ש שם בסעיף כא).']","Arukh HaShulchan, Orach Chaim 664:8",
ריקאנטי במדבר שלח יד:,"['אמנם הטעם בליל הושענא רבה יותר משאר לילות הבנתי מדברי הר\' אלעזר מוורמשא ז""ל כי בחג נידונין על המים, והוא יום אחרון שבחג שאז נחתם לחיים, כי כפי צורך החיים כך המים באים לעולם.']",,
מטה משה תתקנז:,"['ולמה נקרא יום הושענא רבה, לפי שאמר הקב""ה לאברהם אבינו אני יחיד בעולמי ואתה יחיד בעולמך ועתיד אני לתת לבניך יום מיוחד לכפר בו עוונותיהם.']",,
"מורה נבוכים ג, מג (תרגום הרב קאפח):","['אבל זה שסכות יוצאים ממנו לחג אחר כלומר שמיני עצרת, הוא להשלים בו את השמחות שלא היה אפשר לעשותן בסכות אלא בחצרות המרווחות ובבנינים.']",,
"שפת אמת סוכות תרל""ח:","['שמיני עצרת הוא סוף כל המועדות. ונותן ברכה על כל השנה. וביום זה מתגלה פנימיות דבקות בני ישראל באבינו שבשמים... וכתיב תן חלק לשבעה ימי החג וגם לשמונה שמיני עצרת או ימי מילה ע""ש. ביאור הענין דכתיב והי\' שבעת ימים תחת אמו ומיום השמיני והלאה ירצה כו\'. כי למה לא צוה השי""ת למול מיד. אך שע""י שעברו עליו ז\' ימים בעודו ערל ואח""כ נכנס תחת כנפי השכינה ע""י המילה. ע""י זה יכול אח""כ לגבור ולהכניע כל הסט""א. דאל""ה לא הי\' שייכות הסט""א לאדם כלל. וכמו כן ימי הסוכות בעוד המים הזידונים שולטים. ונאמר תן חלק שהוא ע\' פרים נגד ע\' אומות. ע""י שאלה הימים הם עוד בטבע ויש להם שייכות עוד. לכן צריכין הגנה. וע""ז ניתן מצות סוכה. ומתקיים קרא שבעת ימים תחת אמו ממש וכמו כן בש""ק פורס סוכת שלום. ע""י שש""ק מאסף כל הז\' ימים לכן בכניסת שבת קודש צריכים שמירה. אמנם אח""כ נמשך הארה יתירה בשב""ק כמ""ש במ""א. ועתה בשמ""ע הוא ההמשכה שלמעלה מהטבע. והיא הסרת הערלה ומתגלה פנימיות התדבקות בנ""י כנ""ל.']",,
ציץ אליעזר כב סימן לה:,"['ואנו ביום נבחר זה המיוחד עבורנו לעומתו משבחים ואומרים ברוך ""ברוך אלקינו שבראנו לכבודו והבדילנו מן התועים ונתן לנו תורת אמת וחיי עולם נטע בתוכנו"", מסיימים אנו ביום זה את התורה וחוזרים ומתחילים... להביע את קשרינו האמיץ ובל ינתק כלפי נותן התורה וכדי להראות ולהכריז כלפי כל שהתורה היא חיינו.']",,
"מגילה כט ע""ב:",['לבני מערבא דמסקי לדאורייתא בתלת שנין.'],Megillah 29b,
"רש""י שם ד""ה 'דמסקי אורייתא'.","['דמסקי אורייתא – מסיימין חמשה חומשין פעם אחת לשלש שנים, ולא בכל שנה כמו שאנו עושין.']",Rashi on Megillah 29b:20:2,
"מגילה ל ע""ב – לא ע""א, המשנה (פ""ג מ""ה):","['...ביום טוב הראשון של חג קורין בפרשת מועדות שבתורת כהנים, ובשאר כל ימות החג בקרבנות החג...']",Megillah 30b-31a,
"שם לא ע""א:","['ושאר כל ימות החג קורין בקרבנות החג. יום טוב האחרון קורין כל הבכור מצות וחוקים ובכור, ומפטירין ויהי ככלות שלמה. למחר קורין וזאת הברכה ומפטירין ויעמד שלמה.']",,
"ר""ן על הרי""ף מגילה יא ע""א ד""ה 'למחר קורין':",['למחר קורין וזאת הברכה – לפי שהוא סוף כל המועדות חותמין בברכת משה רבינו שבירך את ישראל.'],,
"משך חכמה לדברים לד, יב ד""ה 'בשמחת':","['ורק משום קדושת היום צריך לקרות ""וזאת הברכה"", לרמוז אל מה שאמרו בסוף סוכה א""ר אלעזר שבעים פרים כנגד שבעים אומות פר יחידי למה כנגד אומה יחידה... ולזה קורין בשמחת תורה מענייני דיומא דהיינו בחירת עם ישראל מבין שבעים אומות.']",,
"משנת יעבץ או""ח סימן עב:",['דשתי הלכות הם בקריאת פרשת וזאת הברכה בשמיני עצרת חדא קריאה של חובת היום ועוד קריאה מסדר השנה שסיום התורה הוא בשמיני עצרת.'],,
"שמות יב, יב–כ:","[""וְעָבַרְתִּי בְאֶרֶץ מִצְרַיִם בַּלַּיְלָה הַזֶּה וְהִכֵּיתִי כָל בְּכוֹר בְּאֶרֶץ מִצְרַיִם מֵאָדָם וְעַד בְּהֵמָה וּבְכָל אֱלֹהֵי מִצְרַיִם אֶעֱשֶׂה שְׁפָטִים אֲנִי ה': וְהָיָה הַדָּם לָכֶם לְאֹת עַל הַבָּתִּים אֲשֶׁר אַתֶּם שָׁם וְרָאִיתִי אֶת הַדָּם וּפָסַחְתִּי עֲלֵכֶם וְלֹא יִהְיֶה בָכֶם נֶגֶף לְמַשְׁחִית בְּהַכֹּתִי בְּאֶרֶץ מִצְרָיִם: וְהָיָה הַיּוֹם הַזֶּה לָכֶם לְזִכָּרוֹן וְחַגֹּתֶם אֹתוֹ חַג לַה' לְדֹרֹתֵיכֶם חֻקַּת עוֹלָם תְּחָגֻּהוּ: שִׁבְעַת יָמִים מַצּוֹת תֹּאכֵלוּ אַךְ בַּיּוֹם הָרִאשׁוֹן תַּשְׁבִּיתוּ שְּׂאֹר מִבָּתֵּיכֶם כִּי כָּל אֹכֵל חָמֵץ וְנִכְרְתָה הַנֶּפֶשׁ הַהִוא מִיִּשְׂרָאֵל מִיּוֹם הָרִאשֹׁן עַד יוֹם הַשְּׁבִעִי: וּבַיּוֹם הָרִאשׁוֹן מִקְרָא קֹדֶשׁ וּבַיּוֹם הַשְּׁבִיעִי מִקְרָא קֹדֶשׁ יִהְיֶה לָכֶם כָּל מְלָאכָה לֹא יֵעָשֶׂה בָהֶם אַךְ אֲשֶׁר יֵאָכֵל לְכָל נֶפֶשׁ הוּא לְבַדּוֹ יֵעָשֶׂה לָכֶם: וּשְׁמַרְתֶּם אֶת הַמַּצּוֹת כִּי בְּעֶצֶם הַיּוֹם הַזֶּה הוֹצֵאתִי אֶת צִבְאוֹתֵיכֶם מֵאֶרֶץ מִצְרָיִם וּשְׁמַרְתֶּם אֶת הַיּוֹם הַזֶּה לְדֹרֹתֵיכֶם חֻקַּת עוֹלָם: בָּרִאשֹׁן בְּאַרְבָּעָה עָשָׂר יוֹם לַחֹדֶשׁ בָּעֶרֶב תֹּאכְלוּ מַצֹּת עַד יוֹם הָאֶחָד וְעֶשְׂרִים לַחֹדֶשׁ בָּעָרֶב: שִׁבְעַת יָמִים שְׂאֹר לֹא יִמָּצֵא בְּבָתֵּיכֶם כִּי כָּל אֹכֵל מַחְמֶצֶת וְנִכְרְתָה הַנֶּפֶשׁ הַהִוא מֵעֲדַת יִשְׂרָאֵל בַּגֵּר וּבְאֶזְרַח הָאָרֶץ: כָּל מַחְמֶצֶת לֹא תֹאכֵלוּ בְּכֹל מוֹשְׁבֹתֵיכֶם תֹּאכְלוּ מַצּוֹת:""]",Exodus 12:12,
"שם יג, ה–י:","[""וְהָיָה כִי יְבִיאֲךָ ה' אֶל אֶרֶץ הַכְּנַעֲנִי וְהַחִתִּי וְהָאֱמֹרִי וְהַחִוִּי וְהַיְבוּסִי אֲשֶׁר נִשְׁבַּע לַאֲבֹתֶיךָ לָתֶת לָךְ אֶרֶץ זָבַת חָלָב וּדְבָשׁ וְעָבַדְתָּ אֶת הָעֲבֹדָה הַזֹּאת בַּחֹדֶשׁ הַזֶּה: שִׁבְעַת יָמִים תֹּאכַל מַצֹּת וּבַיּוֹם הַשְּׁבִיעִי חַג לַה': מַצּוֹת יֵאָכֵל אֵת שִׁבְעַת הַיָּמִים וְלֹא יֵרָאֶה לְךָ חָמֵץ וְלֹא יֵרָאֶה לְךָ שְׂאֹר בְּכָל גְּבֻלֶךָ: וְהִגַּדְתָּ לְבִנְךָ בַּיּוֹם הַהוּא לֵאמֹר בַּעֲבוּר זֶה עָשָׂה ה' לִי בְּצֵאתִי מִמִּצְרָיִם: וְהָיָה לְךָ לְאוֹת עַל יָדְךָ וּלְזִכָּרוֹן בֵּין עֵינֶיךָ לְמַעַן תִּהְיֶה תּוֹרַת ה' בְּפִיךָ כִּי בְּיָד חֲזָקָה הוֹצִאֲךָ ה' מִמִּצְרָיִם: וְשָׁמַרְתָּ אֶת הַחֻקָּה הַזֹּאת לְמוֹעֲדָהּ מִיָּמִים יָמִימָה:""]",Exodus 13:5-10,
"דברים טז, א–ג.","[""שָׁמוֹר אֶת חֹדֶשׁ הָאָבִיב וְעָשִׂיתָ פֶּסַח לַה' אֱלֹהֶיךָ כִּי בְּחֹדֶשׁ הָאָבִיב הוֹצִיאֲךָ ה' אֱלֹהֶיךָ מִמִּצְרַיִם לָיְלָה: וְזָבַחְתָּ פֶּסַח לַה' אֱלֹהֶיךָ צֹאן וּבָקָר בַּמָּקוֹם אֲשֶׁר יִבְחַר ה' לְשַׁכֵּן שְׁמוֹ שָׁם: לֹא תֹאכַל עָלָיו חָמֵץ שִׁבְעַת יָמִים תֹּאכַל עָלָיו מַצּוֹת לֶחֶם עֹנִי כִּי בְחִפָּזוֹן יָצָאתָ מֵאֶרֶץ מִצְרַיִם לְמַעַן תִּזְכֹּר אֶת יוֹם צֵאתְךָ מֵאֶרֶץ מִצְרַיִם כֹּל יְמֵי חַיֶּיךָ:""]",Deuteronomy 16:1-3,
"רש""י לשמות יג, ה–ח:","[""(ה) ...את העבדה הזאת – של פסח. והלא כבר נאמר למעלה (יב, כה) והיה כי תבואו אל הארץ וגו', ולמה חזר ושנאה, בשביל דבר שנתחדש בה. בפרשה ראשונה נאמר (שם כו) והיה כי יאמרו אליכם בניכם מה העבודה הזאת לכם, בבן רשע הכתוב מדבר שהוציא את עצמו מן הכלל, וכאן (פסוק ח) והגדת לבנך, בבן שאינו יודע לשאול, והכתוב מלמדך שתפתח לו אתה בדברי אגדה המושכין את הלב:"", '(ח) בעבור זה – בעבור שאקיים מצותיו, כגון פסח מצה ומרור הללו:', ""עשה ה' לי – רמז תשובה לבן רשע לומר, עשה ה' לי ולא לך, שאלו היית שם לא היית כדאי ליגאל:""]",Rashi on Exodus 13:5-8,
"אבן עזרא שם, ח:","[""בעבור זה – אמר רבי מרינוס, פירוש בעבור זה, היה ראוי להיותו הפוך זה בעבור שעשה ה' לי. והביא רבים כמוהו לדעתו. ולפי דעתי, אין אחד מהם נכון, כי איך נהפוך דברי אלהים חיים. וטעם הפסוק הפך מחשבתו, כי אין אנו אוכלים מצות בעבור זה, רק פי' בעבור זה, בעבור זאת העבודה שהוא אכילת המצה ולא יאכל חמץ שהוא תחלת המצוות שצוה לנו השם עשה לנו השם אותות עד שהוציאנו ממצרים. והטעם לא הוציאנו ממצרים רק לעבדו, ככתוב בהוציאך את העם ממצרים תעבדון את האלהים על ההר הזה (שמות ג, יב), וכתוב אשר הוצאתי אתכם מארץ מצרים להיות לכם לאלהים (במדבר טו, מא).""]",,
"רשב""ם שם:","[""בעבור זה – שעשה ה' לי ניסים במצרים, אני עובד עבודה הזאת. וכן זה היום אשר עשה ה' לי שהייתי לראש פינה, נגילה ונשמחה בו.""]",,
ספר החינוך מצווה כא (מצוות סיפור יציאת מצרים):,"['משרשי מצוה זו, מה שכתוב בקרבן הפסח. ואין מן התימה אם באו לנו מצוות רבות על זה, מצוות עשה ומצוות לא תעשה, כי הוא יסוד גדול ועמוד חזק בתורתנו ובאמונתנו. ועל כן אנו אומרים לעולם בברכותינו ובתפלותינו זכר ליציאת מצרים, לפי שהוא לנו אות ומופת גמור בחידוש העולם, וכי יש אלוה קדמון חפץ ויכול, פועל כל הנמצאות אל היש שהם עליו, ובידו לשנותם אל היש שיחפוץ בכל זמן מן הזמנים, כמו שעשה במצרים ששינה טבעי העולם בשבילנו, ועשה לנו אותות מחודשים גדולים ועצומים, הלא זה משתק כל כופר בחידוש העולם, ומקיים האמונה בידיעת השם יתברך, וכי השגחתו ויכלתו בכללים ובפרטים כולם.']",,Sefer HaChinukh 21
"הרב סולוביצ'יק, זמן חירותנו (הוצאת מאוצר הרב, תשס""ז) עמ' 94–96:","['כאשר התורה מדברת ביציאת מצרים היא מקפידה לומר ""אשר הוציאך מארץ מצרים"" לא בפשטות ""ממצרים""... למעשה ישנן שתי יציאות ממצרים. האחת היא מארץ מצרים, האחרת – מן המצרים, תושבי אותה ארץ: מתרבותם, תפיסותיהם, הפילוסופיה שלהם, אורח חייהם, מנהגיהם... ועל כן מוקדש ליל הפסח לשתי הגאולות. שני המזמורים הראשונים של ההלל מתייחסים אל הגאולה ""מארץ מצרים""; שאר המזמורים עניינם בגאולה העתידה, ביציאה ""ממצרים"".', 'ליל חמישה עשר בניסן הוא לילה מלא התלהבות, אהבה והכרת טובה. אנו מודים לה\' לא רק על חסדו שהרעיף עלינו, כיוון שזו תהיה דרך חלקית בלבד של הכרת טובה ואסירות תודה. ""הלילה הזה"" הוא הלילה שבו היהודי מודע לה\' ואוהב אותו.']",,
"שמות פרק יב (כאן: פסוקים א–יב, כא–כז, מג–מט):","[""וַיֹּאמֶר ה' אֶל מֹשֶׁה וְאֶל אַהֲרֹן בְּאֶרֶץ מִצְרַיִם לֵאמֹר: הַחֹדֶשׁ הַזֶּה לָכֶם רֹאשׁ חֳדָשִׁים רִאשׁוֹן הוּא לָכֶם לְחָדְשֵׁי הַשָּׁנָה: דַּבְּרוּ אֶל כָּל עֲדַת יִשְׂרָאֵל לֵאמֹר בֶּעָשֹׂר לַחֹדֶשׁ הַזֶּה וְיִקְחוּ לָהֶם אִישׁ שֶׂה לְבֵית אָבֹת שֶׂה לַבָּיִת: וְאִם יִמְעַט הַבַּיִת מִהְיוֹת מִשֶּׂה וְלָקַח הוּא וּשְׁכֵנוֹ הַקָּרֹב אֶל בֵּיתוֹ בְּמִכְסַת נְפָשֹׁת אִישׁ לְפִי אָכְלוֹ תָּכֹסּוּ עַל הַשֶּׂה: שֶׂה תָמִים זָכָר בֶּן שָׁנָה יִהְיֶה לָכֶם מִן הַכְּבָשִׂים וּמִן הָעִזִּים תִּקָּחוּ: וְהָיָה לָכֶם לְמִשְׁמֶרֶת עַד אַרְבָּעָה עָשָׂר יוֹם לַחֹדֶשׁ הַזֶּה וְשָׁחֲטוּ אֹתוֹ כֹּל קְהַל עֲדַת יִשְׂרָאֵל בֵּין הָעַרְבָּיִם: וְלָקְחוּ מִן הַדָּם וְנָתְנוּ עַל שְׁתֵּי הַמְּזוּזֹת וְעַל הַמַּשְׁקוֹף עַל הַבָּתִּים אֲשֶׁר יֹאכְלוּ אֹתוֹ בָּהֶם: וְאָכְלוּ אֶת הַבָּשָׂר בַּלַּיְלָה הַזֶּה צְלִי אֵשׁ וּמַצּוֹת עַל מְרֹרִים יֹאכְלֻהוּ: אַל תֹּאכְלוּ מִמֶּנּוּ נָא וּבָשֵׁל מְבֻשָּׁל בַּמָּיִם כִּי אִם צְלִי אֵשׁ רֹאשׁוֹ עַל כְּרָעָיו וְעַל קִרְבּוֹ: וְלֹא תוֹתִירוּ מִמֶּנּוּ עַד בֹּקֶר וְהַנֹּתָר מִמֶּנּוּ עַד בֹּקֶר בָּאֵשׁ תִּשְׂרֹפוּ: וְכָכָה תֹּאכְלוּ אֹתוֹ מָתְנֵיכֶם חֲגֻרִים נַעֲלֵיכֶם בְּרַגְלֵיכֶם וּמַקֶּלְכֶם בְּיֶדְכֶם וַאֲכַלְתֶּם אֹתוֹ בְּחִפָּזוֹן פֶּסַח הוּא לַה': [...]"", ""וַיִּקְרָא מֹשֶׁה לְכָל זִקְנֵי יִשְׂרָאֵל וַיֹּאמֶר אֲלֵהֶם מִשְׁכוּ וּקְחוּ לָכֶם צֹאן לְמִשְׁפְּחֹתֵיכֶם וְשַׁחֲטוּ הַפָּסַח: וּלְקַחְתֶּם אֲגֻדַּת אֵזוֹב וּטְבַלְתֶּם בַּדָּם אֲשֶׁר בַּסַּף וְהִגַּעְתֶּם אֶל הַמַּשְׁקוֹף וְאֶל שְׁתֵּי הַמְּזוּזֹת מִן הַדָּם אֲשֶׁר בַּסָּף וְאַתֶּם לֹא תֵצְאוּ אִישׁ מִפֶּתַח בֵּיתוֹ עַד בֹּקֶר: וְעָבַר ה' לִנְגֹּף אֶת מִצְרַיִם וְרָאָה אֶת הַדָּם עַל הַמַּשְׁקוֹף וְעַל שְׁתֵּי הַמְּזוּזֹת וּפָסַח ה' עַל הַפֶּתַח וְלֹא יִתֵּן הַמַּשְׁחִית לָבֹא אֶל בָּתֵּיכֶם לִנְגֹּף: וּשְׁמַרְתֶּם אֶת הַדָּבָר הַזֶּה לְחָק לְךָ וּלְבָנֶיךָ עַד עוֹלָם: וְהָיָה כִּי תָבֹאוּ אֶל הָאָרֶץ אֲשֶׁר יִתֵּן ה' לָכֶם כַּאֲשֶׁר דִּבֵּר וּשְׁמַרְתֶּם אֶת הָעֲבֹדָה הַזֹּאת: וְהָיָה כִּי יֹאמְרוּ אֲלֵיכֶם בְּנֵיכֶם מָה הָעֲבֹדָה הַזֹּאת לָכֶם: וַאֲמַרְתֶּם זֶבַח פֶּסַח הוּא לַה' אֲשֶׁר פָּסַח עַל בָּתֵּי בְנֵי יִשְׂרָאֵל בְּמִצְרַיִם בְּנָגְפּוֹ אֶת מִצְרַיִם וְאֶת בָּתֵּינוּ הִצִּיל וַיִּקֹּד הָעָם וַיִּשְׁתַּחֲווּ: [...]"", ""וַיֹּאמֶר ה' אֶל מֹשֶׁה וְאַהֲרֹן זֹאת חֻקַּת הַפָּסַח כָּל בֶּן נֵכָר לֹא יֹאכַל בּוֹ: וְכָל עֶבֶד אִישׁ מִקְנַת כָּסֶף וּמַלְתָּה אֹתוֹ אָז יֹאכַל בּוֹ: תּוֹשָׁב וְשָׂכִיר לֹא יֹאכַל בּוֹ: בְּבַיִת אֶחָד יֵאָכֵל לֹא תוֹצִיא מִן הַבַּיִת מִן הַבָּשָׂר חוּצָה וְעֶצֶם לֹא תִשְׁבְּרוּ בוֹ: כָּל עֲדַת יִשְׂרָאֵל יַעֲשׂוּ אֹתוֹ: וְכִי יָגוּר אִתְּךָ גֵּר וְעָשָׂה פֶסַח לַה' הִמּוֹל לוֹ כָל זָכָר וְאָז יִקְרַב לַעֲשֹׂתוֹ וְהָיָה כְּאֶזְרַח הָאָרֶץ וְכָל עָרֵל לֹא יֹאכַל בּוֹ: תּוֹרָה אַחַת יִהְיֶה לָאֶזְרָח וְלַגֵּר הַגָּר בְּתוֹכְכֶם:""]",Exodus 12,
"רש""ר הירש לשמות יב, ג:","['וכל יחיד ויחיד, כל בית וכל משפחה, הציבור בכללו ובפרטיו, חייבים ברגע זה של תחייתם לראות את עצמם מול ה\' כ""שה"". כולם יתמסרו למחשבה האחת, להיות ""צאן מרעיתו"" (תהלים ק, ג), לקבל את ה\' כרועם, ""רועה ישראל"" (שם פ, ב), ולהיות נכונים להנהגתו והדרכתו. מושג זה, לפיו ה\' הוא רוענו ואנו מרעיתו, היה למן הרגע בו נטל ה\' לידיו את הנהגתנו, המושג הקבוע וההולם ביותר, באמצעותו ניתן לנו לצייר לעצמנו את יחסינו אל ה\' ויחסיו אלינו. וגם בעתיד יהיה ""הכבש האחד בבקר"" ו""הכבש השני... בין הערבים"" הסיסמה, לפיה יתייצב ישראל יום יום, בזרוח קרני השמש ובשקען, לפני אלוהיו, וימסור את עצמו לו. ולא יהיה זה כי אם המשך וחזרה של רגע ראשון זה, בו החל ישראל במהלכו על פני ההיסטוריה, ובו מסר את הנהגתו לידי ה\' כ""רועה ישראל"" וכ""נהג כצאן יוסף"". אולם ה""שה"" היהודי אינו ""סובל מכאובי העולם"", אינו נפש שפלת־רוח ונכאה, המובלת, נכנעת, לטבח: שה תמים זכר בן שנה יהיה לכם, שלם בגוף, גברי, ברעננות נעורים נצחית – כך יסמל את אופיינו ומגמתנו. צאן ה\' יהיה מושלם ועצמאי, ועם זאת לעולם צעיר; לעולם לא גמול מההנהגה האלוהית, בין אם מצד מעמדנו החברתי נהיה ככבש או כעז, ""מן הכבשים ומן העזים תקחו"". במסגרת מין הצאן ניתן לבחור בין כבש לעז. העז – תכונתה האופיינית היא העצמאות הגדולה יותר כלפי חוץ; מכאן ""עז"", לגלות התנגדות עזה: העז חושפת את קרניה לכל זר, אך כלפי הרועה היא צייתנית ונכנעת, ככבש.']",,
"רמב""ן שם:","['איש שה לבית אבות – טעם המצוה הזאת, בעבור כי מזל טלה בחדש ניסן בכחו הגדול, כי הוא מזל הצומח, לכך צוה לשחוט טלה ולאכול אותו, להודיע שלא בכח מזל יצאנו משם אלא בגזרת עליון. ועל דעת רבותינו שהיו המצרים עובדים אותו (שמות רבה טז, ב), כל שכן שהודיע במצוה הזאת שהשפיל אלהיהם וכחם בהיותו במעלה העליונה שלו. וכך אמרו (שם) קחו לכם צאן ושחטו אלהיהם של מצרים.']",,
"שמות פרק יב פסוקים טו, יח–כ, לז–מב:","['שִׁבְעַת יָמִים מַצּוֹת תֹּאכֵלוּ אַךְ בַּיּוֹם הָרִאשׁוֹן תַּשְׁבִּיתוּ שְּׂאֹר מִבָּתֵּיכֶם כִּי כָּל אֹכֵל חָמֵץ וְנִכְרְתָה הַנֶּפֶשׁ הַהִוא מִיִּשְׂרָאֵל מִיּוֹם הָרִאשֹׁן עַד יוֹם הַשְּׁבִעִי: [...]', 'בָּרִאשֹׁן בְּאַרְבָּעָה עָשָׂר יוֹם לַחֹדֶשׁ בָּעֶרֶב תֹּאכְלוּ מַצֹּת עַד יוֹם הָאֶחָד וְעֶשְׂרִים לַחֹדֶשׁ בָּעָרֶב: שִׁבְעַת יָמִים שְׂאֹר לֹא יִמָּצֵא בְּבָתֵּיכֶם כִּי כָּל אֹכֵל מַחְמֶצֶת וְנִכְרְתָה הַנֶּפֶשׁ הַהִוא מֵעֲדַת יִשְׂרָאֵל בַּגֵּר וּבְאֶזְרַח הָאָרֶץ: כָּל מַחְמֶצֶת לֹא תֹאכֵלוּ בְּכֹל מוֹשְׁבֹתֵיכֶם תֹּאכְלוּ מַצּוֹת: [...]', ""וַיִּסְעוּ בְנֵי יִשְׂרָאֵל מֵרַעְמְסֵס סֻכֹּתָה כְּשֵׁשׁ מֵאוֹת אֶלֶף רַגְלִי הַגְּבָרִים לְבַד מִטָּף: וְגַם עֵרֶב רַב עָלָה אִתָּם וְצֹאן וּבָקָר מִקְנֶה כָּבֵד מְאֹד: וַיֹּאפוּ אֶת הַבָּצֵק אֲשֶׁר הוֹצִיאוּ מִמִּצְרַיִם עֻגֹת מַצּוֹת כִּי לֹא חָמֵץ כִּי גֹרְשׁוּ מִמִּצְרַיִם וְלֹא יָכְלוּ לְהִתְמַהְמֵהַּ וְגַם צֵדָה לֹא עָשׂוּ לָהֶם: וּמוֹשַׁב בְּנֵי יִשְׂרָאֵל אֲשֶׁר יָשְׁבוּ בְּמִצְרָיִם שְׁלֹשִׁים שָׁנָה וְאַרְבַּע מֵאוֹת שָׁנָה: וַיְהִי מִקֵּץ שְׁלֹשִׁים שָׁנָה וְאַרְבַּע מֵאוֹת שָׁנָה וַיְהִי בְּעֶצֶם הַיּוֹם הַזֶּה יָצְאוּ כָּל צִבְאוֹת ה' מֵאֶרֶץ מִצְרָיִם: לֵיל שִׁמֻּרִים הוּא לַה' לְהוֹצִיאָם מֵאֶרֶץ מִצְרָיִם הוּא הַלַּיְלָה הַזֶּה לַה' שִׁמֻּרִים לְכָל בְּנֵי יִשְׂרָאֵל לְדֹרֹתָם:""]",,Exodus 12:15
"שם יג, ג, ז:","[""וַיֹּאמֶר מֹשֶׁה אֶל הָעָם זָכוֹר אֶת הַיּוֹם הַזֶּה אֲשֶׁר יְצָאתֶם מִמִּצְרַיִם מִבֵּית עֲבָדִים כִּי בְּחֹזֶק יָד הוֹצִיא ה' אֶתְכֶם מִזֶּה וְלֹא יֵאָכֵל חָמֵץ: [...]"", 'מַצּוֹת יֵאָכֵל אֵת שִׁבְעַת הַיָּמִים וְלֹא יֵרָאֶה לְךָ חָמֵץ וְלֹא יֵרָאֶה לְךָ שְׂאֹר בְּכָל גְּבֻלֶךָ:']",,Exodus 13:3
"שם כג, יח:",['לֹא תִזְבַּח עַל חָמֵץ דַּם זִבְחִי וְלֹא יָלִין חֵלֶב חַגִּי עַד בֹּקֶר:'],,Exodus 23:18
"שם לד, כה:",['לֹא תִשְׁחַט עַל חָמֵץ דַּם זִבְחִי וְלֹא יָלִין לַבֹּקֶר זֶבַח חַג הַפָּסַח:'],,Exodus 34:25
"דברים טז, ג–ד:",['לֹא תֹאכַל עָלָיו חָמֵץ שִׁבְעַת יָמִים תֹּאכַל עָלָיו מַצּוֹת לֶחֶם עֹנִי כִּי בְחִפָּזוֹן יָצָאתָ מֵאֶרֶץ מִצְרַיִם לְמַעַן תִּזְכֹּר אֶת יוֹם צֵאתְךָ מֵאֶרֶץ מִצְרַיִם כֹּל יְמֵי חַיֶּיךָ: וְלֹא יֵרָאֶה לְךָ שְׂאֹר בְּכָל גְּבֻלְךָ שִׁבְעַת יָמִים וְלֹא יָלִין מִן הַבָּשָׂר אֲשֶׁר תִּזְבַּח בָּעֶרֶב בַּיּוֹם הָרִאשׁוֹן לַבֹּקֶר:'],Deuteronomy 16:3-4,
ספר החינוך מצווה ט (מצוות השבתת חמץ):,"['מצות השבתת חמץ: להסיר כל לחם חמץ ממשכנותינו ביום ארבעה עשר בניסן, שנאמר (שמות יב, טו) ""אך ביום הראשון תשביתו שאור מבתיכם"", ופירוש ראשון, קודם לפסח.', 'משרשי מצוה זו, כדי שנזכור הנסים שבמצרים, כמו שכתוב בקרבן פסח.']",,Sefer HaChinukh 9
שם מצווה יא (שלא ימצא חמץ ברשותנו בפסח):,"['שלא ימצא חמץ ברשותנו בפסח: שלא ימצא חמץ ברשותנו כל ימי הפסח, שנאמר (שמות יב, יט) ""שבעת ימים שאור לא ימצא בבתיכם"". וביארו חכמינו זכרונם לברכה, לאו דוקא ביתו, אלא כל שברשותו. ולאו דוקא שאור שהוא מחמץ, דהוא הדין לחמץ, דשאור וחמץ חד הוא לענין איסורו.', 'משרשי המצוה, כדי שנזכור לעולם הנסים שנעשו לנו ביציאת מצרים, כמו שכתוב בשה הפסח. ונזכור שאירע לנו כענין זה שמתוך חפזון היציאה אפינו העיסה מצה, כי לא יכלו להתמהמה עד שיחמיץ, כמו שכתוב (שם, לט) ""ויאפו את הבצק"" וגו\'.']",,Sefer HaChinukh 11
"מהר""ל, תפארת ישראל פרק כה:",['אף החמץ הוא היצר הרע. וכבר בארנו זה למעלה בפרק שלפני זה במה שאמרנו אף מלאך המות מציאתו מסודר מן התורה. והשטן מלאך המות הוא יצר הרע.'],,
"ליקוטי תורה לרש""ז מלאדי, צו יג ע""ג (מאמר ""ששת ימים תאכל מצות"" אות ג):","['החמץ הוא בחינת הגבהה והתנשאות, שתופח ועולה ומגביה את עצמו, מה שאין כן מצה שאין בה שום הגבהה. וכמו כן בעבודת ה\' חמץ הוא בחינת התנשאות וגסות הקליפה משא""כ מצה בחינת שפלות והכנעה, בבחינת בטל רצונך. והנה ידוע דבגלות מצרים היו ישראל מקושרים מאד למטה והיה שכלם ומדותם בבחינת המיצרים וגבולים גשמיות העולם הגורמים להיות יש ונפרד, ועיקר יציאת מצרים הוא על ידי שנגלה עליהם מלך מלכי המלכים... שעל ידי זה נמשך בהך בחינת הביטול... ועל ידי ביטול... יצאו מכל המיצרים וגבולים וכן יציאת מצרים בגשמיות.']",,
"פסחים ד ע""ב – ה ע""א:","[""אמר אביי: תרי קראי כתיבי, כתיב שבעת ימים שאור לא ימצא בבתיכם וכתיב אך ביום הראשון תשביתו שאר מבתיכם. הא כיצד? לרבות ארבעה עשר לביעור. ואימא: לרבות לילי חמשה עשר לביעור, דסלקא דעתך אמינא: ימים כתיב, ימים - אין, לילות - לא, קא משמע לן: אפילו לילות? ההוא לא איצטריכא ליה, דהא איתקש השבתת שאור לאכילת חמץ, ואכילת חמץ לאכילת מצה. השבתת שאור לאכילת חמץ - דכתיב שבעת ימים שאר לא ימצא בבתיכם כי כל אכל מחמצת ונכרתה. ואכילת חמץ לאכילת מצה - דכתיב כל מחמצת לא תאכלו בכל מושבתיכם תאכלו מצות (וגו'), וכתיב ביה במצה בערב תאכלו מצת. ואימא לרבות ליל ארבעה עשר לביעור? ביום כתיב. ואימא מצפרא? אך, חלק.""]",Pesachim 4b-5a,
מנחת חינוך מצווה ט אות א:,"['להסיר כל חמץ וכו\' – מבואר בר""מ פ""ב מחמץ ומצה. והנה בענינים אלו האריכו הראשונים והאחרונים וכמעט לא הניחו מקום להתגדר, ולהאריך בפרטי הענינים צריך קונטרס מיוחד ואין זה כוונת החיבור. ואכתוב קצת בקיצור דיני המצוה.', 'והנה לכאורה יש ספק אם המצות עשה היא שיהא החמץ מושבת, ואם יש לו חמץ חוץ מה שעובר על לא תעשה דבל יראה ובל ימצא עובר עוד על העשה, ואם אין לו חמץ אינו עובר בלאו וגם המצות עשה מקיים בשב ואל תעשה, כמו בשבת ויום טוב איכא עשה דשבתון בעשיית מלאכה ואם עבר ועשה מלאכה עובר בעשה ולא תעשה, ואם לא עשה מלאכה חוץ מה שלא עבר על הלאו קיים גם כן מצות עשה דשבתון, והכי נמי עיקר המצוה כאן שלא יהיה החמץ ברשותו והוא מושבת מרשותו, כמו המצות עשה דשבתון, דלא הוי כמו לאו הבא מכלל עשה דאינו מקיים המצוה באם אינו עובר, רק בעובר על הלאו הבא מכלל עשה עובר על העשה, אבל אינו מקיים המצוה, ובאמת בשבת אינו כן, דהתורה כתבה בלשון עשה המחויבת על כן מקיים העשה, ועל כן נחשבת מצות עשה דשבת ויום טוב למצוה בפני עצמה, לא כן לאו הבא מכלל עשה, עיין ספר המצות להר""מ והרמב""ן [שורש הששי] ותבין, אם כן הכא נמי אם היה לו חמץ עובר על עשה ולא תעשה, ואם אין לו חמץ מקיים גם כן המצוה דתשביתו אף דהיא שב ואל תעשה. ולפי זה אין צריך לדקדק שיהא לו חמץ קודם פסח ויבערו, כמו מצות ציצית דמצוה על כל איש ישראל ללבוש ד\' כנפות כדי לקיים המצוה בקום ועשה, אבל כאן ממילא נתקיים המצוה ואין צריך לחזר כלל אחר חמץ. וגם נפק""מ אם אחד רוצה לבער חמצו בפסח ובא אחר וחטפו ממנו וביערו, דמבואר בחו""מ סי\' שפב ס""א דמונע לחבירו לעשות מצוה כגון שחטף ממנו כיסוי צריך לשלם לו, אבל כאן כיון דאין מצוה כלל עליו בקום ועשה אלא ממילא נתקיימה המצוה, אם כן לא חטף ממנו כלל כי בכל ענין שמושבת מן העולם מקיים בעל החמץ מצות עשה, דהוי בכל הענין כמו עשה דשבת ויום טוב.', 'או דילמא דמצוה עליו בקום ועשה דישבית החמץ, ואם אין לו חמץ לא קיים העשה, כמו מי שאין לו ד\' כנפות נהי דאינו עובר מכל מקום לא קיים המצוה, הכי נמי גם כאן, וכמו התם דמצוה עליו לקנות טלית כדי לקיים מצות השם יתברך, הכא נמי מצוה לחזר שיהיה לו חמץ קודם פסח ויבער אותו בי""ד כדי לקיים מצות עשה בקום ועשה. ולפי זה אם חטף אחר המצוה מידו חייב בקנס כמו שנפסק בחו""מ שם. ועוד יש נפק""מ, אי אמרינן דמצוה זו היא בקום ועשה, אם כן אם השבית חמץ בפסח על ידי שאכלו לא קיים המצוה, כי הוי מצוה הבאה בעבירה להסוברים מצוה הבאה בעבירה מן התורה לא יצא, ומובא בחיבור זה כמה פעמים, אבל אי המצוה היא בשב ואל תעשה, אם כן אפילו אכלו מכל מקום אינו ברשותו וקיים המצות עשה כיון דאין לו חמץ. וגם אם המצוה בקום ועשה לא יצא אלא אם כן קיים המצוה בזמנה בחצות יום י""ד, כמו מילה דהתורה קבעה לזמנה ביום השמיני וקודם לכן לא קיים המצוה, הכא נמי קודם חצות אם השבית לא קיים המצוה, אבל אם המצוה בשב ואל תעשה, אם כן העיקר דלא יהיה לו חמץ וכשמגיע הזמן ואין לו חמץ קיים המצות עשה.']",,Minchat Chinuch 9
ספר החינוך מצווה י (מצוות אכילת מצה):,['משרשי מצוה זו – מה שכתוב בקרבן הפסח.'],,Sefer HaChinukh 10
"פסחים לה ע""א:","[""מתני'. אלו דברים שאדם יוצא בהן ידי חובתו בפסח: בחטים, בשעורים, בכוסמין, ובשיפון, ובשיבולת שועל. ויוצאין בדמאי ובמעשר ראשון שנטלה תרומתו, ובמעשר שני והקדש שנפדו, והכהנים בחלה ובתרומה, אבל לא בטבל, ולא במעשר ראשון שלא נטלה תרומתו, ולא במעשר שני והקדש שלא נפדו. חלות התודה ורקיקי נזיר, עשאן לעצמו - אין יוצא בהן, עשאן למכור בשוק יוצאין בהן."", ""גמ'. תנא: כוסמין מין חיטין, שיבולת שועל ושיפון - מין שעורין. כוסמין - גולבא, שיפון - דישרא, שיבולת שועל - שבילי תעלא. הני - אין, אורז ודוחן - לא. מנהני מילי? אמר רבי שמעון בן לקיש, וכן תנא דבי רבי ישמעאל, וכן תנא דבי רבי אליעזר בן יעקב: אמר קרא לא תאכל עליו חמץ שבעת ימים תאכל עליו מצות דברים הבאים לידי חימוץ - אדם יוצא בהן ידי חובתו במצה, יצאו אלו שאין באין לידי חימוץ אלא לידי סירחון. מתניתין דלא כרבי יוחנן בן נורי, דאמר: אורז מין דגן הוא, וחייבין על חימוצו כרת. דתניא: רבי יוחנן בן נורי אוסר באורז ודוחן, מפני שקרוב להחמיץ. איבעיא להו: שקרוב להחמיץ - דקדים ומחמיץ, או דילמא - קרוב להחמיץ הוי, חמץ גמור לא הוי. תא שמע, דתניא, אמר רבי יוחנן בן נורי: אורז מין דגן הוא, וחייבין על חימוצו כרת, ואדם יוצא בו ידי חובתו בפסח. וכן היה רבי יוחנן בן נורי אומר: קרמית חייבת בחלה.""]",Pesachim 35a,
"קובץ שיעורים, פסחים אות קעו:","['בהא דממעטינן אורז ודוחן לענין מצה, משום דאין באין לידי חימוץ, יש להסתפק, אם הדין תלוי בבא לידי חימוץ, ואילו משכחת אורז ודוחן באין לידי חימוץ היו כשרין למצה, ולא בעינן חמשת מיני דגן, וכן להיפוך, אי משכחת בדגן שאינו בא לידי חימוץ פסול למצה, או דמקרא דבא לידי חימוץ ילפינן דאורז ודוחן פסול, והפסול הוא משום דאינו מחמשת מיני דגן, ולא משום דאינו בא לידי חימוץ, ובחקירה זו עמד במלחמות ודעתו נוטה, דבעינן בא לידי חימוץ.']",,
"פסחים לט ע""א:","[""מתני'. ואלו ירקות שאדם יוצא בהן ידי חובתו בפסח: בחזרת, בתמכא, ובחרחבינא, ובעולשין, ובמרור. יוצאין בהן בין לחין בין יבשין. אבל לא כבושין ולא שלוקין ולא מבושלין. ומצטרפין לכזית, ויוצאין בקלח שלהן. ובדמאי, ובמעשר ראשון שנטלה תרומתו, ומעשר שני והקדש שנפדו."", ""גמ'. חזרת - חסא. עולשין - הינדבי. תמכא, אמר רבה בר בר חנה: תמכתא שמה. חרחבינא, אמר רבי שמעון בן לקיש: אצוותא דדיקלא. ובמרור - מרירתא. תני בר קפרא; אלו ירקות שאדם יוצא בהן ידי חובתו בפסח: בעולשין, ובתמכא, בחרחלין, בחרחבינין, ובחזרין. רב יהודה אומר: אף עולשי שדה, ועולשי גינה, וחזרת. עולשי גינה וחזרת? הא תנא לה רישא! - הכי קאמר: אף עולשי שדה כעולשי גינה וחזרת. רבי מאיר אומר: אף עסווס, וטורא, ומר ירואר. אמר ליה רבי יוסי: עסווס וטורא - אחד הוא, ומר - זה הוא ירואר. תני דבי (רבי) שמואל, אלו ירקות שאדם יוצא בהן ידי חובתו בפסח: בחזרת, בעולשין, ובתמכא, ובחרבינין, ובחרגינין, ובהרדופנין. רבי יהודה אומר: אף חזרת יולין וחזרת גלין כיוצא בהן. רבי אילעא אומר משום רבי אליעזר: אף ערקבלים. וחזרתי על כל תלמידיו ובקשתי לי חבר, ולא מצאתי. וכשבאתי לפני רבי אליעזר בן יעקב הודה לדברי. רבי יהודה אומר: כל שיש לו שרף. רבי יוחנן בן ברוקה אומר: כל שפניו מכסיפין. אחרים אומרים: [כל] ירק מר יש לו שרף ופניו מכסיפין. אמר רבי יוחנן: מדברי כולן נלמד: ירק מר יש לו שרף ופניו מכסיפין. אמר רב הונא: הלכה כאחרים."", 'רבינא אשכחיה לרב אחא בריה דרבא דהוה מהדר אמרירתא. אמר ליה: מאי דעתיך - דמרירין טפי, והא חזרת תנן, ותנא דבי שמואל חזרת, ואמר רבי אושעיא: מצוה בחזרת, ואמר רבא: מאי חזרת - חסא. מאי חסא - דחס רחמנא עילוון. ואמר רבי שמואל בר נחמני אמר רבי יונתן: למה נמשלו מצריים כמרור - לומר לך: מה מרור זה שתחילתו רך וסופו קשה, אף מצריים - תחילתן רכה וסופן קשה. אמר ליה: הדרי בי. אמר ליה רב רחומי לאביי: ממאי דהאי מרור מין ירק הוא? אימא מרירתא דכופיא? דומיא דמצה, מה מצה גידולי קרקע - אף מרור גידולי קרקע. ואימא הירדוף? דומיא דמצה, מה מצה מין זרעים - אף מרור מין זרעים. ואימא הרזיפו? דומיא דמצה, מה מצה שניקחת בכסף מעשר - אף מרור שניקח בכסף מעשר. אמר ליה רבה בר רב חנין לאביי: אימא מרור חד? מרורים כתיב - ואימא מרורים תרי? דומיא דמצה, מה מצה מינין הרבה - אף מרור מינין הרבה.']",Pesachim 39a,
"רש""י שם ד""ה 'מאי חסא':","['מאי חסא – מאי טעמא קרינן ליה חסא, משום דזכר הוא דחס רחמנא עלן, אלמא להכי קיימא.']",Rashi on Pesachim 39a:10:1,
"שם קטז ע""א–ע""ב, המשנה השנייה (פ""י מ""ה):","['רבן גמליאל היה אומר: כל שלא אמר שלשה דברים אלו בפסח לא יצא ידי חובתו. ואלו הן: פסח, מצה, ומרור. פסח - על שום שפסח המקום על בתי אבותינו במצרים, [שנאמר ""ואמרתם זבח פסח הוא לה\' אשר פסח"" וגו\'], מצה - על שום שנגאלו אבותינו ממצרים, [שנאמר ""ויאפו את הבצק אשר הוציאו ממצרים"" וגו\'], מרור - על שום שמררו המצריים את חיי אבותינו במצרים, שנאמר [""וימררו את חייהם"" וגו\'].']",,
"רשב""ם שם ד""ה 'בעבור':",['בעבור מצה ומרור הוא דאתא – לכך אני אוכל מצה ומרור זכר למה שעשו לי בצאתי ממצרים. ורב ששת ורב יוסף גזירה שוה לא גמרי.'],,
"נועם אלימלך פרשת בא ד""ה 'על מצות':","['וזהו הפרוש ""על מצות – קרי בה \'מצוות\' – ומרורים יאכלוהו"", דהינו שיעשה מצות שבאים לו בטרח ובקשי במרור.']",,
"תורה תמימה שמות יב, ח הערה סט:","['[ומצות על מרורים יאכלהו - מלמד שהפסח נאכל על השובע ואין מצה ומרור נאכלין על השובע]. כלומר שאחר אכילת מצה ומרור יאכל הפסח, ואם הקריב חגיגה בי""ד אוכל מהן ואח""כ אוכל בשר הפסח. והנה במכילתא הובא בענין זה הפסוק דכתיב בפסח שני (פרשת בהעלתך) על מצות ומרורים יאכלהו, ולשון פסוק זה יותר נאות לענין זה, אבל הרמב""ם בפ""ח ה""ג מקרבן פסח כתב, מצוה מן המובחר לאכול בשר הפסח אכילת שובע, וכן אכילת בשר פסח שני, שנאמר בו על מצות ומרורים יאכלוהו עכ""ל, מבואר מדבריו דמה שקבעה המכילתא דין זה כאן ולא רק בפרשת בהעלותך ש""מ דגם הלשון ומצות על מרורים מורה על כונה זו.']",,
"מורה נבוכים ג, מו (תרגום הרב קאפח):","['אבל הדינים המיוחדים בפסח והם שנאכל צלי אש בלבד, ובבית אחד, ועצם לא תשברו בו, הם כולם טעמם פשוט, כי כשם שהמצה למהירות כך הצלי למהירות, ואין שם שהות לעשות מטעמים ולתקן תבשילין, ואפילו השהייה בשבירת עצמיו והוצאת מה שבהן אסור, כי כבר הזכיר כללו של דבר בכל זה והוא אמרו ואכלתם אותו בחפזון, ואין עם החפזון שהות לשבירת העצם ולא לשגר ממנו מבית לבית ולחכות לשליח עד שיחזור, כי כל אלו מעשה רשלנות והתמהמהות, והיתה המטרה לפעול בחפזון ובמהירות שמא יתאחר אחד ויפסיד את היציאה בקהל בני אדם, ויהיה אפשר להזיקו ולהתנכל לו, ונקבעו אותם המצבים לדורות כדי לזכור היאך היה הדבר, כמו שאמר ושמרת את החקה הזאת למועדה מימים ימימה.']",,
"חידושי הגר""ח פסחים קכ ע""א:","['בענין כזית באכילת מרור: ברא""ש בפ\' ערבי פסחים נסתפק אם צריך כזית באכילת מרור כיון דלא כתיב במרור לשון אכילה עיי""ש ומסיק דכיון דמברכים על אכילת מרור צריך כזית... והנראה בזה דהנה הרמב""ם במנין המצות לא מנה לאכילת מרור למצוה בפ""ע... ומוכח דעל מצות ומרורים תאכלוהו דכתיב אין אכילתם מצוהב פ""ע אלא דעיקר המצוה היא אכילת פסח.']",,
"הערה 20 בחידושי רבינו דוד (הוצאת מכון ירושלים), פסחים לט ע""א:","['וכן פירש במאירי: ובמרור ר""ל כלל כל העשבים המרים... ולא כפירש""י בד""ה \'מררייתא\' שהוא מין מרור מסויים.']",Pesachim 39a,
"ביאור הלכה או""ח תעג, ה ד""ה 'יקח לענה':","['והנה על דבר מ""ש לעיל בענין מרור אם בעינן שתהא ראויה לאכילה, מצאתי כעת בפמ""ג שמסתפק קצת בזה, דאולי יוצא במרור אף שאינה ראויה לאכילה. ולא ראה דברי הראשונים הנ""ל, וגם פשטות הש""ס דבעינן שיהא ניקח בכסף מעשר, וכנ""ל.']",Biur Halacha 473:5:1,
"פסחים קח ע""א–ע""ב:","['ואפילו עני שבישראל לא יאכל עד שיסב. איתמר: מצה - צריך הסיבה, מרור - אין צריך הסיבה. יין, איתמר משמיה דרב נחמן: צריך הסיבה, ואיתמר משמיה דרב נחמן: אין צריך הסיבה. ולא פליגי, הא - בתרתי כסי קמאי, הא - בתרתי כסי בתראי. אמרי לה להאי גיסא, ואמרי לה להאי גיסא. אמרי לה להאי גיסא: תרי כסי קמאי - בעו הסיבה, דהשתא הוא דקא מתחלא לה חירות. תרי כסי בתראי לא בעו הסיבה - מאי דהוה הוה. ואמרי לה להאי גיסא: אדרבה, תרי כסי בתראי בעו הסיבה - ההיא שעתא דקא הויא חירות, תרי כסי קמאי לא בעו הסיבה - דאכתי עבדים היינו קאמר. השתא דאיתמר הכי ואיתמר הכי - אידי ואידי בעו הסיבה.', '[...] ואמר רבי יהושע בן לוי: נשים חייבות בארבעה כוסות הללו, שאף הן היו באותו הנס. אמר רב יהודה אמר שמואל: ארבעה כוסות הללו צריך שיהא בהן כדי מזיגת כוס יפה. שתאן חי - יצא, שתאן בבת אחת - יצא, השקה מהן לבניו ולבני ביתו - יצא. שתאן חי - יצא. אמר רבא: ידי יין יצא, ידי חירות לא יצא. שתאן בבת אחת, רב אמר: ידי יין - יצא, ידי ארבעה כוסות - לא יצא. השקה מהן לבניו ולבני ביתו יצא. אמר רב נחמן בר יצחק: והוא דאשתי רובא דכסא.']",Pesachim 108,
"רש""י שם ד""ה 'בבת אחת', 'ידי יין'.","['בבת אחת – עירה ארבעתן לתוך כוס אחד.', 'ידי יין יצא – ששתה ארבעה כוסות.']",,Rashi on Pesachim 108a
"רשב""ם שם ד""ה 'ידי יין' השני:","['ידי יין יצא – משום שמחת י""ט כדתניא לקמן (דף קט ע""א) ושמחת בחגך במה משמחו ביין.']",,
"תוספות שם ד""ה 'בבת אחת', 'ידי יין'.","['בבת אחת – נראה כפירוש רשב""ם ששתאן רצופין ולא כפירש""י שעירה ארבעתן לתוך כוס אחד דשתאן משמע הרבה כוסות.', 'ידי יין יצא – פי\' ידי שמחת יום טוב דס""ד הואיל ותיקנו ד\' כוסות לא נפיק מידי שמחת יום טוב אלא אם כן יצא ידי ארבעה כוסות.']",,Tosafot on Pesachim 108a
"חידושי הגרי""ז הלכות חמץ ומצה ז, ט:","['והנראה לומר בביאור הדבר דבאמת תרי מילי איכא בהך מצוה דארבע כוסות... דכולהו הנך רבוואתא ס""ל דעיקר המצוה של ד\' כוסות היא בשתיית הכוסות ולא בברכות גרידא. אבל מדברי התוס\' שהביא מקידוש דגם בארבע כוסות שיעור שתייתם היא מלא לוגמיו מבואר דס""ל דד\' כוסות שוין בעיקר דינן לכל כוסות של ברכה... עיקר מצוותן היא הברכות שעל הכוסות ושתייתם היא רק משום דינא דהמברך צריך שיטעום... ותרתי נכללו בהך מצוה של ארבע כוסות, חדא מצות שתיית ארבע כוסות של יין שזהו עצם מעשה הדרך חירות, ושנית דין ארבע כוסות של ברכה שגם זה הוא מעיקר המצוה.']",,
"מדרש רבה שמות ו, ד:","[""והוצאתי אתכם מתחת סבלות מצרים – ד' גאולות יש כאן, והוצאתי והצלתי וגאלתי ולקחתי... וכנגדן תקנו חכמים ד' כוסות בליל פסח.""]",Shemot Rabbah 6:4,
"מהר""ל, גבורות ה' פרק ס:",['ודבר זה הך ארבע כוסות שתקנו חכמים שיהיו באכילה זאת... ויש עם האכילה השתיה שהיא יותר רחוקה מן הגשמי... מחויב שיהיה גם כן הגאולה שמורה עליה האכילה שיש עמה מדריגה יותר עליונה ויותר אלהית.'],,
ספר החינוך מצווה כא (מצוות סיפור יציאת מצרים):,"['וענין המצוה, שיזכור הניסים והענינים שאירעו לאבותינו ביציאת מצרים, ואיך לקח האל יתברך נקמתינו מהן. ואפילו בינו לבין עצמו, אם אין שם אחרים, חייב להוציא הדברים בפיו, כדי שיתעורר לבו בדבר, כי בדבור יתעורר הלב.', 'משרשי מצוה זו, מה שכתוב בקרבן הפסח. ואין מן התימה אם באו לנו מצוות רבות על זה, מצוות עשה ומצוות לא תעשה, כי הוא יסוד גדול ועמוד חזק בתורתנו ובאמונתנו. ועל כן אנו אומרים לעולם בברכותינו ובתפלותינו זכר ליציאת מצרים, לפי שהוא לנו אות ומופת גמור בחידוש העולם, וכי יש אלוה קדמון חפץ ויכול, פועל כל הנמצאות אל היש שהם עליו, ובידו לשנותם אל היש שיחפוץ בכל זמן מן הזמנים, כמו שעשה במצרים ששינה טבעי העולם בשבילנו, ועשה לנו אותות מחודשים גדולים ועצומים, הלא זה משתק כל כופר בחידוש העולם, ומקיים האמונה בידיעת השם יתברך, וכי השגחתו ויכלתו בכללים ובפרטים כולם.']",,Sefer HaChinukh 21
"חידושי הגר""ח פסחים קטז ע""א:","['והגדת לבנך: בכל לילה יש מצוה של זכירת יציאת מצרים וא""כ מה נתוסף בליל פסח במצות ספור יציאת מצרים שאין בזכירה של כל השנה? ונראה לומר שיש ג\' חילוקים בין המצוה של זכירת יציאת מצרים להמצוה של ספור יציאת מצרים: א) לקיים מצות זכירה אין צריך להזכיר אלא לעצמו... ב)... סגי בזכירת יציאת מצרים לחוד ג) מצוה לספר טעמי המצוות של אותו הלילה']",,
מנחת חינוך מצווה כא אות א:,"['והנה לכאורה צ""ע על הר""מ [כאן ה""א ובספר המצות עשה קנז] דמונה המצוה לספר בליל ט""ו, מאי מעליותא דליל זה מכל הלילות, הא מצוה להזכיר יציאת מצרים בכל יום ובכל לילה, עיין ברכות יב ע""ב, מזכירין יציאת מצרים בלילות, אף דלכאורה חכמים פליגי, מ""מ רוב הפוסקים והר""מ מכללם בפ""א מהלכות קריאת שמע ה""ג פסקו כבן זומא דמצוה להזכיר יציאת מצרים ביום ובלילה, שנאמר למען תזכור את יום צאתך מארץ מצרים כל ימי חייך, עי""ש, וזכירת יציאת מצרים ביום ובלילה הוא מדאורייתא, עיין ברכות כא ע""א, ספק אמר אמת ויציב חוזר וקורא דיציאת מצרים דאורייתא אף למאן דסובר קריאת שמע דרבנן, א""כ מאי נתוסף בליל ט""ו, ועיין פרי חדש הל\' קריאת שמע [סי\' סז] האריך בענינים אלו.', 'וגם אין לומר דתמיד די בהרהור דכתיב תזכור, עיין מגלה [יח ע""א, זכור יכול בלב וכו\'], וכאן דכתיב והגדת צריך הגדה בפה, זה אינו, עיין שו""ת שאגת אריה הל\' הזכרת יציאת מצרים [סי\' יג] האריך לברר שאינו יוצא ידי חובתו בהרהור. ולומר דבכל יום די בהזכרת יציאת מצרים לחוד בלא סיפור, וכאן צריך סיפור הנסים ונפלאות שעשה עמנו השם יתברך, כנראה מהר""מ והרב המחבר כאן ומס\' פסחים [קטז ע""ב], עי""ש, דאפשר דגם בליל פסח יוצא בהזכרה לחוד, ועיין פרי חדש סי\' תעג [אות ו ד""ה ויאמר], דבהזכרת יציאת מצרים בקידוש יצא, ועיין ר""ן [פסחים כה ע""ב מדפי הרי""ף], שכתב דכל שלא אמר שלשה דברים אלו בפסח לא יצא ידי חובתו, היינו מן המובחר כראוי, וראיה מסוכה כח ע""א, אבל יצא ידי חובתו מן התורה.', 'ולפי מה שכתבנו אפשר לומר, דתמיד המצוה להזכיר בפני עצמו ולא להגיד לבנו, וכאן המצוה לספר לבנו, אבל אם אין עמו אחר המצוה להזכיר בעצמו שוה לשאר הלילות. אך כיון דעיקר מצוה המחודשת לספר לאחר, אם כן למה הביא הר""מ פסוק זה דזכור, תיפוק ליה דחייב כמו בכל הלילות מפסוק למען תזכור, כמו שדרשו בש""ס ברכות שם מפסוק זה, ומביאו הוא בעצמו בהל\' קריאת שמע כמו שהבאנו, עי""ש. ואפשר לומר כיון דזכירת יציאת מצרים בלילות, לא דרשינן אלא מריבויא דכל, אם כן לא הוי אלא מדרשה, וחל שבועה עליו אם נשבע שלא יזכור או שיזכור, אבל בליל ט""ו היא עשה מפורשת במנין תרי""ג, אם כן אין שבועה חלה אלא בכולל, ובשאר לילות כיון דהוי מריבויא דכל הוי כמו חצי שיעור וחלה שבועה. עיין ר""מ פ""ה משבועות ה""ז ותוס\' סוגיא דכולל [שבועות כג ע""ב ד""ה דמוקי], והובא כמה פעמים בחיבור זה.', 'אך באמת לפי זה זכירת יציאת מצרים ביום הוי עשה, ולא מצאתי לר""מ והרב המחבר ומוני המצות שימנו זכירת יציאת מצרים למצות עשה בשום פעם, עיין הל\' קריאת שמע [פ""א ה""ג] כלל יציאת מצרים במצות עשה דקריאת שמע, רק ליל ט""ו מנאה למצוה בפני עצמה, וצ""ע למה, כיון דילפינן מקרא למה לא נמנה למצוה ככל המצוות. ומצאתי בפרי מגדים בפתיחה הכוללת הל\' קריאת שמע [אות ד] כתב ככל מה שכתבנו, וגם בצל""ח ברכות [יב ע""ב ד""ה מזכירין] הקשה זה, דלמה לא מנו מוני המצות זכירת יציאת מצרים בכל יום למצות עשה בפני עצמה, וכתב דנפקא מפסוק למען תזכור ולא נאמר בלשון ציווי זכור, אלא קאי אדלעיל לאכול פסח ומצה שעל ידי זה תזכור, אף דממילא שמעינן דמצוה לזכור מכל מקום אין נמנה למצוה בפני עצמה, עי""ש. ולכאורה קשה, למה לא נפקא להו לרבותינו מפסוק זה בפרשה דכתיב זכור את היום והוא בדרך ציווי, וצריך לומר דקים להו דפסוק זה מיירי בליל ט""ו, כמבואר כאן בר""מ ובמכילתא [דרשב""י שמות יג, ג], ואין המכילתא תחת ידי.']",,Minchat Chinuch 21
"ויקרא כג, ט–כב:","[""וַיְדַבֵּר ה' אֶל מֹשֶׁה לֵּאמֹר: דַּבֵּר אֶל בְּנֵי יִשְׂרָאֵל וְאָמַרְתָּ אֲלֵהֶם כִּי תָבֹאוּ אֶל הָאָרֶץ אֲשֶׁר אֲנִי נֹתֵן לָכֶם וּקְצַרְתֶּם אֶת קְצִירָהּ וַהֲבֵאתֶם אֶת עֹמֶר רֵאשִׁית קְצִירְכֶם אֶל הַכֹּהֵן: וְהֵנִיף אֶת הָעֹמֶר לִפְנֵי ה' לִרְצֹנְכֶם מִמָּחֳרַת הַשַּׁבָּת יְנִיפֶנּוּ הַכֹּהֵן: וַעֲשִׂיתֶם בְּיוֹם הֲנִיפְכֶם אֶת הָעֹמֶר כֶּבֶשׂ תָּמִים בֶּן שְׁנָתוֹ לְעֹלָה לַה': וּמִנְחָתוֹ שְׁנֵי עֶשְׂרֹנִים סֹלֶת בְּלוּלָה בַשֶּׁמֶן אִשֶּׁה לַה' רֵיחַ נִיחֹחַ וְנִסְכֹּה יַיִן רְבִיעִת הַהִין: וְלֶחֶם וְקָלִי וְכַרְמֶל לֹא תֹאכְלוּ עַד עֶצֶם הַיּוֹם הַזֶּה עַד הֲבִיאֲכֶם אֶת קָרְבַּן אֱלֹהֵיכֶם חֻקַּת עוֹלָם לְדֹרֹתֵיכֶם בְּכֹל מֹשְׁבֹתֵיכֶם:"", ""וּסְפַרְתֶּם לָכֶם מִמָּחֳרַת הַשַּׁבָּת מִיּוֹם הֲבִיאֲכֶם אֶת עֹמֶר הַתְּנוּפָה שֶׁבַע שַׁבָּתוֹת תְּמִימֹת תִּהְיֶינָה: עַד מִמָּחֳרַת הַשַּׁבָּת הַשְּׁבִיעִת תִּסְפְּרוּ חֲמִשִּׁים יוֹם וְהִקְרַבְתֶּם מִנְחָה חֲדָשָׁה לַה': מִמּוֹשְׁבֹתֵיכֶם תָּבִיאּוּ לֶחֶם תְּנוּפָה שְׁתַּיִם שְׁנֵי עֶשְׂרֹנִים סֹלֶת תִּהְיֶינָה חָמֵץ תֵּאָפֶינָה בִּכּוּרִים לַה': וְהִקְרַבְתֶּם עַל הַלֶּחֶם שִׁבְעַת כְּבָשִׂים תְּמִימִם בְּנֵי שָׁנָה וּפַר בֶּן בָּקָר אֶחָד וְאֵילִם שְׁנָיִם יִהְיוּ עֹלָה לַה' וּמִנְחָתָם וְנִסְכֵּיהֶם אִשֵּׁה רֵיחַ נִיחֹחַ לַה': וַעֲשִׂיתֶם שְׂעִיר עִזִּים אֶחָד לְחַטָּאת וּשְׁנֵי כְבָשִׂים בְּנֵי שָׁנָה לְזֶבַח שְׁלָמִים: וְהֵנִיף הַכֹּהֵן אֹתָם עַל לֶחֶם הַבִּכֻּרִים תְּנוּפָה לִפְנֵי ה' עַל שְׁנֵי כְּבָשִׂים קֹדֶשׁ יִהְיוּ לַה' לַכֹּהֵן: וּקְרָאתֶם בְּעֶצֶם הַיּוֹם הַזֶּה מִקְרָא קֹדֶשׁ יִהְיֶה לָכֶם כָּל מְלֶאכֶת עֲבֹדָה לֹא תַעֲשׂוּ חֻקַּת עוֹלָם בְּכָל מוֹשְׁבֹתֵיכֶם לְדֹרֹתֵיכֶם: וּבְקֻצְרְכֶם אֶת קְצִיר אַרְצְכֶם לֹא תְכַלֶּה פְּאַת שָׂדְךָ בְּקֻצְרֶךָ וְלֶקֶט קְצִירְךָ לֹא תְלַקֵּט לֶעָנִי וְלַגֵּר תַּעֲזֹב אֹתָם אֲנִי ה' אֱלֹהֵיכֶם:""]",Leviticus 23:9-22,
"דברים טז, ט–יב, טז–יז:","[""שִׁבְעָה שָׁבֻעֹת תִּסְפָּר לָךְ מֵהָחֵל חֶרְמֵשׁ בַּקָּמָה תָּחֵל לִסְפֹּר שִׁבְעָה שָׁבֻעוֹת: וְעָשִׂיתָ חַג שָׁבֻעוֹת לַה' אֱלֹהֶיךָ מִסַּת נִדְבַת יָדְךָ אֲשֶׁר תִּתֵּן כַּאֲשֶׁר יְבָרֶכְךָ ה' אֱלֹהֶיךָ: וְשָׂמַחְתָּ לִפְנֵי ה' אֱלֹהֶיךָ אַתָּה וּבִנְךָ וּבִתֶּךָ וְעַבְדְּךָ וַאֲמָתֶךָ וְהַלֵּוִי אֲשֶׁר בִּשְׁעָרֶיךָ וְהַגֵּר וְהַיָּתוֹם וְהָאַלְמָנָה אֲשֶׁר בְּקִרְבֶּךָ בַּמָּקוֹם אֲשֶׁר יִבְחַר ה' אֱלֹהֶיךָ לְשַׁכֵּן שְׁמוֹ שָׁם: וְזָכַרְתָּ כִּי עֶבֶד הָיִיתָ בְּמִצְרָיִם וְשָׁמַרְתָּ וְעָשִׂיתָ אֶת הַחֻקִּים הָאֵלֶּה: [...]"", ""שָׁלוֹשׁ פְּעָמִים בַּשָּׁנָה יֵרָאֶה כָל זְכוּרְךָ אֶת פְּנֵי ה' אֱלֹהֶיךָ בַּמָּקוֹם אֲשֶׁר יִבְחָר בְּחַג הַמַּצּוֹת וּבְחַג הַשָּׁבֻעוֹת וּבְחַג הַסֻּכּוֹת וְלֹא יֵרָאֶה אֶת פְּנֵי ה' רֵיקָם: אִישׁ כְּמַתְּנַת יָדוֹ כְּבִרְכַּת ה' אֱלֹהֶיךָ אֲשֶׁר נָתַן לָךְ:""]",,Deuteronomy 16:9-12
"ספורנו ויקרא כג, ח:","['...אבל בשאר המועדות ייחד לכל מועד דבור לעצמו והתחיל דבור חג השבועות מן העומר כי מאז מתחיל קציר בעומר וספירת השבועות שהם מענין החג הנקרא חג קציר (שמות כג, טז) וחג השבועות (שם לד, כד) שבו נתן הודאה לאל יתברך על שבועות חקות קציר ששמר לנו כי אמנם מכוונות הרגלים הם התפלה וההודאה כמו במועד חדש האביב התפלה לאל על האביב וההודאה על החירות. ובהיות כי הצלחת הקציר תהיה כפי מזג הזמן מתחלת האביב עד הקציר כאמרו שבועות חקות קציר ישמר לנו (ירמיה ה, כד) היה העומר הודאה על האביב כמקריב ביכורי השדה לבעלים והיה הקרבן עמו לתפלה על העתיד והיתה הספירה זכרון לתפלת יום יום והיה חג הקציר הודאה על טוב הקציר וחג האסיף על טוב האסיף.']",Leviticus 23:8,
ספר החינוך מצווה שב (מצוות קרבן העומר של שעורים ביום שני של פסח):,"[""שנקריב ביום שני של פסח, יתר על המוסף של שאר ימי הפסח, כבש בן שנתו לעולה ועומר אחד של שעורים הנקרא עומר התנופה, שנאמר כי תבואו אל הארץ וגו' והבאתם את עומר ראשית קצירכם אל הכהן והניף את העומר וגו' ממחרת השבת. ותרגומו מבתר יומא טבא, כלומר ביום שני של פסח, שהרי בפסח איירי בפרשה שלמעלה מזה, ונאמר שם ועשיתם ביום הניפכם את העומר כבש תמים בן שנתו וגו'."", ""וקרבן זה של עומר נקרא מנחת ביכורים, ואליה הוא הרמז באמרו יתברך (ויקרא ב, יד) ואם תקריב מנחת בכורים לה' אביב קלוי באש וגו'. ולשון מכילתא, כל אם ואם שבתורה רשות חוץ משלשה שהם חובה, וזה אחד מהם. ואמרו שם, אתה אומר חובה או אינו אלא רשות, תלמוד לומר (שם) תקריב את מנחת בכוריך, חובה ולא רשות."", 'וענין המנחה כן, שהיו מביאין שלשה סאין שעורין ומוציאין מן הכל עשרון אחד שהוא מנופה בשלש עשרה נפה, והשאר נפדה ונאכל לכל אדם, וחייב בחלה ופטור מן המעשרות. ולוקחין זה העשרון של סולת השעורים ובוללין אותו בלוג שמן, ונותנין עליו קומץ לבונה כשאר המנחות, ומניפו הכהן במזרח מוליך ומביא מעלה ומוריד, ומגישו כנגד חודה של קרן מערבית דרומית כשאר המנחות, וקומץ ומקטיר, והשאר נאכל לכהנים כשיירי כל המנחות.', 'משרשי המצוה, כדי שנתבונן מתוך המעשה החסד הגדול שעושה השם ברוך הוא עם בריותיו לחדש להם שנה שנה תבואה למחיה, לכן ראוי לנו שנקריב לו ברוך הוא ממנה, למען נזכור חסדו וטובו הגדול טרם נהנה ממנה, ומתוך שנהיה ראויין לברכה בהכשר מעשינו לפניו תתברך תבואתינו ויושלם חפץ השם בנו, שחפץ מרוב טובו בברכת בריותיו. ונצטוינו בזה בשני של פסח ולא בראשון, כדי שלא נערב שמחה בשמחה, כי הראשון נכון לזכר הנס הגדול שהוציאנו ברוך הוא מעבדות לחירות, מיגון לשמחה.']",,Sefer HaChinukh 302
שם מצווה שו (מצוות ספירת העומר):,"[""משרשי המצוה על צד הפשט, לפי שכל עיקרן של ישראל אינו אלא התורה, ומפני התורה נבראו שמים וארץ וישראל, וכמו שכתוב (ירמיהו לג, כה) אם לא בריתי יומם ולילה וגו'. והיא העיקר והסיבה שנגאלו ויצאו ממצרים כדי שיקבלו התורה בסיני ויקיימוה, וכמו שאמר השם למשה (שמות ג, יב) וזה לך האות כי אנכי שלחתיך בהוציאך את העם ממצרים תעבדון את האלהים על ההר הזה, ופירוש הפסוק כלומר, הוציאך אותם ממצרים יהיה לך אות שתעבדון את האלהים על ההר הזה, כלומר שתקבלו התורה שהיא העיקר הגדול שבשביל זה הם נגאלים והיא תכלית הטובה שלהם. וענין גדול הוא להם, יותר מן החירות מעבדות, ולכן יעשה השם למשה אות צאתם מעבדות לקבלת התורה, כי הטפל עושין אות לעולם אל העיקר."", 'ומפני כן, כי היא כל עיקרן של ישראל ובעבורה נגאלו ועלו לכל הגדולה שעלו אליה, נצטוינו למנות ממחרת יום טוב של פסח עד יום נתינת התורה, להראות בנפשנו החפץ הגדול אל היום הנכבד הנכסף ללבנו, כעבד ישאף צל, וימנה תמיד מתי יבוא העת הנכסף אליו שיצא לחירות, כי המנין מראה לאדם כי כל ישעו וכל חפצו להגיע אל הזמן ההוא.']",,Sefer HaChinukh 306
שם מצווה שז (מצוות קרבן מנחה חדשה מן החטים ביום עצרת):,"[""משרשי המצוה, כתבתי במצות העומר, י' שבסדר זה, מה שמספיק גם לשתי הלחם על צד הפשט. ועוד אומר לי לבי בענין, כי מפני זה היתה המצוה בחטים להיות המנחה בככרות של לחם, ובמנחת שעורים בקמח, לפי שהחטים למאכל אדם ועל כן ראוי להכינם בענין שהאדם נהנה וניזון מהם. וכל זה מן השורש אשר נטענו בתחילה בענין הקרבן על צד הפשט, כי מתוך המעשה תתעורר מחשבת האדם אל הדברים, ועל כן כפי חשיבות הקרבן והכנתו הטובה, לב אדם מתעורר עליו יותר.""]",,Sefer HaChinukh 307
שם מצווה שט (שלא לעשות מלאכה ביום חג השבועות):,"['וביום החמשים זה, שהיה יום שניתנה בו תורה הוא חג העצרת, ונקרא גם כן חג השבועות. וכתוב בסוף הפרשה על זה היום הנכבד, כל מלאכת עבודה לא תעשו. כבר כתבנו כי מלאכת עבודה נקראת כל מלאכה שאינה צורך אוכל נפש.', 'שורש מצות המועד הזה רמוז במצות ספירת העומר שבסדר זה, י""א, וקחנו משם.']",,Sefer HaChinukh 309
"ליקוטי תורה לרש""ז מלאדי, אמור לה ע""ג–ע""ד (ד""ה 'וספרתם לכם' אות ג):","['והנה כל הנ""ל שהוא בחינת רצוא, יציאת מצרים, אינו אלא לנפש האלקית בלבד... וכדי לקבל את התורה שהוא גילוי רצונו ית\' כביכול למטה, הוצרך להיות מקודם בחינת ביטול נפש הבהמית גם כן והיינו על ידי הנפת העומר וספירת העומר... כי הנה העומר הוא מן השעורים שהוא מאכל בהמה... וזהו יניפנו הכהן שהוא בחינת חסד העליון העלה את בחינת בהמה רבה הנ""ל על ידי עומר השעורה.']",,
"פירוש המשנה לרמב""ם מנחות ו, ו:","[""כבר בארנו בתחלת מסכתא זו כי העשרון הוא העומר והוא עשירית האפה ובארנו שעורו ושעור הלוג. ודע כי האפה יש בה שלש סאין, והסאה עשרים וארבעה לוגין. אמר שלוקחין שלש סאין שעורים וטוחנין אותן, ולא יחדל מלנפות אותו הטחון פעם אחר פעם עד שיזקק ממנו עשרון סלת, וטעם הדבר מפני שהוא שעורים מן החדש סמוך לקצירתו לפי שליל קצירתו הוא ליל טחינתו כמו שיתבאר בעשירי דמסכת זו, ולפיכך סלתו מועט וכולו קמח, ולא יצא עשרון מובחר מפחות משעור זה. והראיה שהוא מן השעורים אמרו ראשית קצירכם, וידוע כי השעורים מבשילים לפני החטים. אבל שתי הלחם מפני שהם מן החטים סלתן יותר אלא שגם זה חטה חדשה והוא ראשית הבשלת החטים כמו שבאר הכתוב והוא אמרו ועשית חג שבועות לה' אלהיך וכו', ואמר בכורי קציר חטים, ולפיכך מנפה שני העשרונות משלש סאין. אבל לחם הפנים שהוא מחטים שעבר זמן משנקצרו וכבר נתיבש היטב ולפיכך סלתו מרובה בלי ספק, ומנפין ממנו עשרון מסאה. ולשון התורה בלחם הפנים שתים עשרה חלות שני עשרונים יהיה החלה האחת.""]",,
"משנה כלים א, ו:","['עשר קדושות הן. ארץ ישראל מקודשת מכל הארצות, ומה היא קדושתה, שמביאים ממנה העומר והבכורים ושתי הלחם, מה שאין מביאים כן מכל הארצות.']",Mishnah Kelim 1:6,
"אליהו רבה שם ד""ה 'והבכורים':","['בכורים לאו משום קדושת ארץ ישראל, אלא שהיא חובת הארץ ואינה נוהגת אלא בארץ ישראל. אלא עומר ושתי הלחם, מה שאין מביאן אותה אלא מא""י היא משום קדושת א""י.']",,
מנחת חינוך מצווה שב אות ז:,"['והנה הר""מ כאן בהי""ג כתב, דאסור לקצור קודם קצירת העומר, דהיינו בליל ט""ז אחר הקצירה שרי לקצור, ובכסף משנה תמה וכתב דמש""ס דמנחות מבואר דקודם הבאת העומר אסור לקצור, עי""ש, ועיין לחם משנה וברכת הזבח [בחידושים שם סז ע""ב ושם ע ע""ב תוס\' ד""ה מאי], ותוס\' יו""ט פרק קמא דחלה מ""א, כולם השיגו עליו דקצירה שרי לכולי עלמא אחר קצירת העומר, רק לענין אכילת החדש אסור קודם הבאה, עי""ש ובש""ס שם ע ע""ב ותוס\' ד""ה מאי, ובגירסתם. ונראה לי פשוט כיון דהא דאסור לקצור לפני העומר הוא מקרא והבאתם את עומר ראשית קצירכם וגו\', דהיינו דהעומר יהי\' ראשית לנקצרים, א""כ כיון דפסקו הר""מ והרב המחבר דנקצר העומר שלא בזמנו כשר אפילו קודם ליל ט""ז כמבואר לקמן [ מצוה שג אות ד], נראה לי פשוט דאם קצרו העומר קודם, וכגון שהיו יודעים שלא יוכלו לקצור בליל ט""ז מאיזה סיבה, תיכף שקצר העומר מותר לקצור כל התבואות, דהעיקר הוא דהעומר יהיה ראשית הקציר, והרי נקצר ומותר לקצור אחר כך, כן נראה לי פשוט.']",,Minchat Chinuch 302
שם אות טז:,"['ונראה לי פשוט לשיטת התוס\' [הנ""ל באות ט] דנקצר ביום פסול, א""כ אם לא קצר העומר בלילה, דאם לא יביא העומר תיכף שהאיר השחר הותר לקצור בשדה, ואינו תלוי בחדש אם נאמר דכל היום אסור חדש כמבואר לקמן [מצוה שג], מ""מ הקצירה אינה תלויה בהבאה כמבואר לעיל [אות ז], אך העומר צריך להיות ראש לכל הנקצרים, א""כ כיון דלא נקצר העומר מותר לקצור כיון דודאי לא יביאו עומר כיון דלא קצרו בלילה. ולשיטת הר""מ [הנ""ל שם] דנקצר ביום כשר, בודאי אסור לקצור אף ביום קודם שיקצרו העומר, ולא אמרינן דזמן הקצירה יתיר הקצירה, כמו דיום הנף מתיר חדש אף בלא עומר, דשם יש פסוקים עד הביאכם כו\' אבל כאן כל זמן שלא נקצר אסור לקצור, דהעשה יוצא מכלל העשה דראשית קצירכם וצריך להיות העומר ראשית הקציר, כן נראה לי פשוט.']",,Minchat Chinuch 302
שם מצווה שג אות ג:,"['והנה במשנה מנחות שם מבואר דבזמן העומר העומר מתיר, ובגמרא סברי רב ושמואל בזמן שבית המקדש קיים עומר מתיר ובזמן שאין בית המקדש קיים האיר המזרח מתיר, מאי טעמא דתרי קראי כתיבי כתיב עד יום הביאכם וכתיב עד עצם היום הזה, הא כיצד בזמן שאין בית המקדש קיים עד עצם וכו\', ובזמן המקדש עד הביאכם וכו\', ראינו דאף דגזירת הכתוב דהאיר המזרח מתיר, מכל מקום אם יש עומר ממשיך איסורו יותר. וא""כ לפי זה אפשר לומר לדידן דבזמן שאין המקדש קיים דאסור כל יום הנף ותחילת ליל י""ז מתיר, ובזמן המקדש היה מותר ביום הנף עצמו, אפשר לומר דגזירת הכתוב דוקא בזמן שאין מקדש תחלת י""ז מתיר, אבל בזמן המקדש תלוי דוקא בעומר, ואם לא הביאו עומר אפשר דאסורה התבואה כל השנה עד שיביאו עומר הבא, דגזירת הכתוב כן הוא דבזמן המקדש אין חדש ניתר רק בביאת העומר ואין תלוי ביום כלל. וכן לרב ושמואל בזמן שאין מקדש האיר המזרח מתיר, ובזמן שיש עומר אין תלוי ביום כלל רק בהבאת העומר ואסור כל השנה. ולא מצאתי כעת גילוי לזה מהש""ס דאם בזמן הבית נתעצלו או שגגו ולא הקריבו עומר דיהיה החדש ניתר [בליל י""ז] כמו בזמן הזה, אדרבה מתורת כהנים שהבאתי לעיל [מצוה שב אות טו] דמבואר דאין כופין את הציבור להביא עומר דכתיב לרצונכם, וכתבתי בשם הזית רענן הטעם כיון דבא להתיר חדש לא יתרשלו מלהביא כמו חייבי חטאות כיון דלכפרה אינו מתעצל. ולכאורה אין הדמיון עולה, כי זה העומר בא להתיר חדש שעה או שתי שעות קודם הלילה, ותיכף בלילה מותר, אם כן אין דבר הכרח כל כך, אלא אם נאמר דבלא יביאו עומר יהיה איסור חדש נמשך כל השנה ניחא, דודאי לא יתרשלו כדי להתיר להם התבואה כל השנה.']",,Minchat Chinuch 303
שם מצווה שז אות ו:,"['והנה הא דאסור להקריב חדש במקדש קודם לשתי הלחם, עיין בספר טורי אבן בראש השנה ז ע""ב [ד""ה מידי דתלי] שמסתפק אי לא הקריבו השתי לחם בעצרת, אי היום מתיר כמו חדש להדיוט דאי לא הקריבו העומר יום הנף מתיר הכא נמי, או דלמא דשם איכא תרי קראי עד יום הביאכם וגו\' ועד עצם היום הזה, אבל כאן אפשר דאין היום מתיר, ואם לא הביאו שתי לחם אסור בשנה זו להקריב מנחות ואין היום מתיר.']",,Minchat Chinuch 307
"ערוך השולחן או""ח תפט, ב–ג:","['(ב) רוב הפוסקים הסכימו דספירה דבזמן הזה אינו אלא דרבנן שהרי עכשיו ליכא עומר והספירה שבתורה הוא למנות מן קרבן עומר עד קרבן של שתי הלחם ועכשיו לא שייך זה (ר""ן שם) וכן משמע במנחות (סו ע""א) שאומר אמימר מני יומי ולא מני שבוע אמר זכר למקדש הוא ופירש""י (ד""ה אמימר) האי מניינא דהשתא לאו חובה הוא דהא ליכא עומר אלא זכר למקדש וכו\' עכ""ל ובהגדה אמרו בשעה שאמר להם משה תעבדון את אלקים על ההר הזה אמרו לו ישראל משה רבינו אימתי עבודה זו אמר להם לסוף נ\' יום והיו מונין כל אחד ואחד לעצמו מכאן קבעו חכמים לספירת העומר כלומר בזמן הזה שאין אנו מביאין קרבן ולא עומר אלא מחשבין נ\' יום לשמחת התורה כמו שמנו ישראל באותו זמן וזהו דרך דרש דעיקרא דמילתא הוא שזהו זכר למקדש אבל מ""מ כל זה מוכיח שאין הספירה עכשיו אלא מדרבנן (ר""ן שם).', '(ג) אבל לא כן דעת הרמב""ם בפ""ז מתמידין דין כב וז""ל מצות עשה לספור שבע שבתות תמימות מיום הבאת העומר וכו\' ומצוה זו על כל איש מישראל בכל מקום ובכל זמן ונשים ועבדים פטורין ממנה עכ""ל הרי שכתב שהיא מצות עשה בכל מקום ובכל זמן והוא מפרש בגמ\' שם דפליגי אמוראי בזה דאמימר דמני יומי ולא שבוע ס""ל דזהו מדרבנן זכר למקדש ואביי ורבנן דבי רב אשי דאמרי מצוה למימני יומי ומצוה למימני שבוע כמו שאנו עושים סברי דהוה דאורייתא (כ""מ) ופסק כרבים ואף על גב דעתה אין קרבן י""ל דעיקר הספירה הוא למתן תורה כמו שמנו ישראל מקודם לפי המדרש שהבאנו אך הקדוש ברוך הוא צוה להביא קרבנות בתחלת המניין מעומר שעורים ובסופו מחטים להורות דבלתי התורה אנחנו כבהמות נדמה שמאכלן שעורים כמו שאמרו בסוטה (טו ע""ב) שקרבן סוטה הוא מן השעורים היא עשתה מעשי בהמה לפיכך קרבנה מאכל בהמה ע""ש וכשקבלו התורה הוי דמות אדם להנה ולכן קרבנם מן החטים מאכל אדם ולכן צותה התורה למנות להקרבן אבל עיקר הכוונה הוא למתן תורה ולכן המצוה גם בזמן הזה (כנלע""ד).']","Arukh HaShulchan, Orach Chaim 489:2-3",
"טור או""ח תצג:","['נוהגין בכל המקומות שלא לישא אשה בין פסח לעצרת, והטעם שלא להרבות בשמחה שבאותו זמן מתו תלמידי ר""ע. וכתב הר""י גיאת דוקא נישואין שהוא עיקר שמחה, אבל לארס ולקדש שפיר דמי, ונישואין נמי מי שקפץ וכנס אין עונשין אותו אבל אם בא לעשות בתחלה אין מורין לו לעשות כך. וכזה הורו הגאוני\'. ויש מקומות שנהגו שלא להסתפר, ויש מסתפרי\' מל""ג בעומר ואילך, שאומרים שאז פסקו מלמות. מצאתי כתוב מנהג שלא לעשות מלאכה מפסח ועד עצרת משקיעת החמה עד שחרית משום תלמידי רבי עקיבא שמתו סמוך לשקיעת החמה ונקברו אחר שקיעת החמה והיה העם בטלין ממלאכה על כן גזרו שלא לעשות שמחה בינתיים. ונהגו הנשים שלא לעשות מלאכה משתשקע החמה ועוד שאנו סופרים העומר אחר שקיעת החמה. וכתיב שבע שבתות תמימות תהיינה, מלשון שבות ולשון שמיטה, שבע שבתות. וכתיב וספרת לך שבע שבתות שנים. מכאן שהספירה כבית דין, מה שנת השמיטה אסור במלאכה אף זמן ספירת העומר דהיינו לאחר שקיעת החמה אסור במלאכה.']","Tur, Orach Chayim 493",
"חק יעקב על שו""ע או""ח תצג, ג:","['וברי""ו כתב עוד שני טעמים. א\' לפי שמשפט רשעים בגיהנם לרבי יוחנן בן נורי מפסח ועד עצרת... ועוד שהם ימי דין על התבואה שלכך העומר בא מן השעורים.']","Shulchan Arukh, Orach Chayim 493:3",
"ליקוטי תורה לרש""ז מלאדי שם:","['ועל ידי זה אח""כ על ידי ספירת העומר היו המשכות מקיפים מלמעלה למטה לעומר... כדי שיהיה ביטול הרצון מנפש הבהמית ג""כ דוקא. וזהו לרצונכם, כדי שיהיה ביטול הרצון שלכם.']",,
"ערוך השולחן או""ח תצד, ג:","[""בליל שבועות אין מקדשין על הכוס עד שתהא לילה ממש, משום תמימות, כלומר שהספירה תושלם בתמימות. והחסידים הקדמונים היו נעורים כל הלילה כדאיתא בזוהר, וגם עתה הרבה עושין כן, ובבוקר הולכים למקוה, והכל זכר למתן תורה. ולעניין ברכת התורה נתבאר בסי' מז. ובליל טבילה לא ימנע העונה.""]","Arukh HaShulchan, Orach Chaim 494:3",
"פרי חדש או""ח תקפג, ב:","['אבל מהר""ם היה רגיל לישן [בראש השנה. ז.ה.] כמו בשאר י""ט.']",,
"מגילה ל ע""ב, המשנה (פ""ג מ""ה):","['בפסח קורין בפרשת מועדות של תורת כהנים, בעצרת שבעה שבועות, בראש השנה בחדש השביעי באחד לחדש, ביום הכפורים אחרי מות, ביום טוב הראשון של חג קורין בפרשת מועדות שבתורת כהנים, ובשאר כל ימות החג בקרבנות החג.']",Megillah 30b,
"שם לא ע""א:","['בעצרת שבעה שבועות, ומפטירין בחבקוק. אחרים אומרים: בחדש השלישי, ומפטירין במרכבה. והאידנא דאיכא תרי יומי עבדינן כתרוייהו, ואיפכא.']",Megillah 31a,